word_count,sentence_count,avg_sentence_len,legal_density,char_count,unique_words,lexical_richness,year,cohort,outcome
4008,229,17.59,0.2994,23779,1026,0.2685,1990,A_1990_2000,0
13796,552,25.03,0.0942,82808,2296,0.1785,1990,A_1990_2000,1
8167,301,27.12,0.2204,46679,1514,0.1959,1990,A_1990_2000,1
4530,220,20.5,0.1987,26406,1128,0.2625,1990,A_1990_2000,1
20716,745,27.55,0.0965,123362,2907,0.15,1990,A_1990_2000,0
4270,231,18.43,0.2576,24837,1158,0.2852,1990,A_1990_2000,0
6734,247,27.25,0.1782,40454,1304,0.2054,1990,A_1990_2000,0
3457,200,17.06,0.405,20610,1026,0.313,1990,A_1990_2000,1
1769,105,16.71,0.3392,10568,545,0.3233,1990,A_1990_2000,1
2509,122,20.57,0.3587,14828,786,0.3316,1990,A_1990_2000,1
1403,60,23.27,0.4989,8247,523,0.3892,1990,A_1990_2000,0
2807,142,19.76,0.3919,16527,773,0.2875,1990,A_1990_2000,0
12506,573,21.71,0.104,71340,2197,0.1848,1990,A_1990_2000,1
3967,135,29.32,0.3025,24106,916,0.2458,1990,A_1990_2000,0
4861,183,26.49,0.1851,28823,1278,0.2806,1990,A_1990_2000,1
2437,119,20.38,0.2872,14336,758,0.3332,1990,A_1990_2000,1
6784,350,19.31,0.1474,40000,1336,0.208,1990,A_1990_2000,0
6625,286,23.16,0.1057,38898,1384,0.2199,1990,A_1990_2000,1
11268,450,25.12,0.1154,64370,2047,0.192,1990,A_1990_2000,1
3101,157,19.78,0.3225,18258,877,0.2989,1990,A_1990_2000,0
1526,79,19.28,0.5898,9367,494,0.3467,1990,A_1990_2000,0
681,44,15.05,0.7342,4307,288,0.4508,1990,A_1990_2000,1
2637,197,13.24,0.3034,15193,777,0.3072,1990,A_1990_2000,1
4666,226,20.62,0.2357,27615,1155,0.2634,1990,A_1990_2000,1
2630,110,23.75,0.4563,15474,775,0.3106,1990,A_1990_2000,0
3693,187,19.58,0.2166,21799,1119,0.3149,1990,A_1990_2000,1
4193,224,18.71,0.2146,24178,1060,0.2645,1990,A_1990_2000,1
3270,159,20.52,0.4281,18942,827,0.2703,1990,A_1990_2000,1
3465,169,20.47,0.202,20187,869,0.2615,1990,A_1990_2000,1
85219,3833,22.15,0.027,508889,8912,0.1114,1990,A_1990_2000,0
2206,124,17.58,0.408,12931,678,0.3232,1990,A_1990_2000,2
5897,233,25.13,0.2035,35439,1229,0.2232,1990,A_1990_2000,1
425,23,18.04,0.9412,2425,213,0.5412,1990,A_1990_2000,1
5571,263,21.16,0.1975,32510,1433,0.2768,1990,A_1990_2000,1
2389,132,17.99,0.3349,14459,656,0.2947,1990,A_1990_2000,1
779,35,21.66,0.6418,4612,297,0.4005,1990,A_1990_2000,0
1898,90,20.84,0.3688,11650,573,0.3188,1990,A_1990_2000,1
9583,322,29.75,0.1461,55171,1820,0.1984,1990,A_1990_2000,1
1711,93,18.46,0.4091,10316,495,0.3139,1990,A_1990_2000,0
5365,209,25.64,0.1864,32765,1131,0.2216,1990,A_1990_2000,0
5563,299,18.35,0.1798,32487,1290,0.2463,1990,A_1990_2000,1
6804,307,21.87,0.1617,39677,1428,0.2203,1990,A_1990_2000,0
4540,220,20.47,0.2203,27389,1058,0.2491,1990,A_1990_2000,0
3536,139,25.33,0.3394,21318,943,0.2814,1990,A_1990_2000,1
6003,245,24.44,0.2499,37134,1335,0.2347,1990,A_1990_2000,0
5672,200,28.34,0.141,32330,1023,0.1913,1990,A_1990_2000,1
6094,232,26.19,0.1641,35966,1148,0.2043,1990,A_1990_2000,0
6617,361,18.2,0.1965,37092,1431,0.2293,1990,A_1990_2000,0
4815,194,24.92,0.3323,28813,1245,0.2721,1990,A_1990_2000,1
3607,148,24.36,0.2495,21182,711,0.211,1990,A_1990_2000,1
1255,70,17.79,0.4781,7483,445,0.3729,1990,A_1990_2000,1
2814,121,23.26,0.3554,16506,699,0.2637,1990,A_1990_2000,1
4101,219,18.48,0.2438,24878,966,0.2499,1990,A_1990_2000,1
5787,232,25.07,0.2419,34614,1324,0.2431,1990,A_1990_2000,1
952,45,20.64,0.7353,5406,310,0.3393,1990,A_1990_2000,1
2154,121,17.64,0.2786,12715,754,0.3598,1990,A_1990_2000,0
8997,527,17.15,0.1223,51918,1710,0.2014,1990,A_1990_2000,2
3154,126,24.96,0.4122,18305,768,0.2584,1990,A_1990_2000,1
3135,169,18.54,0.2552,18534,776,0.2622,1990,A_1990_2000,0
5022,264,18.91,0.3584,29904,1282,0.2696,1990,A_1990_2000,0
4013,172,23.22,0.3239,23703,798,0.2138,1990,A_1990_2000,1
874,55,15.62,0.6865,5117,373,0.4394,1990,A_1990_2000,1
3222,126,25.52,0.2173,18976,728,0.2377,1990,A_1990_2000,1
4914,256,19.2,0.2849,29568,1143,0.2436,1990,A_1990_2000,0
2502,158,15.74,0.3197,14565,813,0.3425,1990,A_1990_2000,1
1558,59,26.15,0.6418,8851,555,0.3716,1990,A_1990_2000,0
2866,149,18.95,0.314,16556,670,0.2484,1990,A_1990_2000,0
5531,235,23.4,0.1808,33056,1010,0.1949,1990,A_1990_2000,1
4950,258,19.16,0.2222,29298,1229,0.2648,1990,A_1990_2000,1
3897,191,20.29,0.2566,23350,1022,0.2779,1990,A_1990_2000,1
5267,181,29.07,0.2278,31217,1220,0.2444,1990,A_1990_2000,0
1810,81,22.21,0.3315,10216,525,0.3033,1990,A_1990_2000,1
10026,482,20.65,0.0898,58923,2155,0.2262,1990,A_1990_2000,1
1811,109,16.62,0.5522,10461,562,0.3274,1990,A_1990_2000,2
6244,345,17.85,0.2082,35854,1350,0.2277,1990,A_1990_2000,1
8073,487,16.42,0.161,49060,1706,0.224,1990,A_1990_2000,1
2723,163,16.5,0.2938,16146,817,0.3221,1990,A_1990_2000,1
2767,131,21.02,0.2891,16313,699,0.27,1990,A_1990_2000,1
1793,96,18.42,0.3904,10343,619,0.3642,1990,A_1990_2000,1
1107,67,16.4,0.6323,6832,390,0.383,1990,A_1990_2000,0
12495,601,20.72,0.12,70656,2240,0.1898,1990,A_1990_2000,0
2488,127,19.41,0.3215,14399,800,0.3368,1990,A_1990_2000,0
1316,78,16.65,0.8359,7899,468,0.3777,1990,A_1990_2000,0
952,49,19.41,0.5252,5710,369,0.4181,1990,A_1990_2000,0
802,38,21.03,1.1222,4832,364,0.4726,1990,A_1990_2000,1
8987,328,27.45,0.2003,53886,1910,0.2241,1990,A_1990_2000,0
4500,244,18.25,0.2889,27575,1077,0.2558,1990,A_1990_2000,1
5133,290,17.58,0.2727,30552,1329,0.2735,1990,A_1990_2000,1
1163,81,14.41,0.4299,6759,445,0.3998,1990,A_1990_2000,1
10382,547,19.01,0.0963,59008,1687,0.1702,1990,A_1990_2000,2
1983,100,19.69,0.4034,12102,670,0.3596,1990,A_1990_2000,2
5829,244,23.9,0.1544,34319,1055,0.194,1990,A_1990_2000,1
835,48,17.27,0.8383,4877,369,0.4683,1990,A_1990_2000,0
1960,121,16.21,0.4592,11524,535,0.2867,1990,A_1990_2000,1
838,35,23.74,0.9547,5104,321,0.4033,1990,A_1990_2000,1
1053,67,15.58,0.8547,6375,398,0.4046,1990,A_1990_2000,0
658,30,21.87,0.9119,3929,283,0.4635,1990,A_1990_2000,0
652,34,18.94,0.6135,3931,290,0.4693,1990,A_1990_2000,1
9067,354,25.55,0.2206,53535,1763,0.2028,1990,A_1990_2000,1
3294,162,20.4,0.2429,19214,843,0.2726,1990,A_1990_2000,0
21430,1068,20.04,0.0513,123186,3067,0.1514,1990,A_1990_2000,1
12140,530,22.8,0.1153,74090,2137,0.1898,1990,A_1990_2000,1
1377,52,26.29,0.4357,8013,424,0.3195,1990,A_1990_2000,1
1001,51,19.43,0.6993,6065,369,0.3856,1990,A_1990_2000,1
573,40,14.28,1.2216,3582,255,0.466,1990,A_1990_2000,0
2296,122,18.68,0.3484,13440,719,0.331,1990,A_1990_2000,0
1344,71,18.75,0.6696,8161,466,0.3683,1990,A_1990_2000,0
432,19,22.63,1.1574,2550,197,0.4792,1990,A_1990_2000,1
6188,235,26.34,0.2101,38164,1040,0.1808,1990,A_1990_2000,1
22182,859,25.69,0.0541,128877,3870,0.1838,1990,A_1990_2000,1
1913,64,29.72,0.3136,10953,554,0.298,1990,A_1990_2000,0
8491,407,20.77,0.1413,49957,1735,0.2163,1990,A_1990_2000,1
4921,191,25.61,0.1016,29326,1264,0.266,1990,A_1990_2000,1
1180,84,13.82,0.5085,6862,468,0.4127,1990,A_1990_2000,1
8619,506,16.83,0.1044,50383,1816,0.2218,1990,A_1990_2000,1
774,51,14.9,0.9044,4630,362,0.491,1990,A_1990_2000,0
16332,567,28.83,0.098,96372,3037,0.1954,1990,A_1990_2000,1
3140,192,16.3,0.3185,18760,887,0.2955,1990,A_1990_2000,0
3021,161,18.68,0.331,17202,866,0.3042,1990,A_1990_2000,1
870,47,18.13,1.1494,5236,356,0.4264,1990,A_1990_2000,1
743,48,15.48,0.9421,4309,344,0.4939,1990,A_1990_2000,0
2096,83,25.19,0.4294,11628,605,0.2987,1990,A_1990_2000,0
12915,573,22.59,0.0852,76256,2476,0.2026,1990,A_1990_2000,1
2752,134,20.4,0.2544,16163,637,0.2453,1990,A_1990_2000,1
2200,124,17.86,0.2727,12890,607,0.2964,1990,A_1990_2000,0
3206,176,18.2,0.4055,19048,728,0.2445,1990,A_1990_2000,0
3528,166,21.23,0.2551,19985,758,0.2302,1990,A_1990_2000,0
6348,206,30.85,0.2363,37704,1349,0.2231,1990,A_1990_2000,1
1069,55,19.24,0.6548,6186,354,0.3573,1990,A_1990_2000,0
3808,203,18.55,0.3414,22052,905,0.2529,1990,A_1990_2000,1
6551,296,22.08,0.1221,38759,1399,0.2249,1990,A_1990_2000,1
4705,207,22.69,0.2763,26817,969,0.2181,1990,A_1990_2000,1
1945,94,20.69,0.4627,11195,517,0.2848,1990,A_1990_2000,1
3003,146,20.59,0.2331,17674,719,0.2577,1990,A_1990_2000,1
3896,198,19.59,0.2823,23109,896,0.2451,1990,A_1990_2000,1
2110,100,21.11,0.3791,12619,627,0.3123,1990,A_1990_2000,1
909,38,23.74,0.9901,5456,380,0.429,1990,A_1990_2000,1
9627,381,25.17,0.1246,56709,1931,0.2118,1990,A_1990_2000,1
3204,162,19.72,0.2185,19444,787,0.2606,1990,A_1990_2000,1
3634,139,25.96,0.1651,20691,837,0.2427,1990,A_1990_2000,0
1911,88,21.69,0.3663,11162,639,0.349,1990,A_1990_2000,1
5433,181,30.07,0.2393,32474,1180,0.2264,1990,A_1990_2000,0
7162,396,18.04,0.0977,42294,1420,0.2093,1990,A_1990_2000,0
499,26,18.65,1.2024,3081,261,0.5491,1990,A_1990_2000,0
2676,122,21.95,0.2242,16001,701,0.2803,1990,A_1990_2000,0
5425,224,24.12,0.2028,31401,1064,0.2098,1990,A_1990_2000,0
5944,267,22.3,0.2355,34298,1291,0.2303,1990,A_1990_2000,0
2540,150,16.95,0.315,14540,697,0.2906,1990,A_1990_2000,0
551,32,17.12,1.0889,3384,268,0.5245,1990,A_1990_2000,1
2217,115,19.17,0.406,12755,602,0.2891,1990,A_1990_2000,0
3769,261,14.56,0.3449,22312,874,0.2444,1990,A_1990_2000,1
5170,257,20.09,0.2321,30166,1259,0.2567,1990,A_1990_2000,1
1294,83,15.52,0.6955,7599,475,0.391,1990,A_1990_2000,0
4899,281,17.29,0.2449,28478,1180,0.258,1990,A_1990_2000,2
4640,194,23.86,0.1509,26898,1193,0.2687,1990,A_1990_2000,1
7000,363,19.01,0.2571,39975,1419,0.2154,1990,A_1990_2000,1
1401,72,19.36,0.4996,8171,451,0.3348,1990,A_1990_2000,1
3456,170,20.25,0.2894,21039,865,0.2705,1990,A_1990_2000,0
4604,190,24.17,0.2389,27239,1135,0.2624,1990,A_1990_2000,0
5179,207,25.11,0.3089,29596,1277,0.262,1990,A_1990_2000,0
2166,119,18.13,0.5078,13008,756,0.3675,1990,A_1990_2000,0
7547,298,25.25,0.1458,44357,1458,0.203,1990,A_1990_2000,1
2282,147,15.35,0.3067,13335,690,0.323,1990,A_1990_2000,0
2646,135,19.59,0.5291,16475,815,0.3212,1990,A_1990_2000,0
3660,153,23.94,0.2732,21393,938,0.2683,1990,A_1990_2000,1
1544,105,14.45,0.4534,8832,556,0.375,1990,A_1990_2000,0
4283,222,19.05,0.1868,24323,743,0.1809,1990,A_1990_2000,1
1174,50,23.14,0.6814,6892,461,0.408,1990,A_1990_2000,0
14031,623,22.42,0.0855,83615,2509,0.1911,1990,A_1990_2000,1
1972,66,29.68,0.4564,11584,565,0.3063,1990,A_1990_2000,0
2991,128,23.21,0.3678,17864,883,0.3096,1990,A_1990_2000,1
1737,74,23.38,0.5181,10365,574,0.3512,1990,A_1990_2000,1
2697,141,19.0,0.3337,15808,708,0.2836,1990,A_1990_2000,1
4123,173,23.69,0.2425,24369,978,0.2505,1990,A_1990_2000,1
729,36,20.06,0.9602,4317,263,0.3759,1990,A_1990_2000,1
2102,103,20.58,0.5233,13002,561,0.2769,1990,A_1990_2000,0
2701,110,24.52,0.3702,15914,764,0.3054,1990,A_1990_2000,0
9204,522,17.23,0.1521,53277,2158,0.2451,1990,A_1990_2000,0
6707,310,21.54,0.2087,38970,1472,0.2327,1990,A_1990_2000,1
716,42,16.79,0.838,4273,339,0.4902,1990,A_1990_2000,0
6186,346,17.79,0.1778,37279,1417,0.2451,1990,A_1990_2000,1
7518,269,27.98,0.133,42295,1381,0.1943,1990,A_1990_2000,1
6645,288,23.0,0.1204,37778,1503,0.2364,1990,A_1990_2000,0
6427,255,25.16,0.1712,37067,1199,0.1971,1990,A_1990_2000,2
13932,563,24.59,0.1436,83074,2448,0.1872,1990,A_1990_2000,0
6300,313,19.91,0.1905,38210,1288,0.2198,1990,A_1990_2000,0
2487,122,20.11,0.3217,15064,673,0.2891,1990,A_1990_2000,1
1953,111,17.51,0.4096,11505,696,0.3702,1990,A_1990_2000,1
2834,112,25.18,0.3881,16698,787,0.2932,1990,A_1990_2000,1
5606,229,24.43,0.1605,32601,1199,0.2287,1990,A_1990_2000,1
853,49,17.1,0.7034,4935,314,0.3892,1990,A_1990_2000,1
1529,99,15.39,0.5886,8794,470,0.3329,1990,A_1990_2000,1
756,43,17.14,1.1905,4246,321,0.4405,1990,A_1990_2000,1
2669,151,17.56,0.4496,16470,700,0.2829,1990,A_1990_2000,0
1695,74,22.39,0.413,9681,490,0.3038,1990,A_1990_2000,2
6613,330,19.82,0.1663,38344,1703,0.2713,1990,A_1990_2000,1
1704,76,22.32,0.5869,10217,540,0.3339,1990,A_1990_2000,0
4411,191,22.96,0.1814,25647,1030,0.2489,1990,A_1990_2000,0
3258,141,23.09,0.2455,19259,724,0.2382,1990,A_1990_2000,1
576,31,18.23,1.3889,3489,269,0.5035,1990,A_1990_2000,0
2822,164,17.18,0.3898,16502,882,0.3303,1990,A_1990_2000,1
5868,246,23.87,0.1534,33551,1140,0.2064,1990,A_1990_2000,1
3630,186,19.42,0.1928,21519,1034,0.308,1990,A_1990_2000,0
3091,165,18.69,0.2912,18570,884,0.307,1990,A_1990_2000,1
12900,518,24.9,0.0853,76788,2207,0.1833,1990,A_1990_2000,1
8139,428,18.99,0.1106,46457,1689,0.2193,1990,A_1990_2000,0
1912,123,15.46,0.4707,11357,552,0.3154,1990,A_1990_2000,1
1618,111,14.54,0.4326,9674,552,0.3634,1990,A_1990_2000,1
11148,505,22.0,0.1525,64844,2141,0.2029,1990,A_1990_2000,0
3030,170,17.77,0.396,18396,869,0.3046,1990,A_1990_2000,1
671,35,18.89,1.0432,3977,302,0.4665,1990,A_1990_2000,1
649,39,16.49,0.4622,3915,283,0.4545,1990,A_1990_2000,0
32983,1514,21.68,0.0546,192398,4104,0.1326,1990,A_1990_2000,1
2437,112,21.72,0.4103,14521,597,0.2643,1990,A_1990_2000,0
5567,241,22.9,0.1437,32297,1474,0.275,1990,A_1990_2000,0
5532,272,20.38,0.2531,33673,1219,0.2354,1990,A_1990_2000,1
1150,51,22.57,0.5217,7049,471,0.427,1990,A_1990_2000,0
633,32,19.72,1.2638,3873,336,0.575,1990,A_1990_2000,2
6423,254,24.97,0.1557,37731,1243,0.204,1990,A_1990_2000,2
5642,244,22.89,0.2659,32645,1086,0.2061,1990,A_1990_2000,0
2250,167,13.5,0.3111,13065,718,0.3351,1990,A_1990_2000,1
6283,393,15.93,0.2387,35779,1155,0.1954,1990,A_1990_2000,1
4763,163,28.91,0.189,28680,1079,0.2452,1991,A_1990_2000,0
23815,1238,19.15,0.126,140235,3721,0.1657,1991,A_1990_2000,0
1146,60,18.87,0.349,6912,386,0.3499,1991,A_1990_2000,1
740,42,17.48,0.9459,4221,342,0.4824,1991,A_1990_2000,1
2690,114,23.45,0.3346,15457,638,0.2561,1991,A_1990_2000,1
6319,278,22.82,0.1266,38604,1142,0.1926,1991,A_1990_2000,1
1090,65,16.65,0.6422,6330,395,0.3817,1991,A_1990_2000,2
4544,217,20.85,0.1761,26143,955,0.2223,1991,A_1990_2000,0
820,46,17.46,1.4634,4761,308,0.3915,1991,A_1990_2000,1
3830,209,18.22,0.2089,22263,884,0.2428,1991,A_1990_2000,0
7684,270,28.29,0.1952,45925,1292,0.1778,1991,A_1990_2000,1
1992,89,22.13,0.4016,11984,501,0.2681,1991,A_1990_2000,2
1813,122,14.84,0.4413,10725,534,0.321,1991,A_1990_2000,1
11448,392,29.24,0.1398,68148,2054,0.1897,1991,A_1990_2000,0
5464,198,27.47,0.2928,32789,1256,0.2421,1991,A_1990_2000,0
3774,152,24.76,0.3975,22693,940,0.2629,1991,A_1990_2000,1
6815,436,15.27,0.1614,40274,1387,0.2173,1991,A_1990_2000,0
2871,154,18.56,0.209,16938,758,0.2821,1991,A_1990_2000,0
10821,540,19.99,0.0647,63500,1984,0.1918,1991,A_1990_2000,0
1271,103,12.12,0.5507,7448,437,0.3745,1991,A_1990_2000,0
2914,164,17.73,0.2402,17013,717,0.2625,1991,A_1990_2000,1
3509,159,22.19,0.342,20937,800,0.2425,1991,A_1990_2000,1
1758,95,18.48,0.3413,10133,436,0.2656,1991,A_1990_2000,1
656,35,18.4,1.0671,3904,305,0.4878,1991,A_1990_2000,1
20077,881,22.75,0.0797,118660,3098,0.1663,1991,A_1990_2000,0
1989,74,26.8,0.4525,11631,577,0.3107,1991,A_1990_2000,1
3043,156,19.33,0.1972,18075,760,0.2642,1991,A_1990_2000,1
12706,693,18.39,0.0866,74020,2345,0.1972,1991,A_1990_2000,2
4016,144,27.97,0.3237,23516,915,0.241,1991,A_1990_2000,1
4698,221,21.28,0.2129,27980,1011,0.2297,1991,A_1990_2000,1
8853,382,23.28,0.0904,55051,1674,0.2023,1991,A_1990_2000,0
2407,111,21.67,0.457,13981,596,0.2667,1991,A_1990_2000,0
8752,398,21.97,0.1028,51714,2190,0.2613,1991,A_1990_2000,0
4828,215,22.27,0.2486,28235,1080,0.239,1991,A_1990_2000,0
954,32,29.62,0.9434,5722,383,0.4193,1991,A_1990_2000,0
2567,113,22.55,0.3896,15372,660,0.2746,1991,A_1990_2000,0
698,34,20.44,1.0029,4033,299,0.4499,1991,A_1990_2000,1
2750,157,17.48,0.3273,16929,892,0.3455,1991,A_1990_2000,0
3516,139,25.14,0.3129,20112,959,0.2827,1991,A_1990_2000,1
8016,295,27.23,0.0749,46698,1682,0.2197,1991,A_1990_2000,1
6955,297,23.45,0.1294,41380,1346,0.2088,1991,A_1990_2000,0
5710,275,20.75,0.1226,33594,1084,0.2026,1991,A_1990_2000,1
545,28,19.07,0.7339,3255,255,0.4826,1991,A_1990_2000,1
8169,278,29.28,0.1102,48350,1556,0.1982,1991,A_1990_2000,1
3048,93,32.73,0.2297,18212,698,0.2434,1991,A_1990_2000,1
7886,413,19.02,0.0888,47410,1798,0.244,1991,A_1990_2000,0
964,30,32.07,0.4149,5637,379,0.4077,1991,A_1990_2000,1
206,26,7.77,1.4563,1192,107,0.5728,1991,A_1990_2000,0
3487,190,18.25,0.2294,20570,822,0.2518,1991,A_1990_2000,0
4157,206,20.11,0.2887,25402,980,0.2531,1991,A_1990_2000,1
16982,838,20.24,0.1119,102675,3263,0.2026,1991,A_1990_2000,1
1856,94,19.65,0.7543,10917,671,0.3793,1991,A_1990_2000,1
8472,474,17.84,0.118,50623,1754,0.2201,1991,A_1990_2000,2
1539,86,18.03,0.3899,8943,528,0.3548,1991,A_1990_2000,1
2603,118,21.95,0.4994,15603,727,0.2947,1991,A_1990_2000,1
2934,120,24.34,0.5112,17719,864,0.3108,1991,A_1990_2000,0
6026,246,24.53,0.1825,36089,1328,0.235,1991,A_1990_2000,0
3329,189,17.65,0.2704,20384,784,0.2526,1991,A_1990_2000,0
2291,124,18.43,0.4365,15007,610,0.2894,1991,A_1990_2000,1
5434,203,26.68,0.2576,32854,1006,0.1993,1991,A_1990_2000,1
5851,270,21.59,0.2564,34792,1306,0.2352,1991,A_1990_2000,2
4091,268,15.24,0.1956,25080,926,0.2462,1991,A_1990_2000,1
4422,201,21.83,0.2261,25804,878,0.2151,1991,A_1990_2000,1
1296,84,15.23,0.5401,7492,442,0.3657,1991,A_1990_2000,1
4167,197,20.97,0.24,24247,957,0.2455,1991,A_1990_2000,1
11908,525,22.51,0.1428,68613,2230,0.1977,1991,A_1990_2000,0
1568,80,19.25,0.5102,9065,526,0.361,1991,A_1990_2000,0
1929,84,22.88,0.6739,11349,599,0.3307,1991,A_1990_2000,1
1239,70,17.4,0.565,7383,396,0.3309,1991,A_1990_2000,0
17387,731,23.6,0.0863,103098,2603,0.1578,1991,A_1990_2000,2
2992,156,19.12,0.3008,17246,850,0.3025,1991,A_1990_2000,0
12352,570,21.65,0.0729,73586,1933,0.165,1991,A_1990_2000,1
4057,213,19.08,0.2465,24524,1034,0.2751,1991,A_1990_2000,1
2450,136,17.9,0.3265,15046,693,0.3106,1991,A_1990_2000,0
2260,104,21.58,0.6195,13199,668,0.315,1991,A_1990_2000,1
6194,288,21.49,0.2099,37190,1439,0.2454,1991,A_1990_2000,1
5458,212,25.73,0.2015,32977,1295,0.2547,1991,A_1990_2000,0
8259,382,21.39,0.1332,48151,1483,0.1901,1991,A_1990_2000,0
762,30,25.13,1.4436,4575,300,0.4108,1991,A_1990_2000,0
2763,131,21.05,0.2895,16058,728,0.2805,1991,A_1990_2000,1
5900,280,20.92,0.2203,33776,1285,0.2298,1991,A_1990_2000,0
2657,123,21.37,0.2635,15219,837,0.3259,1991,A_1990_2000,0
3824,183,20.91,0.2615,23924,951,0.2662,1991,A_1990_2000,0
1615,72,22.28,0.2477,9530,585,0.3796,1991,A_1990_2000,0
1797,89,19.9,0.5008,10372,597,0.3456,1991,A_1990_2000,2
4401,268,16.35,0.2045,25447,1037,0.2509,1991,A_1990_2000,0
4467,214,20.82,0.1791,26043,955,0.2266,1991,A_1990_2000,1
13266,606,21.81,0.0829,80328,2092,0.1667,1991,A_1990_2000,0
8765,435,20.14,0.1369,51871,1830,0.2241,1991,A_1990_2000,0
2769,127,21.69,0.3611,16435,641,0.247,1991,A_1990_2000,1
765,30,25.4,0.7843,4488,316,0.4248,1991,A_1990_2000,1
5573,283,19.67,0.1974,31567,1169,0.2225,1991,A_1990_2000,1
7585,370,20.48,0.1055,43562,1506,0.2095,1991,A_1990_2000,0
4224,184,22.9,0.2131,25271,1205,0.2983,1991,A_1990_2000,1
5762,285,20.2,0.1909,34234,1390,0.2575,1991,A_1990_2000,1
8985,376,23.87,0.1002,52222,1615,0.1912,1991,A_1990_2000,0
12338,480,25.65,0.0892,71170,1983,0.1696,1991,A_1990_2000,0
4830,252,19.11,0.1863,28016,1140,0.2487,1991,A_1990_2000,1
5343,233,22.93,0.2807,31218,910,0.1814,1991,A_1990_2000,0
6617,301,22.03,0.1662,39104,1371,0.2179,1991,A_1990_2000,1
1271,79,15.92,0.4721,7164,456,0.3753,1991,A_1990_2000,1
2324,154,15.06,0.4733,13698,690,0.3163,1991,A_1990_2000,1
7823,406,19.17,0.1534,45333,1661,0.2242,1991,A_1990_2000,0
51234,1968,25.97,0.039,299949,5388,0.1113,1991,A_1990_2000,0
1830,94,19.37,0.3825,11157,484,0.2869,1991,A_1990_2000,1
2532,132,19.17,0.4344,15049,619,0.2638,1991,A_1990_2000,0
2687,157,17.1,0.3349,15732,718,0.2866,1991,A_1990_2000,1
5624,275,20.45,0.2134,32841,1267,0.2367,1991,A_1990_2000,0
16310,845,19.12,0.092,98416,2929,0.1898,1991,A_1990_2000,1
15598,499,31.19,0.0962,91221,1991,0.136,1991,A_1990_2000,1
2348,106,22.14,0.3833,14186,607,0.2773,1991,A_1990_2000,1
6897,331,20.83,0.174,39859,1421,0.2185,1991,A_1990_2000,1
808,55,14.42,0.7426,4534,312,0.4035,1991,A_1990_2000,1
8668,493,17.62,0.1384,49506,1587,0.1939,1991,A_1990_2000,2
5330,292,18.21,0.1876,33244,1439,0.2837,1991,A_1990_2000,1
5401,214,25.22,0.2222,31228,1068,0.2109,1991,A_1990_2000,1
589,27,21.74,1.0187,3518,272,0.4754,1991,A_1990_2000,1
1869,94,19.72,0.535,11667,611,0.3553,1991,A_1990_2000,0
1430,66,21.64,0.4196,8242,460,0.3497,1991,A_1990_2000,1
6295,192,32.59,0.1747,36774,1505,0.2497,1991,A_1990_2000,0
28567,1100,25.83,0.063,170907,4217,0.1569,1991,A_1990_2000,0
7240,251,28.84,0.1657,42657,1548,0.2264,1991,A_1990_2000,0
5670,285,20.08,0.1235,32997,1225,0.2302,1991,A_1990_2000,2
2462,153,16.1,0.4874,14574,734,0.3209,1991,A_1990_2000,1
4277,211,20.11,0.3273,25220,1095,0.2703,1991,A_1990_2000,0
2918,144,20.25,0.3084,17222,767,0.28,1991,A_1990_2000,0
729,36,20.11,0.823,4269,303,0.4376,1991,A_1990_2000,0
3915,145,27.05,0.2299,22051,795,0.2163,1991,A_1990_2000,1
1256,72,17.4,0.6369,7436,460,0.3861,1991,A_1990_2000,2
3544,162,21.8,0.2822,21752,741,0.23,1991,A_1990_2000,1
3764,174,21.52,0.3454,22765,901,0.2569,1991,A_1990_2000,2
814,37,21.81,0.9828,4747,297,0.3833,1991,A_1990_2000,1
1844,123,14.88,0.3254,10136,607,0.3454,1991,A_1990_2000,0
5110,202,25.15,0.2348,30001,1194,0.2483,1991,A_1990_2000,0
4112,169,23.95,0.1459,24827,899,0.2279,1991,A_1990_2000,0
1522,69,21.68,0.4599,8689,524,0.3574,1991,A_1990_2000,2
2428,98,24.74,0.3707,14466,584,0.2479,1991,A_1990_2000,1
4912,157,31.26,0.1221,29477,1020,0.2182,1991,A_1990_2000,0
5242,259,20.3,0.2862,33474,1218,0.2524,1991,A_1990_2000,1
6039,289,20.79,0.1987,35315,1371,0.2408,1991,A_1990_2000,1
3762,181,20.7,0.2658,22416,852,0.2443,1991,A_1990_2000,1
2933,162,18.04,0.3409,16836,725,0.2649,1991,A_1990_2000,1
823,34,24.21,0.729,4854,336,0.4289,1991,A_1990_2000,1
6425,320,20.1,0.1712,38993,1417,0.2333,1991,A_1990_2000,1
1417,89,15.62,0.6351,8742,526,0.3867,1991,A_1990_2000,1
6109,224,27.26,0.1146,35520,1328,0.2269,1991,A_1990_2000,1
1075,65,16.38,0.6512,6079,396,0.3842,1991,A_1990_2000,1
3153,153,20.59,0.3172,18524,700,0.2382,1991,A_1990_2000,1
1620,83,19.51,0.5556,9691,473,0.3167,1991,A_1990_2000,1
2069,96,21.46,0.3867,12666,556,0.2852,1991,A_1990_2000,1
4461,217,20.37,0.2242,25920,1099,0.262,1991,A_1990_2000,0
731,42,17.48,1.5048,4312,248,0.3557,1991,A_1990_2000,0
1151,49,23.39,0.695,6660,427,0.3892,1991,A_1990_2000,1
4985,165,30.19,0.1605,28611,927,0.1982,1991,A_1990_2000,0
2312,120,19.15,0.346,13572,664,0.3041,1991,A_1990_2000,1
2941,126,23.33,0.272,17821,863,0.3121,1991,A_1990_2000,0
9090,442,20.62,0.187,53081,1709,0.2004,1991,A_1990_2000,0
7851,311,25.23,0.1656,46083,1494,0.2056,1991,A_1990_2000,0
4146,181,22.91,0.193,24594,1155,0.2972,1991,A_1990_2000,1
4714,184,25.43,0.1485,27362,1061,0.2374,1991,A_1990_2000,1
6600,253,26.05,0.1667,37942,1197,0.1911,1991,A_1990_2000,0
969,45,21.58,0.6192,5721,388,0.4159,1991,A_1990_2000,1
560,35,15.74,1.0714,3280,282,0.5232,1991,A_1990_2000,2
3569,177,20.15,0.2522,20843,764,0.2306,1991,A_1990_2000,1
1566,78,19.95,0.3831,9210,559,0.3697,1991,A_1990_2000,2
4961,209,23.67,0.1613,30186,899,0.1961,1991,A_1990_2000,1
6199,282,21.98,0.1291,35247,1295,0.221,1991,A_1990_2000,0
2257,96,23.46,0.3988,13528,615,0.2871,1991,A_1990_2000,1
1372,70,19.39,0.4373,7923,529,0.3943,1991,A_1990_2000,0
11643,482,24.17,0.0687,68586,1843,0.1699,1991,A_1990_2000,1
6528,298,21.88,0.2145,38045,1062,0.1736,1991,A_1990_2000,1
1843,122,14.93,0.3798,10666,517,0.3011,1991,A_1990_2000,0
2708,156,17.21,0.2954,16648,796,0.3187,1991,A_1990_2000,0
4424,189,23.34,0.3617,26121,978,0.236,1991,A_1990_2000,1
5372,319,16.64,0.242,31412,1285,0.252,1991,A_1990_2000,0
3817,154,24.73,0.2882,23177,896,0.2505,1991,A_1990_2000,0
1469,94,15.5,0.3404,8633,558,0.3975,1991,A_1990_2000,0
1527,101,14.15,0.3929,8631,478,0.3353,1991,A_1990_2000,0
12467,451,27.53,0.0722,71003,2094,0.1782,1991,A_1990_2000,0
3415,130,26.17,0.2928,19459,772,0.2404,1991,A_1990_2000,0
6024,267,22.36,0.1992,34799,1307,0.2309,1991,A_1990_2000,1
1496,78,19.29,0.6016,8867,526,0.3743,1991,A_1990_2000,1
2191,120,18.08,0.7303,12911,635,0.309,1991,A_1990_2000,0
3496,180,19.31,0.3146,19853,827,0.2497,1991,A_1990_2000,1
2394,125,19.17,0.2924,14086,595,0.2644,1991,A_1990_2000,1
3252,154,21.16,0.3998,19298,888,0.2924,1991,A_1990_2000,0
8732,369,23.46,0.1947,51046,1926,0.2327,1991,A_1990_2000,0
3146,232,12.86,0.1907,17817,871,0.2924,1991,A_1990_2000,1
1590,81,19.63,0.4403,9553,462,0.3164,1991,A_1990_2000,0
2586,119,21.75,0.348,15600,712,0.2978,1991,A_1990_2000,1
9201,551,16.56,0.1304,51514,1963,0.2235,1991,A_1990_2000,2
4800,275,17.26,0.2292,28219,850,0.189,1991,A_1990_2000,0
21196,1050,19.99,0.1038,127090,3354,0.1692,1991,A_1990_2000,1
620,24,25.67,1.129,3747,303,0.5032,1991,A_1990_2000,1
1006,59,17.02,0.7952,6053,365,0.3917,1991,A_1990_2000,0
5051,208,24.22,0.1584,30116,1066,0.2299,1991,A_1990_2000,1
2087,99,21.11,0.4312,12745,649,0.3311,1991,A_1990_2000,1
1408,56,25.0,0.4972,9044,427,0.3232,1991,A_1990_2000,0
2754,159,17.42,0.3994,16194,773,0.2959,1991,A_1990_2000,1
3628,203,17.76,0.3859,21166,952,0.2806,1991,A_1990_2000,1
507,20,25.1,0.789,2943,222,0.4517,1991,A_1990_2000,2
1118,42,26.48,0.9839,6690,453,0.4195,1991,A_1990_2000,1
1088,46,23.63,1.1029,6506,370,0.3649,1991,A_1990_2000,1
3608,162,22.15,0.2217,20505,821,0.2417,1991,A_1990_2000,1
6269,272,23.06,0.1914,36178,1280,0.216,1991,A_1990_2000,1
1514,60,25.13,0.3963,8661,469,0.3236,1991,A_1990_2000,0
789,32,24.34,1.0139,4637,335,0.4423,1991,A_1990_2000,1
3994,181,22.01,0.2754,24727,923,0.2494,1991,A_1990_2000,1
6248,259,24.08,0.1761,37432,1162,0.2028,1991,A_1990_2000,1
3237,166,19.19,0.278,20066,836,0.2805,1991,A_1990_2000,1
2075,123,16.85,0.5301,13525,530,0.281,1991,A_1990_2000,1
6184,276,22.3,0.2102,37348,1140,0.1968,1991,A_1990_2000,1
14348,596,23.84,0.0976,83213,2200,0.1634,1991,A_1990_2000,1
1887,121,15.72,0.6889,11092,531,0.2962,1991,A_1990_2000,0
3815,209,18.26,0.3145,23984,959,0.271,1991,A_1990_2000,0
2165,82,26.35,0.4157,12775,654,0.3145,1991,A_1990_2000,2
1836,90,20.34,0.3813,11073,546,0.3219,1991,A_1990_2000,1
1298,60,21.58,0.6163,7880,434,0.3621,1991,A_1990_2000,1
1515,55,27.55,0.7261,8914,413,0.2838,1991,A_1990_2000,2
1058,33,32.0,0.6616,6098,398,0.3979,1991,A_1990_2000,1
2765,129,21.39,0.3617,15963,682,0.2615,1991,A_1990_2000,1
1453,59,24.46,0.4818,8449,515,0.3668,1991,A_1990_2000,1
777,60,12.63,0.7722,4570,319,0.4286,1991,A_1990_2000,1
551,27,20.19,1.4519,3410,254,0.4719,1991,A_1990_2000,1
13720,571,23.97,0.0948,80797,2183,0.1717,1991,A_1990_2000,1
2629,120,21.74,0.3043,16143,725,0.2914,1991,A_1990_2000,1
2186,105,20.77,0.366,12498,614,0.296,1991,A_1990_2000,2
4977,210,23.7,0.1808,28742,1040,0.2214,1991,A_1990_2000,0
718,34,21.06,1.3928,4390,310,0.4499,1991,A_1990_2000,1
11627,716,16.15,0.1032,67740,2387,0.217,1991,A_1990_2000,0
3636,216,16.7,0.275,21476,868,0.2514,1991,A_1990_2000,0
4444,243,18.23,0.2025,26209,1046,0.2514,1991,A_1990_2000,1
4222,200,20.94,0.2605,24974,1174,0.2925,1991,A_1990_2000,0
2302,121,18.96,0.2606,13505,651,0.3041,1991,A_1990_2000,0
1635,91,17.97,0.6728,9839,513,0.3388,1991,A_1990_2000,1
6804,301,22.62,0.1911,38279,1136,0.1784,1991,A_1990_2000,1
8608,417,20.48,0.1394,50477,1537,0.1939,1991,A_1990_2000,1
4247,179,23.73,0.3061,24857,982,0.2479,1991,A_1990_2000,1
722,29,24.72,1.2465,4353,281,0.4086,1991,A_1990_2000,0
675,31,21.55,0.8889,4050,309,0.4756,1991,A_1990_2000,1
1207,50,24.1,0.9942,7183,467,0.406,1991,A_1990_2000,1
9595,451,21.12,0.1355,57147,1737,0.1913,1991,A_1990_2000,1
4587,228,20.1,0.1744,28576,930,0.2143,1991,A_1990_2000,1
1491,63,23.68,0.6036,8779,508,0.3602,1991,A_1990_2000,1
2174,127,16.87,0.46,12879,646,0.3178,1991,A_1990_2000,0
3010,169,17.84,0.2658,18970,701,0.2512,1991,A_1990_2000,1
5263,254,20.7,0.171,30654,1142,0.2295,1991,A_1990_2000,1
14276,812,17.37,0.1261,85118,2563,0.1914,1991,A_1990_2000,0
3102,145,21.21,0.1934,18343,725,0.2527,1991,A_1990_2000,0
816,39,20.49,0.7353,4760,314,0.3995,1991,A_1990_2000,1
3947,183,21.47,0.228,22532,923,0.2483,1991,A_1990_2000,0
3122,127,24.51,0.2883,17905,765,0.2553,1991,A_1990_2000,1
611,40,14.98,0.6547,3603,266,0.4534,1991,A_1990_2000,1
7091,328,21.42,0.1269,41521,1611,0.2421,1991,A_1990_2000,1
3827,298,12.72,0.209,22895,892,0.2464,1991,A_1990_2000,0
2894,109,26.58,0.3801,16870,671,0.2478,1991,A_1990_2000,0
6838,290,23.52,0.1755,40604,1429,0.222,1991,A_1990_2000,0
2681,140,19.03,0.3357,15918,747,0.2965,1992,A_1990_2000,1
3930,146,26.84,0.2799,23531,803,0.2176,1992,A_1990_2000,0
3400,213,15.92,0.2353,19925,943,0.2891,1992,A_1990_2000,0
5368,298,17.76,0.1677,30479,1420,0.2796,1992,A_1990_2000,1
7356,298,24.77,0.1495,43416,1523,0.2225,1992,A_1990_2000,0
2555,118,21.64,0.4305,14843,663,0.2791,1992,A_1990_2000,1
1191,64,18.53,0.5038,6818,467,0.4081,1992,A_1990_2000,1
4301,185,23.18,0.1628,26227,804,0.199,1992,A_1990_2000,0
4610,210,21.83,0.2386,28002,1069,0.2486,1992,A_1990_2000,1
4900,245,20.03,0.2449,28793,1074,0.2331,1992,A_1990_2000,1
2793,118,23.65,0.3938,16840,632,0.2478,1992,A_1990_2000,0
1609,107,14.84,0.3729,9209,570,0.3667,1992,A_1990_2000,1
995,47,21.0,1.005,5689,390,0.4131,1992,A_1990_2000,1
8652,456,18.79,0.1734,52234,1706,0.2089,1992,A_1990_2000,0
6478,309,21.03,0.1235,38938,1313,0.2166,1992,A_1990_2000,1
3429,146,23.38,0.2916,19615,773,0.238,1992,A_1990_2000,1
317,21,15.33,2.2082,1913,169,0.5457,1992,A_1990_2000,1
4253,314,13.43,0.2351,24242,904,0.2274,1992,A_1990_2000,0
2267,135,16.88,0.4411,13324,628,0.2955,1992,A_1990_2000,1
2339,124,18.85,0.3848,13921,666,0.3078,1992,A_1990_2000,1
7472,177,42.1,0.174,42476,1094,0.1538,1992,A_1990_2000,1
4460,95,46.76,0.2691,25613,922,0.2182,1992,A_1990_2000,0
3672,152,24.09,0.2723,21864,706,0.2062,1992,A_1990_2000,1
9412,366,25.66,0.1594,55673,1406,0.1582,1992,A_1990_2000,0
3990,160,24.94,0.3008,23377,995,0.2652,1992,A_1990_2000,0
5194,163,31.69,0.2118,30163,855,0.1767,1992,A_1990_2000,1
10090,409,24.52,0.1487,57782,1992,0.2076,1992,A_1990_2000,0
5327,188,28.59,0.1877,31066,973,0.196,1992,A_1990_2000,1
1008,48,20.92,0.5952,6070,401,0.4117,1992,A_1990_2000,1
5252,255,20.45,0.1904,29764,1189,0.2388,1992,A_1990_2000,0
4323,257,16.54,0.1851,26522,1115,0.2776,1992,A_1990_2000,0
596,27,21.74,0.5034,3490,250,0.4279,1992,A_1990_2000,0
4273,254,16.67,0.1638,25286,1016,0.252,1992,A_1990_2000,0
1972,82,23.91,0.355,11912,475,0.251,1992,A_1990_2000,1
6553,299,21.88,0.1221,38218,1274,0.2069,1992,A_1990_2000,0
5862,321,18.08,0.1194,33715,1079,0.1991,1992,A_1990_2000,0
26451,947,27.97,0.034,160517,3662,0.1467,1992,A_1990_2000,0
5420,377,14.21,0.1661,32830,1148,0.2258,1992,A_1990_2000,2
8193,230,35.56,0.1465,47580,1096,0.1454,1992,A_1990_2000,1
5006,175,28.47,0.1598,28023,810,0.1756,1992,A_1990_2000,1
1087,62,17.48,0.46,6284,483,0.46,1992,A_1990_2000,0
5609,373,14.88,0.1426,31485,1223,0.2307,1992,A_1990_2000,1
6931,222,31.13,0.202,41898,1152,0.1795,1992,A_1990_2000,2
4276,209,20.24,0.2572,25365,968,0.2444,1992,A_1990_2000,1
1668,84,19.74,0.5995,10375,490,0.3124,1992,A_1990_2000,0
2539,119,21.38,0.3939,15343,673,0.2832,1992,A_1990_2000,0
2294,114,19.99,0.3487,14124,696,0.3217,1992,A_1990_2000,1
5729,357,16.06,0.2269,35643,1099,0.2065,1992,A_1990_2000,1
3633,163,22.25,0.2477,22389,760,0.2232,1992,A_1990_2000,1
2465,105,23.26,0.3245,14997,711,0.2998,1992,A_1990_2000,1
1130,42,26.76,0.7965,6730,386,0.3558,1992,A_1990_2000,0
6009,349,17.09,0.1831,35189,1366,0.2385,1992,A_1990_2000,0
1741,116,14.95,0.4021,10350,646,0.3894,1992,A_1990_2000,0
19296,522,36.8,0.0881,109447,2178,0.119,1992,A_1990_2000,1
5005,202,24.84,0.2398,29214,997,0.212,1992,A_1990_2000,2
1649,108,14.93,0.3032,9571,615,0.3881,1992,A_1990_2000,0
5796,225,25.37,0.138,33169,1014,0.1881,1992,A_1990_2000,0
2372,106,22.26,0.3794,14226,626,0.2841,1992,A_1990_2000,1
565,32,17.53,1.2389,3334,277,0.508,1992,A_1990_2000,1
3635,190,19.12,0.3026,22253,1060,0.3103,1992,A_1990_2000,0
757,46,16.33,0.7926,4480,276,0.3831,1992,A_1990_2000,2
2961,173,17.05,0.2364,17260,742,0.2705,1992,A_1990_2000,2
3230,166,19.2,0.1858,18819,1008,0.33,1992,A_1990_2000,1
13999,509,27.36,0.1214,85251,2232,0.169,1992,A_1990_2000,0
6556,215,30.54,0.1525,38686,1195,0.194,1992,A_1990_2000,1
4298,215,19.95,0.1629,25147,922,0.2317,1992,A_1990_2000,0
1112,73,15.25,0.7194,6336,442,0.4182,1992,A_1990_2000,2
2314,150,15.33,0.3025,13074,675,0.3081,1992,A_1990_2000,2
4845,192,25.19,0.227,29412,1092,0.2378,1992,A_1990_2000,0
8602,345,24.9,0.1046,50250,1783,0.2198,1992,A_1990_2000,0
1546,67,22.94,0.4528,9535,529,0.3583,1992,A_1990_2000,0
2387,171,13.7,0.2933,13311,714,0.3134,1992,A_1990_2000,1
3748,194,19.16,0.2134,22063,826,0.2308,1992,A_1990_2000,0
12169,545,22.21,0.1561,71965,2001,0.1744,1992,A_1990_2000,2
2768,148,18.59,0.2168,17045,784,0.3103,1992,A_1990_2000,1
1852,122,14.9,0.432,10508,550,0.3116,1992,A_1990_2000,1
659,36,18.14,1.0622,3956,292,0.4689,1992,A_1990_2000,0
491,31,15.61,0.8147,2872,221,0.4684,1992,A_1990_2000,0
7300,283,25.78,0.2055,43583,1267,0.1922,1992,A_1990_2000,0
2113,95,22.13,0.4733,12453,537,0.275,1992,A_1990_2000,1
849,27,31.19,0.9423,4921,337,0.4052,1992,A_1990_2000,1
1567,112,13.74,0.3829,8845,592,0.3976,1992,A_1990_2000,0
19347,790,24.32,0.1189,115895,3274,0.178,1992,A_1990_2000,2
2986,150,19.97,0.2679,17321,645,0.2321,1992,A_1990_2000,0
4326,185,23.45,0.2774,25230,907,0.2191,1992,A_1990_2000,1
2191,122,17.99,0.5933,13109,703,0.3423,1992,A_1990_2000,1
12760,626,20.19,0.1254,75327,2016,0.1678,1992,A_1990_2000,1
7954,444,17.7,0.088,43588,1604,0.2113,1992,A_1990_2000,1
13008,537,23.89,0.1384,78391,2475,0.2026,1992,A_1990_2000,0
4240,185,22.83,0.2358,24048,929,0.2368,1992,A_1990_2000,1
11595,490,23.53,0.1207,67774,2408,0.2166,1992,A_1990_2000,1
885,35,24.89,0.791,5287,323,0.3831,1992,A_1990_2000,1
1326,76,17.41,0.3771,7724,483,0.3801,1992,A_1990_2000,0
1385,82,16.77,0.6498,8137,518,0.3892,1992,A_1990_2000,1
9230,524,17.53,0.1625,55210,2162,0.2489,1992,A_1990_2000,1
287,20,14.05,1.3937,1689,170,0.6132,1992,A_1990_2000,2
1958,95,20.25,0.3575,11457,612,0.3299,1992,A_1990_2000,1
4504,209,21.53,0.3108,26259,914,0.214,1992,A_1990_2000,2
6039,273,22.11,0.1159,34527,1023,0.1805,1992,A_1990_2000,2
7697,349,21.94,0.1559,46414,1645,0.2323,1992,A_1990_2000,0
1657,87,19.03,0.6639,9969,508,0.3301,1992,A_1990_2000,1
2647,128,20.63,0.4533,15622,687,0.272,1992,A_1990_2000,0
3013,114,26.18,0.3983,18174,707,0.2446,1992,A_1990_2000,1
6520,280,23.22,0.1994,38479,1302,0.2133,1992,A_1990_2000,0
4907,180,27.09,0.2242,28770,1170,0.2521,1992,A_1990_2000,0
4345,204,21.33,0.2532,25934,900,0.2214,1992,A_1990_2000,1
1259,44,28.39,0.7149,7549,474,0.3916,1992,A_1990_2000,0
7745,429,18.04,0.142,46496,1793,0.2445,1992,A_1990_2000,2
14291,670,21.44,0.098,84968,2609,0.1944,1992,A_1990_2000,0
4491,218,20.35,0.1781,27570,818,0.1977,1992,A_1990_2000,1
2464,106,23.14,0.2841,15043,661,0.2829,1992,A_1990_2000,1
11637,554,21.08,0.1031,68564,2065,0.1912,1992,A_1990_2000,0
4033,239,16.7,0.1736,23520,1097,0.2839,1992,A_1990_2000,1
19608,872,22.28,0.1173,116165,3354,0.1807,1992,A_1990_2000,1
2998,159,18.92,0.5003,18310,793,0.2852,1992,A_1990_2000,1
3277,141,23.24,0.2746,19436,843,0.2786,1992,A_1990_2000,0
968,53,18.06,0.8264,5919,433,0.468,1992,A_1990_2000,1
17792,749,23.49,0.1068,104065,2047,0.1248,1992,A_1990_2000,1
2131,88,24.03,0.1877,13032,604,0.2947,1992,A_1990_2000,0
29326,1226,23.87,0.0614,175026,3806,0.14,1992,A_1990_2000,0
8694,382,22.68,0.1265,50693,1741,0.2114,1992,A_1990_2000,1
2426,103,23.22,0.2885,14109,643,0.2762,1992,A_1990_2000,1
4362,248,17.55,0.2293,25940,1069,0.2646,1992,A_1990_2000,0
3448,231,14.79,0.261,20208,895,0.2703,1992,A_1990_2000,1
10948,436,25.08,0.1005,65920,1582,0.1551,1992,A_1990_2000,1
3154,120,26.11,0.3488,18842,886,0.2923,1992,A_1990_2000,2
3472,201,17.05,0.288,20700,911,0.2768,1992,A_1990_2000,0
1733,112,15.25,0.2885,9847,591,0.3572,1992,A_1990_2000,1
4850,171,28.29,0.2268,29125,1021,0.2219,1992,A_1990_2000,0
3023,146,20.64,0.2977,18068,676,0.2415,1992,A_1990_2000,1
3198,170,18.75,0.3127,18305,735,0.2455,1992,A_1990_2000,0
4106,241,16.85,0.2435,24768,868,0.2275,1992,A_1990_2000,1
2351,134,17.46,0.4254,14144,635,0.2884,1992,A_1990_2000,1
4180,215,19.42,0.2392,25148,879,0.2261,1992,A_1990_2000,0
27730,1177,23.54,0.0685,167232,3829,0.1463,1992,A_1990_2000,1
10432,406,25.68,0.0959,60842,1593,0.164,1992,A_1990_2000,1
7640,249,30.61,0.2094,43809,1267,0.1757,1992,A_1990_2000,0
2316,124,18.67,0.4318,14053,728,0.3385,1992,A_1990_2000,1
436,22,19.41,1.3761,2551,235,0.5596,1992,A_1990_2000,2
1440,63,22.65,0.7639,8609,560,0.4021,1992,A_1990_2000,1
1941,77,25.09,0.3091,11466,609,0.3323,1992,A_1990_2000,1
9926,428,23.14,0.1914,59400,2122,0.2256,1992,A_1990_2000,0
2633,162,16.22,0.4558,15826,719,0.294,1992,A_1990_2000,1
970,50,19.16,0.5155,5829,348,0.3773,1992,A_1990_2000,1
3293,183,17.83,0.2429,20047,963,0.3064,1992,A_1990_2000,0
5894,328,17.94,0.1527,33466,990,0.1798,1992,A_1990_2000,1
2578,141,18.1,0.2327,14762,758,0.3053,1992,A_1990_2000,1
4644,259,17.85,0.1507,27748,944,0.2168,1992,A_1990_2000,0
2319,97,23.76,0.3881,13832,647,0.2928,1992,A_1990_2000,2
1054,84,12.38,0.759,6070,424,0.4213,1992,A_1990_2000,1
5072,329,15.39,0.1972,29297,1214,0.2549,1992,A_1990_2000,1
4914,199,24.61,0.2035,29172,830,0.1805,1992,A_1990_2000,0
806,56,14.54,0.6203,4769,355,0.4591,1992,A_1990_2000,0
3182,154,20.64,0.3143,18540,746,0.2511,1992,A_1990_2000,1
5061,202,25.09,0.2371,29919,939,0.1968,1992,A_1990_2000,1
4975,231,21.53,0.2412,29425,962,0.2062,1992,A_1990_2000,0
1490,109,13.5,0.5369,8548,500,0.3544,1992,A_1990_2000,1
468,26,17.77,2.3504,2713,213,0.4786,1992,A_1990_2000,1
1996,133,14.85,0.3006,11384,605,0.3196,1992,A_1990_2000,2
6212,347,17.59,0.1932,36428,1149,0.1978,1992,A_1990_2000,1
1003,52,19.25,0.6979,5965,358,0.3769,1992,A_1990_2000,1
2117,101,20.88,0.3779,12761,593,0.2976,1992,A_1990_2000,1
1334,70,19.04,0.4498,7963,443,0.3516,1992,A_1990_2000,2
20909,845,24.58,0.0622,122818,2677,0.1365,1992,A_1990_2000,1
20468,1035,19.62,0.0635,117238,3183,0.1649,1992,A_1990_2000,1
1247,60,20.82,0.7217,7664,433,0.3617,1992,A_1990_2000,1
5380,209,25.75,0.2416,31722,993,0.1993,1992,A_1990_2000,1
11457,570,19.89,0.0786,68389,1962,0.1802,1992,A_1990_2000,0
1746,99,17.53,0.5727,10396,549,0.3362,1992,A_1990_2000,1
917,64,14.16,0.6543,5397,393,0.4482,1992,A_1990_2000,2
4244,272,15.6,0.2828,24926,977,0.2443,1992,A_1990_2000,1
6580,298,22.06,0.1216,37894,1300,0.2117,1992,A_1990_2000,2
2922,130,22.35,0.3765,17254,912,0.3282,1992,A_1990_2000,2
10299,374,27.53,0.0777,61923,1792,0.1878,1992,A_1990_2000,1
1492,81,18.31,0.4692,8984,458,0.3231,1992,A_1990_2000,1
8305,374,22.01,0.1806,51171,1584,0.2082,1992,A_1990_2000,1
3573,176,20.39,0.2239,21110,872,0.2592,1992,A_1990_2000,1
1262,80,15.64,0.4754,7233,469,0.3899,1992,A_1990_2000,1
5837,291,19.99,0.2227,34088,1436,0.2565,1992,A_1990_2000,0
3191,201,15.85,0.3134,18235,701,0.2322,1992,A_1990_2000,1
7636,269,28.34,0.2488,45200,1128,0.1581,1992,A_1990_2000,0
7866,373,21.09,0.089,46172,1672,0.2274,1992,A_1990_2000,1
3905,154,25.21,0.2561,23136,977,0.2627,1992,A_1990_2000,1
2121,105,20.02,0.5186,12783,660,0.3343,1992,A_1990_2000,0
3591,172,20.82,0.2506,21452,723,0.2116,1992,A_1990_2000,1
3142,147,21.43,0.4456,18903,696,0.2349,1992,A_1990_2000,2
5254,311,16.68,0.1713,30195,1217,0.2438,1992,A_1990_2000,0
3545,199,17.91,0.2257,20573,719,0.2178,1992,A_1990_2000,1
5410,235,22.94,0.2773,32198,1224,0.2383,1992,A_1990_2000,0
2888,209,13.56,0.2424,16646,832,0.3009,1992,A_1990_2000,1
380,19,19.84,2.1053,2140,215,0.5868,1992,A_1990_2000,1
5230,325,15.95,0.1721,30658,1191,0.2407,1992,A_1990_2000,0
3322,131,25.21,0.3612,19313,878,0.2727,1992,A_1990_2000,1
7721,399,19.21,0.1813,46779,1585,0.2186,1992,A_1990_2000,0
1257,63,19.86,0.7955,7709,460,0.3771,1992,A_1990_2000,0
4967,286,17.33,0.2013,29070,1109,0.2366,1992,A_1990_2000,1
2202,116,18.91,0.4087,12833,592,0.2897,1992,A_1990_2000,1
3543,158,22.47,0.254,21140,852,0.2594,1992,A_1990_2000,1
17316,864,19.87,0.0751,105166,2569,0.1603,1992,A_1990_2000,2
26082,1314,19.81,0.0882,154324,3620,0.1485,1992,A_1990_2000,1
1506,74,20.2,0.8632,8755,545,0.3745,1992,A_1990_2000,1
8794,390,22.42,0.2047,53510,2731,0.328,1992,A_1990_2000,1
1487,70,20.99,0.4035,8735,568,0.3948,1992,A_1990_2000,1
3345,150,22.11,0.299,20149,978,0.31,1992,A_1990_2000,1
1221,50,24.22,0.4914,7269,458,0.3907,1992,A_1990_2000,1
12314,522,23.66,0.1299,74293,1756,0.1529,1992,A_1990_2000,0
972,43,22.53,0.4115,5837,373,0.3961,1992,A_1990_2000,1
633,32,19.66,0.9479,3739,296,0.4834,1992,A_1990_2000,1
2253,96,23.36,0.5326,13464,660,0.3116,1992,A_1990_2000,1
25857,1336,19.33,0.0541,149647,3728,0.1527,1992,A_1990_2000,0
2975,155,19.02,0.3361,18474,870,0.3139,1992,A_1990_2000,1
2330,115,20.09,0.3433,13705,613,0.276,1992,A_1990_2000,2
649,46,13.85,0.7704,3760,297,0.4746,1992,A_1990_2000,0
3317,188,17.77,0.3015,20127,900,0.2936,1992,A_1990_2000,1
2535,121,21.02,0.355,15281,727,0.3006,1992,A_1990_2000,1
1887,93,20.19,0.371,11013,620,0.3466,1992,A_1990_2000,1
888,44,20.05,1.2387,5259,384,0.4527,1992,A_1990_2000,1
4637,162,28.44,0.2804,27982,1084,0.2458,1992,A_1990_2000,1
1882,92,20.17,0.7439,11204,546,0.3055,1992,A_1990_2000,1
929,40,23.08,1.2917,5569,365,0.4144,1992,A_1990_2000,1
5518,320,17.17,0.1993,33914,1233,0.2374,1992,A_1990_2000,1
5934,261,22.7,0.1685,33817,1282,0.2299,1992,A_1990_2000,1
8833,410,21.37,0.1472,52221,1931,0.2273,1992,A_1990_2000,1
2772,168,16.43,0.3247,16470,669,0.2597,1992,A_1990_2000,1
1146,48,23.44,0.4363,6675,447,0.4023,1992,A_1990_2000,0
5158,224,22.88,0.1939,29281,1266,0.2559,1992,A_1990_2000,1
507,29,17.41,1.1834,3043,219,0.4536,1992,A_1990_2000,0
7556,393,19.17,0.1059,44451,1779,0.2483,1992,A_1990_2000,0
3389,165,20.53,0.2951,19609,917,0.2853,1992,A_1990_2000,0
803,43,18.53,0.6227,4593,317,0.4159,1992,A_1990_2000,1
14286,764,18.51,0.112,85087,2136,0.1597,1992,A_1990_2000,2
3563,160,22.16,0.1965,20630,871,0.2599,1992,A_1990_2000,1
3700,174,21.22,0.2162,21943,767,0.2243,1992,A_1990_2000,0
844,48,17.46,0.5924,4963,349,0.4372,1992,A_1990_2000,1
2584,142,18.08,0.3096,15033,797,0.3239,1992,A_1990_2000,1
2431,120,20.15,0.3702,14408,687,0.3028,1992,A_1990_2000,0
764,36,21.08,1.3089,4645,320,0.4385,1992,A_1990_2000,0
6800,320,21.22,0.1176,39448,1244,0.1978,1992,A_1990_2000,1
1565,87,17.67,0.5112,9398,502,0.3348,1992,A_1990_2000,1
1280,56,22.59,0.7812,7706,499,0.407,1992,A_1990_2000,1
2933,142,20.35,0.3409,17046,803,0.2936,1992,A_1990_2000,1
2676,127,21.02,0.3737,16308,736,0.2926,1992,A_1990_2000,1
2611,124,21.15,0.4213,15618,652,0.2673,1992,A_1990_2000,0
6753,279,24.2,0.1185,39826,1252,0.1981,1992,A_1990_2000,1
982,30,32.47,0.8147,5952,425,0.4491,1992,A_1990_2000,1
4318,226,19.1,0.3242,25984,1000,0.2462,1992,A_1990_2000,1
1981,84,23.32,0.5048,11649,532,0.2903,1992,A_1990_2000,1
9667,457,20.91,0.1655,56339,1947,0.2122,1992,A_1990_2000,1
1314,53,24.6,0.6849,7820,464,0.3729,1992,A_1990_2000,1
7346,297,24.84,0.1497,43323,1250,0.184,1992,A_1990_2000,0
4429,117,37.93,0.158,27424,800,0.1926,1992,A_1990_2000,1
947,33,28.39,0.8448,5699,341,0.3738,1992,A_1990_2000,1
1426,97,14.53,0.2805,8401,508,0.3703,1992,A_1990_2000,0
2065,104,19.7,0.4843,12369,595,0.307,1992,A_1990_2000,1
2201,129,17.1,0.6361,13120,694,0.3348,1992,A_1990_2000,1
692,32,21.59,1.1561,3989,310,0.4668,1993,A_1990_2000,2
11618,601,19.17,0.0775,67694,2223,0.2043,1993,A_1990_2000,0
2065,93,22.22,0.3874,11687,567,0.2877,1993,A_1990_2000,0
3369,119,28.21,0.2968,18879,857,0.2663,1993,A_1990_2000,1
3435,164,20.91,0.2911,19720,826,0.2556,1993,A_1990_2000,1
3297,142,23.13,0.273,19626,740,0.2408,1993,A_1990_2000,0
6710,308,21.79,0.149,40460,1130,0.18,1993,A_1990_2000,0
3392,123,27.6,0.2653,19737,828,0.2603,1993,A_1990_2000,0
1659,76,21.91,0.6631,10242,590,0.3761,1993,A_1990_2000,2
1679,103,16.23,0.4169,9811,536,0.3311,1993,A_1990_2000,2
9111,309,29.37,0.1646,54361,1833,0.211,1993,A_1990_2000,1
4890,256,18.89,0.2249,29889,1345,0.2961,1993,A_1990_2000,0
1947,104,18.56,0.3595,11339,616,0.3323,1993,A_1990_2000,1
4199,235,17.71,0.1429,24786,1066,0.2729,1993,A_1990_2000,1
5643,251,22.67,0.1595,32740,1056,0.1988,1993,A_1990_2000,0
1481,80,18.21,0.2701,8832,523,0.372,1993,A_1990_2000,0
2810,146,19.27,0.3559,16274,829,0.3139,1993,A_1990_2000,1
3490,142,24.51,0.2865,20914,960,0.2868,1993,A_1990_2000,2
965,59,16.25,1.1399,5748,414,0.4477,1993,A_1990_2000,0
1499,68,21.97,0.2668,9081,479,0.3356,1993,A_1990_2000,0
1120,49,22.8,0.8036,6620,410,0.3839,1993,A_1990_2000,1
999,52,18.98,0.8008,5797,425,0.4444,1993,A_1990_2000,0
4383,206,21.13,0.2053,25479,811,0.1978,1993,A_1990_2000,1
678,39,17.41,0.885,3910,278,0.4366,1993,A_1990_2000,0
1301,74,17.53,0.6149,7589,439,0.352,1993,A_1990_2000,1
1917,114,16.8,0.313,11141,658,0.361,1993,A_1990_2000,2
2573,137,18.72,0.2721,15851,741,0.3094,1993,A_1990_2000,0
3619,216,16.65,0.2211,21328,1015,0.2984,1993,A_1990_2000,1
2394,99,24.03,0.2089,14188,675,0.2945,1993,A_1990_2000,2
191,14,13.43,1.0471,1175,131,0.712,1993,A_1990_2000,1
1357,74,18.24,0.2211,8131,490,0.3795,1993,A_1990_2000,0
7394,280,26.27,0.1217,42090,1435,0.2033,1993,A_1990_2000,1
7197,477,15.1,0.1251,44927,1520,0.2284,1993,A_1990_2000,1
1399,84,16.67,0.4289,8512,424,0.3281,1993,A_1990_2000,0
7294,316,22.97,0.1234,43468,1725,0.2477,1993,A_1990_2000,1
3166,217,14.62,0.2527,17896,829,0.277,1993,A_1990_2000,0
715,39,18.31,0.979,4055,315,0.4811,1993,A_1990_2000,0
4464,209,21.39,0.1792,27883,942,0.2233,1993,A_1990_2000,1
7768,361,21.57,0.1545,44999,1648,0.2231,1993,A_1990_2000,1
3435,154,22.23,0.3493,20582,672,0.209,1993,A_1990_2000,1
4332,151,28.75,0.2308,25198,888,0.2165,1993,A_1990_2000,1
2302,102,22.43,0.5647,14025,908,0.4149,1993,A_1990_2000,0
12183,564,21.53,0.1724,72087,1822,0.1588,1993,A_1990_2000,1
2177,99,22.15,0.3675,12873,602,0.2908,1993,A_1990_2000,1
5873,331,17.42,0.2043,35209,1326,0.2387,1993,A_1990_2000,1
5500,196,27.99,0.2182,32208,1117,0.2136,1993,A_1990_2000,0
2711,157,17.11,0.2213,15648,681,0.2685,1993,A_1990_2000,0
3596,206,17.33,0.1947,22203,923,0.2756,1993,A_1990_2000,1
5296,235,22.45,0.2077,31879,1275,0.2572,1993,A_1990_2000,0
2426,118,20.4,0.4946,14261,672,0.2918,1993,A_1990_2000,1
5029,189,26.56,0.179,30974,920,0.1969,1993,A_1990_2000,1
3599,155,23.24,0.2501,20485,847,0.2498,1993,A_1990_2000,1
2768,128,21.6,0.5058,16707,733,0.2879,1993,A_1990_2000,1
4959,283,17.37,0.1815,29600,1320,0.2847,1993,A_1990_2000,0
5720,237,24.16,0.2622,34004,1221,0.2278,1993,A_1990_2000,0
551,54,10.33,1.0889,3415,282,0.5336,1993,A_1990_2000,2
7917,386,20.52,0.1768,45285,1544,0.2063,1993,A_1990_2000,1
2805,156,18.01,0.3922,16236,848,0.3237,1993,A_1990_2000,1
2802,115,24.35,0.3569,16991,746,0.2852,1993,A_1990_2000,1
7703,269,28.67,0.1558,45724,1272,0.1747,1993,A_1990_2000,0
3795,268,14.03,0.1581,21893,1000,0.2825,1993,A_1990_2000,1
2023,112,17.96,0.4943,12296,664,0.3455,1993,A_1990_2000,1
2950,139,21.17,0.3051,16947,809,0.2878,1993,A_1990_2000,0
1061,55,19.04,0.5655,6341,369,0.3638,1993,A_1990_2000,1
1816,91,19.95,0.4405,10820,592,0.3403,1993,A_1990_2000,0
2226,168,13.14,0.3594,12967,775,0.3616,1993,A_1990_2000,0
2865,100,28.46,0.349,16871,783,0.2838,1993,A_1990_2000,0
2571,98,26.27,0.3112,15174,581,0.2388,1993,A_1990_2000,1
6082,276,21.85,0.1644,34695,1156,0.2036,1993,A_1990_2000,2
6353,335,18.96,0.1731,38569,1185,0.2004,1993,A_1990_2000,0
2126,94,22.6,0.3763,12597,699,0.3476,1993,A_1990_2000,0
6918,294,23.52,0.1735,39692,1265,0.1953,1993,A_1990_2000,1
5302,279,18.93,0.1886,32293,1346,0.2722,1993,A_1990_2000,1
3858,144,26.68,0.311,22539,948,0.2574,1993,A_1990_2000,0
3128,137,22.9,0.2238,18210,732,0.2465,1993,A_1990_2000,0
8238,318,25.91,0.1335,47382,1396,0.1821,1993,A_1990_2000,1
3418,199,17.11,0.2341,20159,852,0.2665,1993,A_1990_2000,2
8515,368,23.12,0.1292,50302,1558,0.1926,1993,A_1990_2000,0
3368,176,19.16,0.2672,19496,805,0.2524,1993,A_1990_2000,1
3842,201,18.81,0.1822,22200,870,0.2405,1993,A_1990_2000,0
1124,50,22.4,0.5338,6477,438,0.4048,1993,A_1990_2000,2
1124,53,21.06,0.8007,6714,457,0.4306,1993,A_1990_2000,0
2895,101,28.6,0.3109,16659,680,0.2439,1993,A_1990_2000,0
3059,140,21.92,0.3269,17949,903,0.3138,1993,A_1990_2000,2
683,43,15.4,0.4392,4043,286,0.4466,1993,A_1990_2000,2
12824,600,21.32,0.0936,75344,2146,0.1785,1993,A_1990_2000,0
5197,222,23.36,0.3079,30836,1228,0.2503,1993,A_1990_2000,2
4652,198,23.47,0.2365,26373,962,0.2186,1993,A_1990_2000,2
2607,114,22.82,0.3069,14730,782,0.3122,1993,A_1990_2000,0
1059,65,16.02,0.661,6650,448,0.4438,1993,A_1990_2000,1
456,38,12.11,1.5351,2656,225,0.5329,1993,A_1990_2000,0
3642,180,20.08,0.2746,20823,903,0.2614,1993,A_1990_2000,0
2554,121,20.88,0.3524,14777,758,0.3109,1993,A_1990_2000,0
8336,247,33.73,0.144,47890,1316,0.1687,1993,A_1990_2000,0
11264,509,22.15,0.1154,66132,2006,0.1872,1993,A_1990_2000,0
1681,92,18.33,0.4164,9659,569,0.3563,1993,A_1990_2000,0
916,75,12.07,0.655,5396,374,0.4225,1993,A_1990_2000,1
1909,122,15.5,0.3667,11157,642,0.3536,1993,A_1990_2000,1
9683,395,24.45,0.1756,57830,2371,0.2579,1993,A_1990_2000,1
6767,298,22.66,0.1626,38952,1099,0.1735,1993,A_1990_2000,1
10690,354,30.15,0.1216,64706,1825,0.1804,1993,A_1990_2000,1
3207,108,29.64,0.3742,19109,720,0.2389,1993,A_1990_2000,1
4513,199,22.62,0.2437,26369,1012,0.2369,1993,A_1990_2000,0
3320,202,16.33,0.2108,19542,814,0.2639,1993,A_1990_2000,1
4499,180,25.05,0.2667,26803,1167,0.2716,1993,A_1990_2000,1
2555,113,22.54,0.5088,15124,799,0.3299,1993,A_1990_2000,0
2500,111,22.26,0.48,14778,778,0.3252,1993,A_1990_2000,0
4027,220,18.23,0.298,23950,855,0.2245,1993,A_1990_2000,0
6939,259,26.83,0.1441,40570,1161,0.1787,1993,A_1990_2000,1
6804,257,26.37,0.147,40187,1194,0.1886,1993,A_1990_2000,0
5192,281,18.3,0.2119,30867,1089,0.2273,1993,A_1990_2000,0
3293,112,29.36,0.3644,19287,795,0.2557,1993,A_1990_2000,0
1776,83,21.19,0.6194,10448,476,0.2798,1993,A_1990_2000,1
4293,203,21.24,0.2329,26317,838,0.2087,1993,A_1990_2000,0
2334,101,23.0,0.3428,13444,725,0.3248,1993,A_1990_2000,0
1222,52,23.27,0.4092,7337,441,0.3764,1993,A_1990_2000,0
3910,252,15.48,0.2046,23567,933,0.2575,1993,A_1990_2000,0
5342,286,18.64,0.1685,30327,1310,0.2591,1993,A_1990_2000,2
9536,539,17.55,0.1573,57978,1778,0.1981,1993,A_1990_2000,1
2922,93,31.31,0.2738,16841,650,0.2355,1993,A_1990_2000,0
2577,123,20.5,0.3492,14748,710,0.2906,1993,A_1990_2000,1
7759,420,18.42,0.2191,45896,1322,0.1829,1993,A_1990_2000,1
5520,320,17.03,0.1993,32693,1484,0.2884,1993,A_1990_2000,1
4541,190,23.87,0.1542,26778,1077,0.2568,1993,A_1990_2000,0
1807,78,23.19,0.4427,10242,499,0.2933,1993,A_1990_2000,0
1753,86,20.07,0.4564,10405,548,0.3292,1993,A_1990_2000,1
6412,311,20.51,0.1404,39205,1361,0.2271,1993,A_1990_2000,1
3626,172,21.0,0.2206,21110,1006,0.2937,1993,A_1990_2000,1
5049,347,14.48,0.2377,29665,1508,0.3191,1993,A_1990_2000,0
1011,67,14.99,0.3956,5786,410,0.4214,1993,A_1990_2000,1
7137,392,18.12,0.1121,43248,1404,0.2113,1993,A_1990_2000,1
3832,212,18.06,0.1566,23050,865,0.243,1993,A_1990_2000,1
1680,113,14.73,0.3571,9897,564,0.3506,1993,A_1990_2000,0
1131,45,25.13,0.7958,6557,379,0.359,1993,A_1990_2000,0
5893,258,22.97,0.1527,34180,1101,0.1982,1993,A_1990_2000,1
4036,130,30.85,0.2973,22645,909,0.2386,1993,A_1990_2000,0
3435,144,23.74,0.2329,19786,780,0.2463,1993,A_1990_2000,0
2951,248,11.65,0.2033,16785,799,0.2857,1993,A_1990_2000,0
1679,79,20.86,0.3574,10278,569,0.355,1993,A_1990_2000,0
8582,437,19.57,0.1515,53769,1678,0.2118,1993,A_1990_2000,1
3142,124,25.22,0.3183,18844,788,0.2661,1993,A_1990_2000,0
2869,208,13.68,0.2091,16209,846,0.3067,1993,A_1990_2000,0
1672,115,14.46,0.4187,9975,560,0.3517,1993,A_1990_2000,2
1371,74,18.54,0.5835,7948,437,0.3326,1993,A_1990_2000,2
7055,378,18.55,0.1984,42104,1440,0.22,1993,A_1990_2000,1
8502,376,22.53,0.1176,49159,1947,0.2422,1993,A_1990_2000,0
5918,232,25.36,0.338,34577,1344,0.2416,1993,A_1990_2000,1
3923,189,20.79,0.3059,22425,918,0.248,1993,A_1990_2000,0
4233,148,28.57,0.1417,25060,1078,0.2686,1993,A_1990_2000,1
5812,195,29.7,0.3097,33891,1189,0.2137,1993,A_1990_2000,2
5932,196,30.17,0.3034,34369,1225,0.2165,1993,A_1990_2000,2
916,62,14.66,0.5459,5181,385,0.44,1993,A_1990_2000,1
6376,314,20.17,0.1098,36409,1179,0.1968,1993,A_1990_2000,2
6805,286,23.62,0.191,40376,1381,0.2151,1993,A_1990_2000,1
1799,78,23.26,0.667,10659,581,0.343,1993,A_1990_2000,1
3829,130,29.47,0.3395,22658,813,0.2241,1993,A_1990_2000,1
53748,2315,23.09,0.0391,325776,6471,0.1286,1993,A_1990_2000,2
7049,339,20.62,0.1702,41882,1358,0.2066,1993,A_1990_2000,1
3559,191,18.43,0.2529,20946,767,0.2329,1993,A_1990_2000,0
3806,177,21.38,0.2102,22317,882,0.247,1993,A_1990_2000,1
960,47,20.43,1.0417,5964,386,0.4281,1993,A_1990_2000,0
1799,97,18.18,0.6115,10286,585,0.3424,1993,A_1990_2000,0
1603,106,15.0,0.4991,9254,546,0.355,1993,A_1990_2000,0
5418,300,18.06,0.203,31774,1019,0.2041,1993,A_1990_2000,1
2671,102,26.0,0.337,15668,698,0.2737,1993,A_1990_2000,1
4000,159,24.93,0.25,23267,931,0.2452,1993,A_1990_2000,1
2556,94,26.95,0.3912,15157,733,0.3032,1993,A_1990_2000,1
2584,105,24.55,0.387,15139,724,0.2995,1993,A_1990_2000,1
8881,366,24.19,0.1914,52760,1633,0.1958,1993,A_1990_2000,1
3273,114,28.49,0.275,18509,815,0.2576,1993,A_1990_2000,1
2129,101,20.9,0.3758,12249,476,0.2414,1993,A_1990_2000,1
6520,291,22.38,0.1994,38365,1527,0.2517,1993,A_1990_2000,0
637,43,14.81,0.6279,3816,277,0.4553,1993,A_1990_2000,2
2859,151,18.83,0.2798,16561,651,0.2406,1993,A_1990_2000,1
1798,136,13.1,0.3337,10314,534,0.3242,1993,A_1990_2000,1
5683,241,23.43,0.1232,34689,1017,0.196,1993,A_1990_2000,0
5804,264,21.98,0.1378,33889,994,0.1847,1993,A_1990_2000,0
1518,104,14.35,0.527,8549,467,0.3235,1993,A_1990_2000,1
3018,98,30.65,0.3313,17658,669,0.2346,1993,A_1990_2000,1
9521,314,30.35,0.168,57835,1742,0.1943,1993,A_1990_2000,0
3314,168,19.64,0.2112,19137,858,0.2707,1993,A_1990_2000,2
1970,128,15.38,0.5584,11704,560,0.3076,1993,A_1990_2000,1
3959,182,21.75,0.2778,23424,970,0.2571,1993,A_1990_2000,1
2373,117,20.32,0.4214,14332,721,0.3207,1993,A_1990_2000,1
1909,102,18.76,0.4715,10544,599,0.3316,1993,A_1990_2000,0
1844,140,13.03,0.4338,10310,587,0.3351,1993,A_1990_2000,0
8040,346,23.37,0.1493,48769,1891,0.2453,1993,A_1990_2000,1
501,24,20.79,1.1976,3035,247,0.513,1993,A_1990_2000,1
7813,328,23.65,0.1792,45428,1302,0.1797,1993,A_1990_2000,0
1220,71,17.15,0.8197,7353,473,0.4057,1993,A_1990_2000,1
4506,186,24.25,0.1997,26882,1127,0.2679,1993,A_1990_2000,0
507,26,19.5,1.9724,2991,225,0.4635,1993,A_1990_2000,1
1364,65,21.08,0.5132,8084,498,0.3893,1993,A_1990_2000,1
1523,54,28.22,0.6566,9207,495,0.3434,1993,A_1990_2000,1
8928,346,25.68,0.1792,53404,1550,0.1868,1993,A_1990_2000,1
391,24,16.29,1.5345,2330,179,0.4962,1993,A_1990_2000,1
5249,177,29.55,0.2667,31150,1040,0.2117,1993,A_1990_2000,1
6542,279,23.38,0.1987,39185,1351,0.218,1993,A_1990_2000,1
7140,293,24.31,0.1401,43668,1178,0.177,1993,A_1990_2000,1
2238,114,19.53,0.4468,13286,650,0.307,1993,A_1990_2000,1
5589,181,30.88,0.2684,32675,1091,0.2086,1993,A_1990_2000,2
1623,72,22.49,0.4929,9659,432,0.2908,1993,A_1990_2000,0
9042,352,25.68,0.1217,52329,1432,0.1651,1993,A_1990_2000,1
857,30,28.0,0.5834,4999,371,0.4551,1993,A_1990_2000,1
8951,291,30.76,0.1341,51573,1404,0.1633,1993,A_1990_2000,1
10621,408,26.04,0.1506,63514,1881,0.1857,1993,A_1990_2000,0
4665,126,36.98,0.2358,27382,956,0.2163,1993,A_1990_2000,1
6994,403,17.22,0.1859,44105,1720,0.2654,1993,A_1990_2000,0
2077,88,23.53,0.1926,12124,586,0.2985,1993,A_1990_2000,0
5235,215,24.28,0.191,30321,919,0.188,1993,A_1990_2000,2
931,53,17.51,0.7519,5483,378,0.4221,1993,A_1990_2000,0
4256,199,21.23,0.2585,24813,1187,0.2958,1993,A_1990_2000,1
1561,80,19.3,0.1922,9351,458,0.3094,1993,A_1990_2000,1
1025,74,13.8,0.9756,6176,424,0.438,1993,A_1990_2000,2
2962,132,22.52,0.4051,17364,662,0.2434,1993,A_1990_2000,0
10311,403,25.55,0.097,60278,1580,0.1617,1993,A_1990_2000,1
1596,99,15.99,0.6266,8999,553,0.369,1993,A_1990_2000,0
1495,83,17.95,0.4013,8573,527,0.3753,1993,A_1990_2000,2
5504,230,23.89,0.1635,32049,1192,0.2309,1993,A_1990_2000,0
2458,96,25.68,0.2848,14238,573,0.2494,1993,A_1990_2000,0
2021,91,22.15,0.3958,12042,681,0.3498,1993,A_1990_2000,1
1910,87,22.01,0.5236,11399,638,0.3487,1993,A_1990_2000,1
6175,338,18.24,0.1457,35413,832,0.1472,1993,A_1990_2000,1
18589,744,25.08,0.0807,108106,2440,0.1384,1993,A_1990_2000,1
9615,424,22.64,0.1352,56657,1739,0.1923,1993,A_1990_2000,1
2409,139,17.21,0.3736,14661,676,0.2935,1993,A_1990_2000,1
1686,92,18.18,0.4745,9659,517,0.325,1993,A_1990_2000,1
1515,83,18.31,0.5941,8510,553,0.3809,1993,A_1990_2000,2
3656,241,15.18,0.1915,21550,724,0.209,1993,A_1990_2000,1
3215,154,20.74,0.311,20235,664,0.223,1993,A_1990_2000,1
7138,364,19.33,0.2101,43353,1945,0.2901,1993,A_1990_2000,0
4882,207,23.53,0.2458,29292,1209,0.2677,1993,A_1990_2000,0
5533,255,21.67,0.2169,33183,1140,0.2194,1993,A_1990_2000,1
2984,153,19.58,0.3351,18080,944,0.3375,1993,A_1990_2000,1
2453,135,18.19,0.53,15053,735,0.3225,1993,A_1990_2000,1
1324,65,20.34,0.8308,7934,478,0.3822,1993,A_1990_2000,1
1894,113,16.64,0.4752,11371,503,0.2777,1993,A_1990_2000,1
6538,249,26.27,0.153,37929,1228,0.1998,1993,A_1990_2000,1
2065,129,15.95,0.339,13023,567,0.293,1993,A_1990_2000,1
1060,50,21.24,0.8491,6623,397,0.3991,1993,A_1990_2000,0
6073,261,23.31,0.2305,35044,1068,0.1861,1993,A_1990_2000,1
5337,239,22.26,0.1124,31112,1059,0.2127,1993,A_1990_2000,1
4264,270,15.76,0.2814,25802,1203,0.307,1993,A_1990_2000,1
1032,60,17.22,0.6783,5910,435,0.4428,1993,A_1990_2000,1
2395,81,29.48,0.334,13946,689,0.2998,1993,A_1990_2000,1
5575,302,18.34,0.1973,32348,1150,0.2174,1993,A_1990_2000,1
10192,380,26.75,0.1472,60136,1716,0.18,1993,A_1990_2000,0
2070,109,19.01,0.3865,12006,538,0.2768,1993,A_1990_2000,0
2157,133,16.14,0.3709,13022,658,0.331,1993,A_1990_2000,0
2910,111,26.23,0.2405,17478,779,0.2832,1993,A_1990_2000,0
8226,282,29.1,0.1945,49241,1612,0.2087,1994,A_1990_2000,0
8152,245,33.25,0.1963,48945,1656,0.216,1994,A_1990_2000,0
1650,68,24.31,0.4242,9535,512,0.3327,1994,A_1990_2000,0
5232,220,23.79,0.1911,29220,1242,0.2481,1994,A_1990_2000,2
7917,258,30.65,0.1263,45433,1557,0.2045,1994,A_1990_2000,1
5345,228,23.4,0.2432,31262,1346,0.2655,1994,A_1990_2000,0
2801,125,22.39,0.3927,16417,817,0.3074,1994,A_1990_2000,1
17663,686,25.61,0.1076,105469,2498,0.1497,1994,A_1990_2000,1
3619,240,15.2,0.3592,21127,1017,0.2979,1994,A_1990_2000,0
6364,274,23.27,0.1257,37062,1499,0.2514,1994,A_1990_2000,0
6399,172,37.26,0.1719,36745,1342,0.2222,1994,A_1990_2000,0
2424,117,20.7,0.33,13496,701,0.302,1994,A_1990_2000,2
3528,153,23.1,0.2834,19738,899,0.2673,1994,A_1990_2000,2
1437,59,24.34,0.4871,8257,488,0.3549,1994,A_1990_2000,1
1308,56,23.27,0.7645,7821,464,0.3784,1994,A_1990_2000,1
6644,245,27.14,0.2107,38492,1369,0.2158,1994,A_1990_2000,0
7631,271,28.0,0.249,44847,1473,0.205,1994,A_1990_2000,1
913,47,19.4,0.9858,5441,391,0.46,1994,A_1990_2000,1
4029,223,17.95,0.3723,23732,973,0.2579,1994,A_1990_2000,1
1757,77,22.79,0.3415,10206,517,0.321,1994,A_1990_2000,1
2107,136,15.45,0.2848,12180,685,0.3403,1994,A_1990_2000,1
3317,154,21.42,0.2412,18881,873,0.281,1994,A_1990_2000,1
1045,47,22.13,0.5742,6306,407,0.4182,1994,A_1990_2000,1
3873,164,23.35,0.1549,22566,860,0.237,1994,A_1990_2000,1
3426,154,22.16,0.1168,20449,1091,0.3348,1994,A_1990_2000,0
11579,462,25.12,0.1123,68734,2009,0.1823,1994,A_1990_2000,0
1269,62,20.32,0.2364,7593,457,0.3735,1994,A_1990_2000,1
5681,220,25.94,0.1936,34450,1253,0.2311,1994,A_1990_2000,1
8553,290,29.59,0.1052,49492,1344,0.1661,1994,A_1990_2000,1
8283,351,23.65,0.1207,48795,1757,0.2262,1994,A_1990_2000,0
3062,137,22.48,0.2939,18277,852,0.2933,1994,A_1990_2000,0
1576,71,22.34,0.6345,9300,524,0.3585,1994,A_1990_2000,1
8728,362,24.02,0.0917,50363,1724,0.2053,1994,A_1990_2000,0
8867,344,25.71,0.1128,50607,1695,0.2002,1994,A_1990_2000,0
18747,550,33.76,0.1067,110370,3081,0.1715,1994,A_1990_2000,1
1831,79,23.15,0.4369,11176,564,0.3337,1994,A_1990_2000,1
2628,148,17.84,0.3805,15478,611,0.25,1994,A_1990_2000,1
344,25,13.48,2.0349,2072,175,0.5552,1994,A_1990_2000,1
6868,242,28.32,0.1456,40852,1481,0.2283,1994,A_1990_2000,0
2143,108,19.77,0.4666,12753,602,0.2968,1994,A_1990_2000,1
1593,69,23.25,0.6277,9822,533,0.3528,1994,A_1990_2000,0
1760,78,22.45,0.3977,10014,604,0.3659,1994,A_1990_2000,1
6344,232,27.37,0.1419,37028,1383,0.2312,1994,A_1990_2000,1
1251,86,14.31,0.6395,7729,427,0.3733,1994,A_1990_2000,0
5005,258,19.26,0.2597,30549,1097,0.2312,1994,A_1990_2000,1
16090,702,22.81,0.0932,91256,2821,0.1853,1994,A_1990_2000,0
2023,84,23.67,0.4943,11955,661,0.344,1994,A_1990_2000,1
5353,213,25.07,0.2055,31380,1050,0.2089,1994,A_1990_2000,1
1662,72,22.94,0.361,9876,489,0.3129,1994,A_1990_2000,1
1305,60,21.68,0.7663,7290,497,0.4008,1994,A_1990_2000,0
1989,95,20.8,0.3017,11023,592,0.3147,1994,A_1990_2000,1
3017,131,23.04,0.2652,16646,741,0.2609,1994,A_1990_2000,2
1808,96,18.71,0.4978,10501,611,0.359,1994,A_1990_2000,0
1607,61,26.3,0.6223,9694,485,0.3236,1994,A_1990_2000,1
13859,660,20.93,0.0938,82327,2706,0.2113,1994,A_1990_2000,0
21907,773,28.24,0.0913,130588,2971,0.1437,1994,A_1990_2000,0
21877,674,32.35,0.0914,129757,2989,0.1443,1994,A_1990_2000,0
4705,179,26.24,0.255,26909,1095,0.2444,1994,A_1990_2000,0
2260,80,28.32,0.3982,13462,646,0.3022,1994,A_1990_2000,1
9236,314,29.36,0.1732,56460,1772,0.203,1994,A_1990_2000,1
1385,62,22.27,0.4332,7863,522,0.3884,1994,A_1990_2000,2
663,36,18.44,0.7541,3958,298,0.4842,1994,A_1990_2000,0
2056,133,15.41,0.4864,12152,637,0.3278,1994,A_1990_2000,1
3958,134,29.41,0.4295,23306,1034,0.2749,1994,A_1990_2000,0
9949,414,24.09,0.1206,60905,2041,0.2172,1994,A_1990_2000,1
4815,301,15.96,0.1661,28443,1360,0.2974,1994,A_1990_2000,1
6799,268,25.31,0.25,42205,1633,0.2542,1994,A_1990_2000,0
2309,85,27.34,0.3465,13426,680,0.3088,1994,A_1990_2000,0
1221,82,14.94,0.7371,7219,508,0.4414,1994,A_1990_2000,1
1273,65,19.49,0.5499,7730,478,0.403,1994,A_1990_2000,0
7043,230,30.7,0.2982,41279,1335,0.2005,1994,A_1990_2000,1
3288,144,22.71,0.2737,19000,831,0.2658,1994,A_1990_2000,1
6291,209,30.05,0.1431,36360,1295,0.2141,1994,A_1990_2000,0
2094,104,20.24,0.382,12710,597,0.3023,1994,A_1990_2000,0
4704,207,22.49,0.1913,28037,1108,0.2487,1994,A_1990_2000,2
4729,187,25.26,0.1903,28148,1141,0.255,1994,A_1990_2000,2
1514,93,16.25,0.7266,9217,495,0.3514,1994,A_1990_2000,1
8616,340,25.29,0.1277,52812,1441,0.1783,1994,A_1990_2000,1
1394,62,22.39,0.7174,8076,553,0.4161,1994,A_1990_2000,1
802,46,17.41,0.9975,4761,338,0.4514,1994,A_1990_2000,1
2154,126,16.51,0.3714,12261,692,0.3343,1994,A_1990_2000,1
2082,114,18.01,0.2402,11780,659,0.33,1994,A_1990_2000,1
3926,214,17.86,0.3566,22999,932,0.2514,1994,A_1990_2000,2
3511,159,21.97,0.2563,19602,1036,0.3082,1994,A_1990_2000,0
1313,53,24.91,0.6855,7658,421,0.3465,1994,A_1990_2000,0
1685,96,17.43,0.5935,10360,579,0.3668,1994,A_1990_2000,1
3388,107,31.55,0.2656,20166,810,0.2512,1994,A_1990_2000,1
2462,87,28.4,0.3249,14680,679,0.288,1994,A_1990_2000,1
8490,392,21.51,0.0942,50811,1582,0.1974,1994,A_1990_2000,0
4783,219,21.86,0.23,28498,996,0.2227,1994,A_1990_2000,0
3539,165,21.14,0.2261,20508,899,0.2653,1994,A_1990_2000,1
5047,305,16.62,0.2972,29527,1128,0.2374,1994,A_1990_2000,1
4264,222,19.0,0.1876,24777,907,0.2308,1994,A_1990_2000,0
1146,61,18.74,0.7853,6835,473,0.4372,1994,A_1990_2000,1
1106,61,17.93,0.8137,6485,381,0.3653,1994,A_1990_2000,0
3151,173,18.09,0.4126,18802,850,0.2859,1994,A_1990_2000,1
3592,220,16.39,0.3619,21508,1164,0.3424,1994,A_1990_2000,1
4054,147,27.39,0.1973,24242,1032,0.2679,1994,A_1990_2000,0
2708,142,19.0,0.4062,15390,800,0.3128,1994,A_1990_2000,0
15514,622,25.03,0.1031,89931,3065,0.2076,1994,A_1990_2000,1
2221,89,25.0,0.4502,13168,573,0.2742,1994,A_1990_2000,1
2340,100,23.3,0.3419,14047,618,0.2726,1994,A_1990_2000,1
248,16,15.38,3.629,1476,122,0.5565,1994,A_1990_2000,2
1802,79,22.73,0.444,11095,572,0.3402,1994,A_1990_2000,1
6069,280,21.51,0.1318,36759,1298,0.2238,1994,A_1990_2000,1
6093,273,22.29,0.1313,36755,1334,0.229,1994,A_1990_2000,1
3517,121,28.96,0.2843,20354,905,0.2721,1994,A_1990_2000,1
3857,140,27.61,0.363,22754,824,0.224,1994,A_1990_2000,0
4071,193,21.08,0.2211,23223,1041,0.27,1994,A_1990_2000,0
2156,84,25.57,0.4174,12379,631,0.3103,1994,A_1990_2000,0
19237,753,25.44,0.13,113834,3285,0.181,1994,A_1990_2000,0
1213,53,22.87,0.6595,7235,409,0.3545,1994,A_1990_2000,0
566,23,24.43,1.5901,3311,265,0.4841,1994,A_1990_2000,1
1641,66,24.74,0.4266,9470,506,0.3218,1994,A_1990_2000,0
1646,74,22.28,0.486,9538,495,0.3171,1994,A_1990_2000,0
3782,145,26.0,0.2909,22630,771,0.2142,1994,A_1990_2000,0
1532,77,19.96,0.5222,9062,492,0.3375,1994,A_1990_2000,1
3411,118,28.8,0.3225,20119,803,0.2527,1994,A_1990_2000,1
6227,268,23.18,0.1606,35294,1361,0.2298,1994,A_1990_2000,0
3004,155,19.25,0.2996,17759,817,0.2866,1994,A_1990_2000,1
1019,79,12.77,0.5888,6220,411,0.4289,1994,A_1990_2000,1
8146,366,22.31,0.2455,48740,2238,0.2868,1994,A_1990_2000,1
697,52,13.37,1.1478,4349,293,0.4548,1994,A_1990_2000,1
3442,156,21.92,0.2324,20983,873,0.2673,1994,A_1990_2000,1
3507,136,25.57,0.2851,21132,924,0.2774,1994,A_1990_2000,1
2629,138,18.86,0.2663,15674,852,0.345,1994,A_1990_2000,1
23261,1349,17.26,0.0387,132269,3568,0.1586,1994,A_1990_2000,2
23703,1054,22.5,0.0464,131299,3581,0.1563,1994,A_1990_2000,2
2728,154,17.55,0.2933,15674,799,0.3068,1994,A_1990_2000,0
873,46,18.85,0.6873,5260,366,0.4364,1994,A_1990_2000,1
2698,137,19.67,0.593,16323,852,0.3362,1994,A_1990_2000,0
1837,98,18.58,0.4355,11016,524,0.2989,1994,A_1990_2000,2
1928,75,25.71,0.4149,11337,544,0.3024,1994,A_1990_2000,2
16357,790,20.67,0.1223,98962,3375,0.219,1994,A_1990_2000,0
744,50,14.88,1.2097,4285,321,0.461,1994,A_1990_2000,0
4617,181,25.4,0.2816,27335,1071,0.2458,1994,A_1990_2000,0
4018,175,22.74,0.2987,23632,1071,0.2797,1994,A_1990_2000,0
4034,163,24.71,0.2975,23612,1066,0.2784,1994,A_1990_2000,1
1156,70,16.56,0.519,6779,422,0.3884,1994,A_1990_2000,1
2645,96,27.49,0.3403,15228,746,0.2957,1994,A_1990_2000,1
2385,104,22.73,0.3774,13692,716,0.3199,1994,A_1990_2000,1
826,41,20.05,1.0896,4835,342,0.4407,1994,A_1990_2000,1
6381,326,19.46,0.2037,37943,1569,0.2611,1994,A_1990_2000,1
2112,106,19.75,0.6155,12621,702,0.3546,1994,A_1990_2000,1
4138,163,25.5,0.2417,24928,1018,0.2595,1994,A_1990_2000,1
3068,122,25.29,0.2282,17346,825,0.281,1994,A_1990_2000,1
2780,75,37.07,0.5036,16660,749,0.2817,1994,A_1990_2000,1
1680,65,25.74,0.6548,9941,509,0.3226,1994,A_1990_2000,1
827,49,16.96,0.9674,5155,338,0.4317,1994,A_1990_2000,1
3260,117,27.71,0.3374,19639,920,0.2982,1994,A_1990_2000,1
9966,373,26.64,0.1304,58506,1912,0.2002,1994,A_1990_2000,2
1142,64,17.98,0.5254,6772,452,0.4089,1994,A_1990_2000,2
11024,374,29.43,0.1179,64305,1948,0.187,1994,A_1990_2000,2
1133,46,24.67,0.6178,6628,420,0.3901,1994,A_1990_2000,2
5111,202,25.43,0.3131,29433,971,0.2023,1994,A_1990_2000,1
3957,173,22.68,0.3285,23719,1088,0.2896,1994,A_1990_2000,1
2428,97,24.84,0.3707,14325,771,0.3336,1994,A_1990_2000,1
1365,61,22.11,0.5128,8192,488,0.3773,1994,A_1990_2000,1
6648,297,22.24,0.1955,39932,1392,0.2228,1994,A_1990_2000,1
2878,98,29.34,0.4517,16483,780,0.2849,1994,A_1990_2000,1
2083,71,29.14,0.4801,12194,702,0.3533,1994,A_1990_2000,1
1796,82,21.95,0.5011,10736,534,0.3174,1994,A_1990_2000,1
1068,63,16.81,0.8427,6462,435,0.4391,1994,A_1990_2000,0
15344,777,19.76,0.1369,89578,2954,0.2014,1994,A_1990_2000,1
3106,135,23.07,0.322,18450,891,0.303,1994,A_1990_2000,1
4525,201,22.47,0.3094,26517,1174,0.2743,1994,A_1990_2000,1
7230,431,16.73,0.1798,43589,1604,0.2372,1994,A_1990_2000,1
2444,101,24.23,0.6137,14655,840,0.3625,1994,A_1990_2000,0
7147,239,29.89,0.1399,42139,1351,0.199,1994,A_1990_2000,2
533,38,14.03,1.3133,3271,246,0.4972,1994,A_1990_2000,1
5225,188,27.65,0.1531,29608,1144,0.2285,1994,A_1990_2000,0
32866,1040,31.56,0.0578,187775,4132,0.1305,1994,A_1990_2000,2
3973,132,29.95,0.3775,23271,905,0.2401,1994,A_1990_2000,1
8983,380,23.52,0.2004,52997,1746,0.2045,1994,A_1990_2000,1
896,49,18.02,0.558,5619,385,0.4509,1994,A_1990_2000,1
4024,178,22.6,0.3231,24639,1202,0.3173,1994,A_1990_2000,1
126331,5012,25.18,0.0245,763730,11186,0.0944,1994,A_1990_2000,1
2154,92,23.23,0.3714,13382,611,0.3032,1994,A_1990_2000,0
6746,265,25.39,0.1631,38456,1425,0.2224,1994,A_1990_2000,1
4367,231,18.94,0.229,24958,1032,0.2517,1994,A_1990_2000,1
3176,127,24.83,0.2834,18208,1004,0.3315,1994,A_1990_2000,1
1925,81,23.6,0.5195,11577,629,0.3413,1994,A_1990_2000,0
1021,41,24.39,0.7835,6128,358,0.3643,1994,A_1990_2000,1
5204,182,28.47,0.2882,29628,1012,0.2083,1994,A_1990_2000,1
2065,79,26.16,0.3874,11786,672,0.3453,1994,A_1990_2000,2
1394,72,19.19,0.7174,8665,566,0.424,1994,A_1990_2000,0
3454,162,21.22,0.2606,19883,996,0.3002,1994,A_1990_2000,0
2477,99,24.88,0.4845,14526,643,0.2794,1994,A_1990_2000,1
305,19,15.68,1.6393,1826,161,0.5705,1994,A_1990_2000,1
4119,185,22.19,0.1699,24193,973,0.2486,1994,A_1990_2000,1
4042,177,22.62,0.4206,24669,979,0.2566,1994,A_1990_2000,0
3934,184,21.24,0.5084,23733,1098,0.2921,1994,A_1990_2000,1
3279,171,19.06,0.305,19001,909,0.2919,1994,A_1990_2000,1
1596,78,20.53,0.6892,9922,563,0.3753,1994,A_1990_2000,1
3082,127,24.0,0.4218,17775,917,0.3089,1994,A_1990_2000,1
3265,148,21.89,0.3063,18910,926,0.2992,1994,A_1990_2000,1
3726,193,19.32,0.3757,21825,933,0.2684,1994,A_1990_2000,1
4123,154,26.77,0.2668,24387,979,0.2532,1994,A_1990_2000,1
930,37,25.16,0.6452,5480,393,0.4462,1994,A_1990_2000,0
1975,80,24.64,0.4557,11383,709,0.3808,1994,A_1990_2000,1
3987,161,24.62,0.4264,24408,988,0.2629,1994,A_1990_2000,0
3897,159,24.52,0.5132,23541,1074,0.29,1994,A_1990_2000,1
2362,92,25.63,0.381,13849,745,0.3319,1994,A_1990_2000,1
9022,395,22.82,0.1219,55677,1827,0.2172,1994,A_1990_2000,0
1912,92,20.79,0.4184,11164,635,0.3525,1994,A_1990_2000,1
4230,193,21.83,0.2364,25348,1039,0.2584,1994,A_1990_2000,1
2479,107,23.18,0.4034,14898,711,0.305,1994,A_1990_2000,1
3060,134,22.9,0.4575,18675,928,0.3225,1994,A_1990_2000,1
5620,311,18.1,0.1957,33430,1054,0.2014,1994,A_1990_2000,1
1472,91,16.2,0.5435,8526,505,0.3594,1994,A_1990_2000,0
5923,346,17.11,0.2364,34585,1574,0.2843,1994,A_1990_2000,1
3667,161,22.76,0.2727,22209,972,0.2817,1994,A_1990_2000,1
422,20,20.8,1.1848,2550,188,0.4573,1994,A_1990_2000,1
7875,249,31.59,0.1778,46350,1418,0.1881,1994,A_1990_2000,0
1166,46,25.28,0.6861,6795,499,0.4545,1995,A_1990_2000,0
5192,186,27.9,0.2504,29206,899,0.1861,1995,A_1990_2000,1
2788,109,25.54,0.2511,16027,737,0.2776,1995,A_1990_2000,1
1006,57,17.74,1.0934,5889,396,0.4215,1995,A_1990_2000,0
2884,128,22.51,0.3121,17798,765,0.2809,1995,A_1990_2000,0
1012,55,18.44,0.7905,5910,366,0.3943,1995,A_1990_2000,0
1588,66,24.15,0.5668,9526,570,0.3841,1995,A_1990_2000,0
5437,307,17.67,0.1839,32155,1290,0.2531,1995,A_1990_2000,1
3896,180,21.47,0.2053,22261,964,0.2569,1995,A_1990_2000,1
10638,414,25.74,0.094,61396,1752,0.1761,1995,A_1990_2000,2
4829,268,18.11,0.2899,28630,1177,0.2603,1995,A_1990_2000,0
9554,460,20.94,0.1256,57193,1659,0.1837,1995,A_1990_2000,2
1101,43,25.72,0.545,6673,364,0.3524,1995,A_1990_2000,1
1545,51,30.33,0.4531,8935,489,0.3346,1995,A_1990_2000,1
4873,197,24.9,0.2052,29308,1091,0.2393,1995,A_1990_2000,1
4832,205,23.53,0.1656,28853,1066,0.2343,1995,A_1990_2000,1
735,55,13.58,0.8163,4387,335,0.4939,1995,A_1990_2000,0
2023,111,18.29,0.4449,11676,612,0.3243,1995,A_1990_2000,1
1785,85,21.05,0.4482,10735,609,0.3563,1995,A_1990_2000,0
7716,348,22.29,0.1426,47861,1740,0.243,1995,A_1990_2000,1
10929,390,28.02,0.1372,65295,2007,0.1947,1995,A_1990_2000,1
5667,253,22.42,0.2294,34282,1549,0.2903,1995,A_1990_2000,0
5028,248,20.26,0.2387,28747,1263,0.2623,1995,A_1990_2000,0
2179,131,16.59,0.413,13154,696,0.3428,1995,A_1990_2000,1
1029,47,21.94,0.4859,6018,344,0.3537,1995,A_1990_2000,0
3551,155,22.97,0.1971,20507,838,0.2518,1995,A_1990_2000,0
5165,236,21.89,0.1355,30740,1080,0.2221,1995,A_1990_2000,1
3119,136,22.98,0.2886,18305,782,0.27,1995,A_1990_2000,1
582,28,20.54,0.5155,3358,240,0.4278,1995,A_1990_2000,0
13381,604,22.07,0.1121,84103,3478,0.2776,1995,A_1990_2000,1
4067,148,27.49,0.1967,22881,957,0.2491,1995,A_1990_2000,2
2977,125,23.78,0.2687,17291,755,0.266,1995,A_1990_2000,1
1309,56,23.5,0.6875,7511,416,0.3422,1995,A_1990_2000,0
2921,85,34.33,0.2739,17237,742,0.2718,1995,A_1990_2000,1
1018,61,16.72,0.4912,6212,433,0.4666,1995,A_1990_2000,0
4069,185,22.01,0.3195,25437,1211,0.3146,1995,A_1990_2000,1
12910,685,18.98,0.093,73180,2050,0.1699,1995,A_1990_2000,2
17006,748,22.78,0.1,100766,3133,0.1948,1995,A_1990_2000,0
3980,152,26.15,0.3015,23173,857,0.2291,1995,A_1990_2000,1
8693,342,25.36,0.1726,49843,1953,0.2355,1995,A_1990_2000,0
1040,65,16.23,0.6731,6162,404,0.4192,1995,A_1990_2000,1
3535,175,20.14,0.3395,21276,1020,0.3061,1995,A_1990_2000,1
20234,880,23.01,0.0642,118579,2729,0.1453,1995,A_1990_2000,2
397,33,11.94,2.5189,2454,214,0.5718,1995,A_1990_2000,1
2181,81,26.7,0.5044,12517,626,0.304,1995,A_1990_2000,0
793,55,14.44,0.8827,4632,320,0.4414,1995,A_1990_2000,1
3402,130,26.26,0.3821,19886,887,0.2751,1995,A_1990_2000,1
2231,99,22.64,0.4931,13142,637,0.3003,1995,A_1990_2000,0
1719,108,15.79,0.4654,10424,569,0.3554,1995,A_1990_2000,1
5131,247,20.71,0.2144,31043,1345,0.2773,1995,A_1990_2000,0
6018,242,24.93,0.1496,36227,1428,0.2557,1995,A_1990_2000,0
969,47,20.3,0.516,5800,408,0.4469,1995,A_1990_2000,1
3792,177,21.63,0.2901,22236,969,0.2714,1995,A_1990_2000,1
3082,173,17.87,0.3245,18452,843,0.2901,1995,A_1990_2000,1
1909,91,21.13,0.5762,11509,536,0.3112,1995,A_1990_2000,1
337,20,16.9,1.7804,2032,178,0.5786,1995,A_1990_2000,0
976,58,16.91,1.2295,5820,377,0.4129,1995,A_1990_2000,1
796,37,21.54,0.5025,4598,373,0.5075,1995,A_1990_2000,0
10205,350,29.11,0.1078,60498,1414,0.1487,1995,A_1990_2000,1
6258,283,22.08,0.2077,37177,1567,0.2646,1995,A_1990_2000,1
2412,112,21.63,0.3317,13956,814,0.3553,1995,A_1990_2000,0
2825,118,23.89,0.3186,16233,712,0.2644,1995,A_1990_2000,1
6955,173,40.27,0.1582,41625,1482,0.2277,1995,A_1990_2000,1
3207,84,38.08,0.2495,17582,667,0.2167,1995,A_1990_2000,0
3198,92,34.92,0.2814,17504,671,0.222,1995,A_1990_2000,0
1805,97,18.61,0.4986,11072,654,0.3845,1995,A_1990_2000,0
1855,113,16.11,0.3774,10912,625,0.3623,1995,A_1990_2000,1
958,62,15.35,0.6263,5770,409,0.4541,1995,A_1990_2000,0
1476,73,20.3,0.6098,8614,486,0.3509,1995,A_1990_2000,1
1032,52,19.85,0.6783,6124,384,0.3992,1995,A_1990_2000,0
12600,591,21.27,0.1508,76768,2885,0.2441,1995,A_1990_2000,0
3678,159,23.06,0.4078,22236,1026,0.2964,1995,A_1990_2000,0
3649,172,21.22,0.4111,21999,1030,0.3012,1995,A_1990_2000,0
3637,121,30.11,0.275,21111,881,0.2598,1995,A_1990_2000,0
657,49,13.27,0.761,3886,317,0.5145,1995,A_1990_2000,0
3281,152,21.62,0.2743,18857,912,0.292,1995,A_1990_2000,1
2789,137,20.15,0.2868,16789,814,0.3105,1995,A_1990_2000,0
1764,93,18.99,0.5669,10426,569,0.3469,1995,A_1990_2000,1
5363,233,23.03,0.1492,30403,1179,0.231,1995,A_1990_2000,1
16583,584,28.44,0.0844,97337,2239,0.1441,1995,A_1990_2000,1
5051,205,24.57,0.2178,30072,1144,0.2439,1995,A_1990_2000,0
783,51,15.47,0.7663,4538,324,0.4483,1995,A_1990_2000,1
2247,97,23.1,0.534,13144,685,0.3244,1995,A_1990_2000,1
2330,112,20.88,0.4292,13505,663,0.3026,1995,A_1990_2000,0
3578,126,28.46,0.1956,21267,876,0.2563,1995,A_1990_2000,2
3699,127,29.06,0.1892,21799,924,0.263,1995,A_1990_2000,2
22747,885,25.78,0.044,133186,2377,0.1119,1995,A_1990_2000,1
1153,65,17.82,0.6071,6842,413,0.3851,1995,A_1990_2000,0
533,37,14.38,1.3133,3199,299,0.6023,1995,A_1990_2000,1
1115,59,18.86,0.5381,6620,468,0.4439,1995,A_1990_2000,1
4000,278,14.37,0.2,23460,1112,0.2953,1995,A_1990_2000,2
9874,375,26.25,0.1722,58489,1580,0.1704,1995,A_1990_2000,1
1941,95,20.65,0.3606,11249,618,0.3395,1995,A_1990_2000,1
2034,89,22.88,0.4425,11872,709,0.3682,1995,A_1990_2000,0
5124,221,23.17,0.2537,31550,1726,0.3554,1995,A_1990_2000,0
7674,341,22.45,0.2215,44855,1788,0.2473,1995,A_1990_2000,0
3594,132,27.3,0.1669,20925,813,0.2437,1995,A_1990_2000,0
15533,527,29.49,0.0901,90987,2637,0.1784,1995,A_1990_2000,0
1740,91,18.95,0.3448,10158,593,0.3621,1995,A_1990_2000,0
3132,119,26.18,0.2874,18272,888,0.2985,1995,A_1990_2000,1
2754,143,19.39,0.2542,16434,855,0.3253,1995,A_1990_2000,1
2260,129,17.63,0.3097,13912,638,0.3053,1995,A_1990_2000,0
2156,113,18.81,0.5566,12767,716,0.3497,1995,A_1990_2000,0
2100,104,20.37,0.3333,12269,531,0.2724,1995,A_1990_2000,0
6358,205,31.04,0.1573,37776,1265,0.2095,1995,A_1990_2000,1
2712,153,17.71,0.295,15581,779,0.3049,1995,A_1990_2000,0
3159,116,27.25,0.2849,18258,795,0.2665,1995,A_1990_2000,1
874,51,17.2,1.1442,4938,390,0.4771,1995,A_1990_2000,1
2035,103,19.92,0.344,11764,645,0.3327,1995,A_1990_2000,1
2104,89,23.84,0.3802,12164,608,0.3118,1995,A_1990_2000,1
1489,117,12.85,0.6044,8927,514,0.3768,1995,A_1990_2000,0
6530,361,18.17,0.1685,37877,1182,0.1926,1995,A_1990_2000,1
10182,465,21.88,0.1473,60180,2040,0.2126,1995,A_1990_2000,1
1674,78,21.67,0.8961,10041,472,0.3017,1995,A_1990_2000,1
12626,463,27.27,0.1267,76142,2370,0.1977,1995,A_1990_2000,1
2604,110,23.75,0.384,15199,755,0.3095,1995,A_1990_2000,0
581,28,20.57,0.6885,3548,235,0.42,1995,A_1990_2000,1
988,54,18.5,1.0121,5865,417,0.4504,1995,A_1990_2000,1
4094,150,27.24,0.2443,24213,875,0.2272,1995,A_1990_2000,0
6847,326,20.89,0.1899,39946,1492,0.2324,1995,A_1990_2000,0
4580,171,26.81,0.262,27640,1168,0.2718,1995,A_1990_2000,0
2351,171,13.4,0.5104,13918,679,0.3075,1995,A_1990_2000,1
2278,120,18.83,0.439,13302,606,0.2814,1995,A_1990_2000,1
1110,58,19.02,0.8108,6436,388,0.3676,1995,A_1990_2000,1
2698,126,21.37,0.3336,16492,764,0.3032,1995,A_1990_2000,0
2144,152,14.3,0.4198,12475,702,0.3493,1995,A_1990_2000,0
1721,71,24.32,0.4067,10374,558,0.3422,1995,A_1990_2000,1
13613,495,27.42,0.1028,79291,2666,0.2044,1995,A_1990_2000,0
971,61,16.25,0.7209,5721,379,0.413,1995,A_1990_2000,1
5672,231,24.67,0.141,33321,1370,0.2542,1995,A_1990_2000,1
2383,87,27.48,0.2518,13924,714,0.3172,1995,A_1990_2000,1
2324,134,17.29,0.4733,14161,805,0.3683,1995,A_1990_2000,0
3041,146,20.92,0.2631,17597,707,0.2506,1995,A_1990_2000,0
4858,218,22.29,0.2058,28637,1158,0.2538,1995,A_1990_2000,0
261,22,11.55,1.9157,1525,145,0.5977,1995,A_1990_2000,0
2696,91,29.57,0.3709,15244,754,0.2971,1995,A_1990_2000,1
834,40,20.78,0.9592,4865,361,0.4496,1995,A_1990_2000,1
2438,106,23.11,0.4512,14432,790,0.3445,1995,A_1990_2000,0
1397,82,16.99,0.5727,8052,446,0.3472,1995,A_1990_2000,2
3586,184,19.46,0.3904,21102,1017,0.3003,1995,A_1990_2000,1
813,46,17.59,0.738,4820,328,0.4305,1995,A_1990_2000,0
3013,115,26.2,0.3651,18007,807,0.2868,1995,A_1990_2000,0
15274,689,22.18,0.0917,87661,2511,0.1736,1995,A_1990_2000,2
3684,164,22.19,0.2443,22061,916,0.2628,1995,A_1990_2000,0
6610,247,26.69,0.1967,37404,1317,0.2098,1995,A_1990_2000,1
2068,100,20.71,0.4836,12393,692,0.352,1995,A_1990_2000,1
999,49,20.55,0.7007,5951,420,0.4464,1995,A_1990_2000,0
901,55,16.31,0.8879,5470,388,0.4595,1995,A_1990_2000,0
1528,103,15.03,0.589,8756,506,0.3554,1995,A_1990_2000,2
3892,233,16.22,0.334,22807,892,0.241,1995,A_1990_2000,2
1440,77,18.69,0.4167,8390,512,0.3757,1995,A_1990_2000,0
825,49,16.82,0.6061,4910,358,0.4545,1995,A_1990_2000,1
2422,118,20.48,0.4129,13834,706,0.3097,1995,A_1990_2000,0
4478,210,21.37,0.402,27069,1113,0.2644,1995,A_1990_2000,1
4741,165,28.76,0.2531,28341,1164,0.2601,1995,A_1990_2000,1
4167,196,21.37,0.192,24701,1075,0.2695,1995,A_1990_2000,1
3012,144,21.15,0.4316,18232,693,0.2454,1995,A_1990_2000,0
1681,83,20.51,0.5354,10112,518,0.3302,1995,A_1990_2000,1
981,58,16.71,0.8155,5809,409,0.4455,1995,A_1990_2000,1
1079,69,15.64,0.5561,6261,397,0.3957,1995,A_1990_2000,1
13247,633,21.09,0.1208,81152,2791,0.2278,1995,A_1990_2000,1
1268,70,18.3,0.5521,7333,470,0.3991,1995,A_1990_2000,1
3142,147,21.33,0.2228,19158,819,0.2829,1995,A_1990_2000,0
2683,115,23.32,0.41,15480,874,0.3459,1995,A_1990_2000,1
2937,215,13.73,0.4426,17021,808,0.2918,1995,A_1990_2000,1
6774,290,23.36,0.2067,39825,1583,0.2455,1995,A_1990_2000,1
998,62,16.15,0.8016,5987,403,0.4269,1995,A_1990_2000,1
4858,193,25.17,0.1853,27863,1088,0.2361,1995,A_1990_2000,0
2524,155,16.1,0.3566,14684,696,0.2908,1995,A_1990_2000,1
4962,190,26.24,0.262,29796,1212,0.2582,1995,A_1990_2000,1
1648,95,17.31,0.4854,9472,531,0.3416,1995,A_1990_2000,2
516,40,12.82,1.3566,3358,271,0.5678,1995,A_1990_2000,1
2939,105,27.91,0.4423,17477,833,0.297,1995,A_1990_2000,1
3405,135,25.31,0.2643,20294,884,0.2775,1995,A_1990_2000,1
1586,51,31.2,0.3783,9669,489,0.3291,1995,A_1990_2000,1
3709,153,24.22,0.3505,22157,957,0.2761,1995,A_1990_2000,1
1347,75,18.19,0.5939,8092,488,0.3883,1995,A_1990_2000,2
4233,204,20.78,0.1654,24695,970,0.2459,1995,A_1990_2000,1
1427,71,19.92,0.5606,8341,470,0.3532,1995,A_1990_2000,1
637,36,17.56,1.0989,3737,300,0.5055,1995,A_1990_2000,1
3045,123,24.75,0.4269,17523,745,0.2608,1995,A_1990_2000,1
14103,468,30.08,0.1205,86542,2490,0.1868,1995,A_1990_2000,0
1857,106,17.45,0.6462,10770,635,0.3619,1995,A_1990_2000,1
9885,417,23.81,0.1416,57771,1717,0.1846,1995,A_1990_2000,2
4679,173,27.09,0.2992,27653,1090,0.2503,1995,A_1990_2000,1
1225,68,18.06,0.6531,7289,478,0.4155,1995,A_1990_2000,1
14679,549,26.66,0.0954,88132,2807,0.2033,1995,A_1990_2000,1
2889,170,16.85,0.3461,17884,786,0.2901,1995,A_1990_2000,2
663,38,16.97,0.7541,3841,300,0.4766,1995,A_1990_2000,1
1073,57,18.81,0.932,6322,439,0.4306,1995,A_1990_2000,1
1692,87,19.48,0.591,10190,524,0.3298,1995,A_1990_2000,2
2993,121,24.64,0.2673,17773,901,0.3151,1995,A_1990_2000,0
842,41,20.71,1.1876,5069,372,0.4691,1995,A_1990_2000,1
2179,91,23.96,0.5048,12817,690,0.3346,1995,A_1990_2000,1
786,48,16.35,0.8906,4674,349,0.4644,1995,A_1990_2000,1
672,52,12.79,0.8929,4161,330,0.5268,1995,A_1990_2000,0
5176,287,17.91,0.2125,29477,1388,0.2825,1995,A_1990_2000,1
8125,351,23.12,0.1969,50392,1981,0.2592,1995,A_1990_2000,1
4852,271,17.56,0.2061,27784,1230,0.2648,1995,A_1990_2000,0
2149,87,24.71,0.3723,12675,598,0.3006,1995,A_1990_2000,0
2231,103,21.5,0.7172,13040,690,0.3281,1995,A_1990_2000,1
1272,62,20.47,0.7075,7547,482,0.4041,1995,A_1990_2000,1
1958,127,15.47,0.6129,12211,638,0.3483,1995,A_1990_2000,1
4413,191,23.19,0.2266,26112,932,0.2282,1995,A_1990_2000,1
8744,356,24.47,0.183,51407,1992,0.2425,1995,A_1990_2000,1
1729,104,16.36,0.4049,9826,552,0.3412,1995,A_1990_2000,1
2977,114,26.04,0.2687,17192,712,0.2583,1995,A_1990_2000,0
7153,238,29.93,0.2237,41225,1511,0.2224,1995,A_1990_2000,1
3201,110,29.16,0.3436,19275,727,0.2437,1995,A_1990_2000,1
1435,78,18.67,0.7666,8292,473,0.3512,1995,A_1990_2000,1
4095,109,37.52,0.1709,23583,786,0.2081,1995,A_1990_2000,0
3308,183,18.08,0.3023,19699,880,0.2848,1995,A_1990_2000,1
12640,604,20.96,0.1187,77855,2302,0.1934,1995,A_1990_2000,0
1668,86,19.44,0.5396,9898,575,0.3645,1995,A_1990_2000,1
3871,195,19.82,0.2325,22942,942,0.2614,1995,A_1990_2000,0
4362,148,29.52,0.2522,25971,1126,0.2806,1995,A_1990_2000,0
2139,107,19.97,0.5143,12758,667,0.3338,1995,A_1990_2000,1
1093,52,20.92,0.366,6265,340,0.3266,1995,A_1990_2000,0
1797,77,23.29,0.5008,10915,593,0.3478,1995,A_1990_2000,1
4656,165,28.08,0.2148,27586,915,0.2062,1995,A_1990_2000,0
1704,98,17.63,0.5282,9949,550,0.3445,1995,A_1990_2000,1
2930,155,18.9,0.273,17843,787,0.2901,1995,A_1990_2000,2
620,41,14.98,0.8065,3732,269,0.4532,1995,A_1990_2000,2
666,38,17.68,1.5015,3907,274,0.4459,1995,A_1990_2000,1
4721,182,25.86,0.233,27601,979,0.2203,1995,A_1990_2000,0
5385,260,20.65,0.1857,33463,1293,0.2581,1995,A_1990_2000,1
1162,92,12.75,0.5164,7076,479,0.4441,1995,A_1990_2000,0
3511,170,20.33,0.3133,20368,873,0.264,1995,A_1990_2000,1
11565,398,28.94,0.1211,67393,1783,0.1649,1995,A_1990_2000,1
3765,183,20.54,0.425,22055,1130,0.3169,1995,A_1990_2000,1
2315,76,30.43,0.432,13672,650,0.2994,1995,A_1990_2000,1
2460,148,16.61,0.3252,14437,732,0.3154,1995,A_1990_2000,1
1667,111,15.04,0.6599,9859,635,0.4049,1995,A_1990_2000,1
1140,67,17.18,0.614,6956,452,0.4184,1995,A_1990_2000,0
4718,210,22.53,0.212,26823,1158,0.2588,1995,A_1990_2000,1
2654,111,23.76,0.4521,16363,741,0.2958,1995,A_1990_2000,1
964,48,20.06,1.0373,5700,393,0.4398,1995,A_1990_2000,0
394,18,21.89,1.7766,2198,199,0.5381,1996,A_1990_2000,2
5520,255,21.7,0.1812,32389,1356,0.2592,1996,A_1990_2000,1
796,47,16.81,0.7538,4898,391,0.5214,1996,A_1990_2000,0
8576,331,25.87,0.2215,52652,2024,0.2495,1996,A_1990_2000,1
25888,1085,23.76,0.0811,158667,4407,0.1821,1996,A_1990_2000,0
3642,168,21.62,0.2197,21819,941,0.2727,1996,A_1990_2000,0
9260,341,27.31,0.1404,55929,1517,0.1742,1996,A_1990_2000,1
1355,60,22.63,0.6642,7884,512,0.403,1996,A_1990_2000,1
2348,83,28.29,0.7666,13804,710,0.3233,1996,A_1990_2000,0
902,38,23.63,0.6652,5524,360,0.418,1996,A_1990_2000,0
7883,302,26.11,0.2157,47064,1402,0.1918,1996,A_1990_2000,0
577,34,16.94,1.0399,3284,269,0.4974,1996,A_1990_2000,1
4302,166,25.92,0.2325,26672,1431,0.3489,1996,A_1990_2000,0
674,32,20.91,0.8902,4096,309,0.4941,1996,A_1990_2000,0
2084,86,24.31,0.4319,12887,719,0.3632,1996,A_1990_2000,0
1273,61,20.75,0.8641,7535,501,0.4156,1996,A_1990_2000,0
3554,135,26.36,0.3939,20230,854,0.2549,1996,A_1990_2000,0
2063,103,20.25,0.3393,11927,651,0.3383,1996,A_1990_2000,1
2468,126,19.58,0.4862,14395,645,0.2767,1996,A_1990_2000,0
3406,174,19.63,0.2349,19385,1089,0.3329,1996,A_1990_2000,0
1716,76,22.68,0.4079,10228,621,0.3893,1996,A_1990_2000,0
2291,94,24.4,0.3492,13569,628,0.2942,1996,A_1990_2000,0
5418,219,24.88,0.2399,31802,1535,0.3007,1996,A_1990_2000,0
952,52,18.37,0.7353,5576,444,0.4989,1996,A_1990_2000,0
6871,303,22.71,0.2038,40026,2082,0.317,1996,A_1990_2000,1
2703,101,26.67,0.5549,16099,799,0.3163,1996,A_1990_2000,1
1880,94,20.03,0.3191,11209,762,0.4207,1996,A_1990_2000,1
456,34,13.12,1.0965,2672,241,0.5504,1996,A_1990_2000,1
4901,248,20.02,0.1224,29453,1116,0.2422,1996,A_1990_2000,1
1081,72,15.03,0.7401,6436,441,0.4385,1996,A_1990_2000,1
811,41,19.27,0.4932,4672,327,0.4217,1996,A_1990_2000,0
3913,164,23.93,0.1789,23674,926,0.2525,1996,A_1990_2000,0
3969,157,25.48,0.126,23648,1007,0.2701,1996,A_1990_2000,1
6992,281,24.96,0.2574,40275,1340,0.2062,1996,A_1990_2000,0
748,54,13.7,0.8021,4471,335,0.484,1996,A_1990_2000,0
300,19,15.42,2.3333,1755,138,0.4733,1996,A_1990_2000,1
1298,52,24.9,0.7704,7604,474,0.386,1996,A_1990_2000,0
550,30,18.27,1.2727,3365,270,0.5218,1996,A_1990_2000,1
4359,178,24.35,0.2753,25600,1076,0.2654,1996,A_1990_2000,1
2224,120,18.43,0.4946,13696,736,0.3512,1996,A_1990_2000,1
4708,169,27.86,0.2336,29061,951,0.2224,1996,A_1990_2000,0
5345,165,32.11,0.2058,32511,1161,0.2303,1996,A_1990_2000,2
3341,149,22.4,0.3891,20015,938,0.2987,1996,A_1990_2000,0
2442,147,16.39,0.4095,14718,833,0.3591,1996,A_1990_2000,0
6539,292,22.39,0.1376,39542,1392,0.2294,1996,A_1990_2000,1
655,40,16.32,1.0687,3962,266,0.429,1996,A_1990_2000,0
1352,49,27.31,0.7396,8421,445,0.3417,1996,A_1990_2000,1
3520,150,23.51,0.2557,20927,1215,0.3659,1996,A_1990_2000,0
5672,287,19.71,0.2645,33045,1199,0.2225,1996,A_1990_2000,1
591,42,13.93,0.846,3588,298,0.5296,1996,A_1990_2000,1
2876,110,26.11,0.3825,17286,737,0.2796,1996,A_1990_2000,2
1444,85,16.93,0.4848,8546,529,0.3864,1996,A_1990_2000,0
4687,287,16.54,0.2347,27239,1333,0.2966,1996,A_1990_2000,1
1634,97,16.76,0.3672,9632,540,0.3494,1996,A_1990_2000,1
2199,100,21.88,0.4093,13299,660,0.3197,1996,A_1990_2000,1
900,46,19.46,0.5556,5184,358,0.4233,1996,A_1990_2000,0
3974,151,26.39,0.2516,23292,771,0.2084,1996,A_1990_2000,1
12321,565,21.64,0.1623,73015,2336,0.2025,1996,A_1990_2000,0
18804,927,20.43,0.0957,114873,3529,0.2014,1996,A_1990_2000,0
679,42,16.12,1.1782,3957,298,0.4742,1996,A_1990_2000,0
2143,97,21.93,0.3733,12404,624,0.3136,1996,A_1990_2000,0
2072,80,26.01,0.4344,12118,588,0.2997,1996,A_1990_2000,1
1396,60,23.22,0.8596,8267,451,0.3403,1996,A_1990_2000,0
752,40,18.88,0.9309,4431,348,0.484,1996,A_1990_2000,1
2872,122,23.5,0.3482,17669,886,0.3249,1996,A_1990_2000,0
4470,180,24.86,0.2013,26162,1120,0.2644,1996,A_1990_2000,1
4250,173,24.57,0.2118,24865,939,0.2351,1996,A_1990_2000,1
3527,197,18.09,0.1701,21337,988,0.2949,1996,A_1990_2000,0
3268,128,25.31,0.1836,18564,987,0.3173,1996,A_1990_2000,0
2030,89,22.9,0.5419,11568,620,0.3187,1996,A_1990_2000,1
3387,136,24.93,0.2952,19380,865,0.274,1996,A_1990_2000,0
11705,523,22.41,0.1452,71111,2796,0.2543,1996,A_1990_2000,1
762,33,22.94,0.6562,4495,310,0.4213,1996,A_1990_2000,1
740,43,17.16,0.8108,4304,294,0.4297,1996,A_1990_2000,0
5953,203,29.35,0.1512,35360,1222,0.2211,1996,A_1990_2000,1
3666,129,28.57,0.3273,22379,901,0.2589,1996,A_1990_2000,1
9070,393,23.05,0.1433,52487,1826,0.2146,1996,A_1990_2000,0
7270,432,16.83,0.1376,41948,1657,0.2437,1996,A_1990_2000,1
9313,410,22.54,0.1718,57433,2412,0.2737,1996,A_1990_2000,2
554,30,18.47,1.444,3280,285,0.5487,1996,A_1990_2000,1
177,17,10.24,3.3898,1090,112,0.6893,1996,A_1990_2000,1
9459,276,34.24,0.1797,54638,1691,0.1875,1996,A_1990_2000,0
3479,147,23.59,0.115,20972,894,0.2734,1996,A_1990_2000,0
1240,61,20.08,0.6452,7198,440,0.3734,1996,A_1990_2000,0
5333,180,29.76,0.1875,30387,1087,0.2166,1996,A_1990_2000,1
899,42,21.31,0.7786,5482,333,0.396,1996,A_1990_2000,1
5029,219,23.07,0.179,28472,1011,0.2118,1996,A_1990_2000,0
1671,80,20.89,0.5386,9736,542,0.3453,1996,A_1990_2000,1
1877,102,18.2,0.3197,11308,664,0.3751,1996,A_1990_2000,1
528,47,10.72,1.1364,3153,255,0.5303,1996,A_1990_2000,1
2542,128,19.96,0.3934,16040,742,0.3127,1996,A_1990_2000,1
820,39,20.64,0.8537,4615,296,0.389,1996,A_1990_2000,1
1008,69,14.25,0.5952,5821,417,0.4405,1996,A_1990_2000,0
1504,69,21.87,0.3324,9023,443,0.3098,1996,A_1990_2000,1
1880,111,17.03,0.3723,11004,547,0.3074,1996,A_1990_2000,1
2504,115,21.77,0.3994,14641,895,0.383,1996,A_1990_2000,0
1630,69,23.48,0.6135,9920,590,0.3859,1996,A_1990_2000,0
3705,178,20.94,0.2429,21484,929,0.2672,1996,A_1990_2000,1
3953,176,22.56,0.3036,23547,845,0.2262,1996,A_1990_2000,0
5832,237,24.62,0.1715,35133,1268,0.2296,1996,A_1990_2000,0
4532,286,15.99,0.1765,26787,1057,0.2502,1996,A_1990_2000,1
646,40,16.12,0.9288,3793,291,0.4768,1996,A_1990_2000,0
4016,154,26.14,0.1992,24107,1017,0.2687,1996,A_1990_2000,0
4717,161,29.26,0.2544,27384,969,0.2224,1996,A_1990_2000,0
4542,174,25.98,0.2422,26617,936,0.2184,1996,A_1990_2000,0
4995,180,27.75,0.1602,29020,1131,0.2422,1996,A_1990_2000,1
5229,231,22.68,0.2295,31576,1110,0.2285,1996,A_1990_2000,1
914,63,14.52,0.547,5288,335,0.3873,1996,A_1990_2000,0
932,48,19.42,0.8584,5613,379,0.4324,1996,A_1990_2000,0
1658,80,20.72,0.3619,10024,613,0.3908,1996,A_1990_2000,0
1000,44,22.82,0.9,5840,418,0.441,1996,A_1990_2000,0
1400,70,19.83,0.6429,8099,455,0.3371,1996,A_1990_2000,1
2314,96,24.16,0.3889,13792,553,0.2615,1996,A_1990_2000,1
3672,230,16.16,0.2179,21547,943,0.2696,1996,A_1990_2000,1
523,30,17.5,2.1033,3310,262,0.5277,1996,A_1990_2000,0
2442,83,29.3,0.3686,14246,774,0.3362,1996,A_1990_2000,1
4501,222,20.32,0.2666,26549,1025,0.2404,1996,A_1990_2000,0
2840,130,21.86,0.2817,16675,931,0.3504,1996,A_1990_2000,0
1002,53,19.04,0.998,6009,389,0.4202,1996,A_1990_2000,0
1281,67,19.04,0.9368,7559,446,0.3716,1996,A_1990_2000,1
519,26,19.65,1.7341,3047,261,0.5164,1996,A_1990_2000,1
455,31,14.45,1.7582,2820,242,0.5692,1996,A_1990_2000,1
2238,100,22.42,0.5809,13407,703,0.3307,1996,A_1990_2000,0
1710,67,25.66,0.6433,10338,588,0.3649,1996,A_1990_2000,2
7713,328,23.66,0.1685,45927,1756,0.2424,1996,A_1990_2000,1
2861,132,21.67,0.3495,17218,878,0.3233,1996,A_1990_2000,0
6720,215,31.27,0.2381,40678,1288,0.2025,1996,A_1990_2000,0
7121,276,25.77,0.1966,42997,1341,0.1993,1996,A_1990_2000,0
4033,166,24.1,0.248,24279,958,0.2534,1996,A_1990_2000,1
1892,85,22.22,0.6342,10883,609,0.3414,1996,A_1990_2000,0
4860,193,25.07,0.1852,27999,1342,0.2895,1996,A_1990_2000,1
1218,56,21.84,0.6568,7120,419,0.367,1996,A_1990_2000,0
955,68,14.07,0.6283,5651,406,0.4524,1996,A_1990_2000,0
1160,63,18.33,0.6034,6698,472,0.4345,1996,A_1990_2000,0
10619,447,23.48,0.1413,61821,2454,0.2443,1996,A_1990_2000,1
5884,273,21.59,0.2719,34465,1407,0.2505,1996,A_1990_2000,1
6814,367,18.78,0.1027,39395,1431,0.2235,1996,A_1990_2000,1
2381,120,19.76,0.336,13538,558,0.2495,1996,A_1990_2000,1
5506,216,25.56,0.1635,31651,1191,0.2272,1996,A_1990_2000,1
670,48,14.0,1.194,4058,315,0.4985,1996,A_1990_2000,1
1493,51,29.33,0.5358,8602,497,0.3563,1996,A_1990_2000,0
1712,94,18.23,0.7009,9929,598,0.3715,1996,A_1990_2000,1
4399,188,23.4,0.2728,26386,1102,0.2707,1996,A_1990_2000,1
11878,543,22.06,0.1515,70544,2400,0.2132,1996,A_1990_2000,1
5342,204,26.19,0.1498,31370,1143,0.2306,1996,A_1990_2000,1
12364,588,21.15,0.1618,75083,2555,0.2199,1996,A_1990_2000,0
6445,315,20.38,0.2483,38733,1468,0.2456,1996,A_1990_2000,1
1182,56,21.05,0.6768,7099,449,0.4052,1996,A_1990_2000,1
807,64,12.5,0.9913,4677,354,0.4758,1996,A_1990_2000,1
1726,68,25.26,0.5794,10080,592,0.3621,1996,A_1990_2000,1
1367,48,28.46,0.6584,8112,413,0.327,1996,A_1990_2000,0
1425,71,19.83,0.7018,8404,488,0.3649,1996,A_1990_2000,1
2038,105,19.33,0.3925,12306,695,0.3606,1996,A_1990_2000,1
1747,72,24.35,0.5724,10290,550,0.3331,1996,A_1990_2000,1
2819,138,20.26,0.2483,16578,887,0.3271,1996,A_1990_2000,1
1161,43,27.02,0.7752,6803,375,0.3445,1996,A_1990_2000,1
664,35,18.89,0.9036,3892,312,0.5015,1996,A_1990_2000,1
1427,61,23.43,0.6307,8525,434,0.3273,1996,A_1990_2000,1
3591,195,18.45,0.3342,20938,1024,0.3016,1996,A_1990_2000,1
3450,154,22.45,0.4348,20409,899,0.2786,1996,A_1990_2000,1
979,57,17.23,0.715,5757,379,0.4106,1996,A_1990_2000,1
825,42,19.4,0.3636,5105,318,0.4097,1996,A_1990_2000,0
1812,71,25.59,0.5519,10409,497,0.2958,1996,A_1990_2000,0
8118,378,21.56,0.1848,47717,1658,0.2178,1996,A_1990_2000,1
5451,259,21.11,0.2018,32078,1184,0.235,1996,A_1990_2000,2
560,35,15.97,1.25,3362,288,0.5482,1996,A_1990_2000,1
1143,60,19.05,0.7874,6787,404,0.378,1996,A_1990_2000,1
3554,167,21.28,0.3376,20861,939,0.28,1996,A_1990_2000,1
5187,289,18.04,0.1928,30997,1281,0.2597,1996,A_1990_2000,1
3214,169,19.02,0.3734,19645,954,0.3158,1996,A_1990_2000,1
1182,70,16.83,0.7614,6973,462,0.4146,1996,A_1990_2000,1
1259,80,15.89,0.4766,7389,466,0.3971,1996,A_1990_2000,1
2341,82,28.65,0.4699,13580,650,0.296,1996,A_1990_2000,1
1052,68,15.12,0.5703,6119,426,0.4335,1996,A_1990_2000,1
3398,134,25.51,0.2649,20448,833,0.2616,1996,A_1990_2000,1
744,35,21.11,0.9409,4429,348,0.4919,1996,A_1990_2000,1
1357,55,24.6,0.4422,8169,426,0.336,1996,A_1990_2000,0
7627,399,19.25,0.1704,43938,1878,0.2563,1996,A_1990_2000,2
4354,193,22.8,0.2526,25276,1100,0.2729,1996,A_1990_2000,0
1446,67,21.57,0.4149,8526,514,0.3776,1996,A_1990_2000,1
3157,158,19.82,0.3801,18684,1015,0.3443,1996,A_1990_2000,1
613,32,18.75,1.4682,3521,317,0.54,1996,A_1990_2000,1
1060,46,23.11,0.6604,6147,409,0.4028,1996,A_1990_2000,0
1375,69,19.84,0.5818,8446,555,0.4218,1996,A_1990_2000,1
5327,209,25.33,0.169,30645,1251,0.248,1996,A_1990_2000,1
2249,82,27.46,0.2668,13180,536,0.2574,1996,A_1990_2000,0
12298,617,19.98,0.1626,76059,2721,0.2354,1996,A_1990_2000,0
614,37,16.65,1.3029,3698,275,0.4853,1996,A_1990_2000,0
2346,88,26.74,0.5115,13742,745,0.3329,1996,A_1990_2000,0
2878,133,21.71,0.3127,17420,980,0.3593,1996,A_1990_2000,1
1495,81,18.59,1.0033,9094,505,0.3645,1996,A_1990_2000,1
539,28,19.11,1.1132,3111,226,0.4527,1996,A_1990_2000,0
1706,70,24.0,0.4689,9924,602,0.3716,1996,A_1990_2000,0
3193,127,25.18,0.3132,18622,774,0.2546,1996,A_1990_2000,1
2664,125,21.35,0.3003,15538,790,0.3164,1996,A_1990_2000,1
1779,81,21.99,0.2811,10959,542,0.3227,1996,A_1990_2000,0
1635,75,21.93,0.3058,9410,441,0.2881,1996,A_1990_2000,1
555,33,17.0,1.2613,3357,250,0.4847,1996,A_1990_2000,1
2338,130,18.14,0.2566,14328,739,0.3366,1996,A_1990_2000,1
3611,156,23.1,0.3323,21118,826,0.2437,1996,A_1990_2000,1
532,34,15.44,1.6917,3135,275,0.5489,1996,A_1990_2000,1
456,20,22.9,1.3158,2649,225,0.5285,1996,A_1990_2000,1
349,17,20.65,1.7192,1962,198,0.6074,1996,A_1990_2000,1
4008,192,20.75,0.2994,23178,1034,0.273,1996,A_1990_2000,1
1867,66,28.41,0.6427,11113,588,0.3342,1996,A_1990_2000,0
2415,126,19.0,0.3727,14350,717,0.3159,1996,A_1990_2000,1
3575,168,21.19,0.3636,21073,912,0.2744,1996,A_1990_2000,1
1695,83,20.27,0.649,9837,569,0.3617,1996,A_1990_2000,1
3169,159,19.89,0.3471,19055,967,0.3395,1996,A_1990_2000,0
11005,523,20.8,0.1817,64155,2336,0.2254,1996,A_1990_2000,2
3025,104,29.16,0.4298,18261,692,0.2423,1996,A_1990_2000,1
472,37,12.76,1.9068,2814,235,0.5318,1996,A_1990_2000,1
917,42,21.64,0.6543,5455,365,0.4253,1996,A_1990_2000,0
468,25,18.72,1.0684,2735,239,0.5363,1996,A_1990_2000,1
5311,235,22.55,0.2071,32082,1231,0.2489,1996,A_1990_2000,1
1862,79,23.71,0.4834,10866,587,0.333,1996,A_1990_2000,1
8017,353,22.82,0.2245,47026,1841,0.2426,1996,A_1990_2000,1
3246,175,18.51,0.2773,19524,944,0.309,1996,A_1990_2000,0
2190,107,20.45,0.4566,12712,650,0.3178,1996,A_1990_2000,1
1908,77,24.81,0.3669,10926,458,0.2526,1996,A_1990_2000,0
3500,175,19.99,0.3143,21029,1164,0.3494,1996,A_1990_2000,1
295,17,17.35,1.3559,1622,164,0.6102,1996,A_1990_2000,1
5882,256,23.07,0.221,35902,1074,0.2003,1996,A_1990_2000,2
4807,254,18.92,0.312,28079,987,0.2182,1996,A_1990_2000,1
4132,182,22.66,0.242,24872,1001,0.2556,1996,A_1990_2000,1
3968,200,19.95,0.2016,23186,1156,0.3077,1996,A_1990_2000,1
4160,232,17.84,0.3606,24870,1123,0.2861,1996,A_1990_2000,1
2046,72,28.31,0.4888,12224,554,0.2908,1997,A_1990_2000,0
1987,93,21.41,0.5033,12115,602,0.3271,1997,A_1990_2000,1
3782,165,22.94,0.1586,22492,905,0.257,1997,A_1990_2000,1
3089,137,22.55,0.1942,18106,825,0.2833,1997,A_1990_2000,0
454,30,15.13,1.5419,2900,271,0.63,1997,A_1990_2000,0
20980,975,21.47,0.1096,127713,3717,0.1887,1997,A_1990_2000,0
9335,370,25.3,0.1285,53925,1673,0.1886,1997,A_1990_2000,0
3605,208,17.21,0.1942,20922,898,0.2644,1997,A_1990_2000,1
1141,71,16.07,0.7011,6774,496,0.4619,1997,A_1990_2000,0
4334,184,23.56,0.2538,25138,1152,0.2854,1997,A_1990_2000,2
7561,322,23.44,0.2248,46252,1978,0.28,1997,A_1990_2000,0
5420,172,31.68,0.3506,32356,1104,0.2173,1997,A_1990_2000,1
1299,64,20.09,0.5389,7674,429,0.3487,1997,A_1990_2000,0
13567,532,25.45,0.0737,79850,2560,0.2027,1997,A_1990_2000,1
1497,109,13.69,0.6012,8706,524,0.3707,1997,A_1990_2000,2
7656,327,23.22,0.209,45031,1475,0.2072,1997,A_1990_2000,0
1179,42,27.95,0.2545,6830,380,0.3316,1997,A_1990_2000,0
4002,223,17.88,0.1749,23454,773,0.2046,1997,A_1990_2000,2
6571,245,26.84,0.1522,37647,1168,0.1886,1997,A_1990_2000,2
3013,128,23.56,0.1991,18281,756,0.2675,1997,A_1990_2000,0
240,12,19.92,0.8333,1436,145,0.6208,1997,A_1990_2000,0
544,30,17.7,0.5515,3203,257,0.4908,1997,A_1990_2000,0
1199,86,13.8,0.417,6697,349,0.3019,1997,A_1990_2000,2
543,37,14.51,0.9208,3167,203,0.3996,1997,A_1990_2000,1
773,38,20.18,0.7762,4539,291,0.3933,1997,A_1990_2000,0
803,41,19.46,0.4981,4516,304,0.396,1997,A_1990_2000,0
793,44,17.93,0.3783,4503,256,0.343,1997,A_1990_2000,0
1070,57,18.79,1.028,6536,414,0.4159,1997,A_1990_2000,1
2056,140,14.74,0.4377,12938,829,0.4241,1997,A_1990_2000,0
3856,179,21.59,0.1815,22525,897,0.2482,1997,A_1990_2000,1
4881,190,25.56,0.3483,28338,983,0.2149,1997,A_1990_2000,1
3728,195,18.66,0.2682,21646,998,0.2854,1997,A_1990_2000,1
1768,76,23.3,0.6787,10820,626,0.3773,1997,A_1990_2000,1
8279,350,23.59,0.1449,49303,1489,0.1927,1997,A_1990_2000,2
5427,235,23.21,0.2764,32207,1222,0.2399,1997,A_1990_2000,1
3588,138,26.09,0.2787,21045,875,0.2595,1997,A_1990_2000,0
4958,303,16.53,0.2017,31815,1461,0.3084,1997,A_1990_2000,2
184,13,13.77,1.087,1058,107,0.6141,1997,A_1990_2000,0
652,40,16.2,1.0736,3899,309,0.5138,1997,A_1990_2000,1
1237,64,19.3,0.5659,7460,501,0.4341,1997,A_1990_2000,0
1174,58,20.33,0.6814,6916,506,0.4574,1997,A_1990_2000,1
1176,64,18.3,0.7653,7017,446,0.4073,1997,A_1990_2000,1
2450,104,23.55,0.4082,14169,795,0.3441,1997,A_1990_2000,2
902,55,16.35,0.9978,5162,344,0.4135,1997,A_1990_2000,0
2605,150,17.35,0.1536,14945,702,0.2806,1997,A_1990_2000,0
3199,134,23.82,0.3751,18794,813,0.2713,1997,A_1990_2000,2
3650,168,21.77,0.3562,22459,883,0.2592,1997,A_1990_2000,1
533,34,15.76,0.9381,3119,274,0.5422,1997,A_1990_2000,0
3249,145,22.32,0.3078,18817,781,0.2552,1997,A_1990_2000,1
2957,123,24.06,0.4058,17423,761,0.2719,1997,A_1990_2000,1
863,34,25.29,0.8111,5003,362,0.4415,1997,A_1990_2000,1
1783,86,20.71,0.5609,10839,634,0.3775,1997,A_1990_2000,0
5170,269,19.19,0.1547,30088,1220,0.2522,1997,A_1990_2000,1
10555,421,24.94,0.1326,63363,1983,0.2002,1997,A_1990_2000,0
979,50,19.48,0.8172,5823,379,0.4157,1997,A_1990_2000,1
1613,96,16.93,0.434,9281,545,0.3639,1997,A_1990_2000,0
373,20,18.25,2.1448,2231,169,0.4692,1997,A_1990_2000,1
1806,78,23.12,0.5537,10545,678,0.3942,1997,A_1990_2000,0
2184,92,23.57,0.2747,12509,646,0.3123,1997,A_1990_2000,0
1015,45,22.6,0.9852,6246,441,0.464,1997,A_1990_2000,0
3738,121,30.87,0.3478,21709,982,0.2825,1997,A_1990_2000,0
3566,172,20.67,0.2804,20620,929,0.2765,1997,A_1990_2000,1
2006,90,22.32,0.3988,11736,653,0.347,1997,A_1990_2000,1
10605,407,26.04,0.1226,61191,1616,0.1639,1997,A_1990_2000,0
10952,500,21.91,0.1461,65434,2028,0.1951,1997,A_1990_2000,1
704,43,16.33,1.1364,4073,352,0.5341,1997,A_1990_2000,0
717,41,17.41,1.1158,4236,320,0.4756,1997,A_1990_2000,1
1504,61,24.8,0.4654,8937,478,0.3457,1997,A_1990_2000,0
4459,180,24.8,0.157,25724,1073,0.2548,1997,A_1990_2000,1
420,26,15.88,1.1905,2499,198,0.4905,1997,A_1990_2000,1
2071,123,16.59,0.5311,12211,658,0.3452,1997,A_1990_2000,1
2859,143,19.81,0.3847,18276,1058,0.3865,1997,A_1990_2000,0
6177,208,29.6,0.1943,35995,1208,0.2035,1997,A_1990_2000,0
2840,94,30.31,0.4225,16773,780,0.2915,1997,A_1990_2000,1
678,40,17.0,0.4425,4035,280,0.4307,1997,A_1990_2000,1
2098,77,27.32,0.3813,11679,603,0.3098,1997,A_1990_2000,1
8593,273,31.46,0.1513,50195,1487,0.186,1997,A_1990_2000,0
1817,94,19.23,0.6054,10495,591,0.3407,1997,A_1990_2000,2
5356,244,22.0,0.2054,32070,1320,0.2625,1997,A_1990_2000,1
1634,100,15.79,0.4284,9529,476,0.3115,1997,A_1990_2000,0
2007,74,27.14,0.299,11939,516,0.2775,1997,A_1990_2000,1
890,58,15.36,1.1236,5744,401,0.4697,1997,A_1990_2000,1
2839,125,22.7,0.2466,16469,797,0.2959,1997,A_1990_2000,0
2989,114,26.07,0.2676,17616,606,0.2175,1997,A_1990_2000,0
279,23,11.91,1.7921,1652,151,0.5914,1997,A_1990_2000,0
4792,248,19.35,0.1878,27251,1106,0.2465,1997,A_1990_2000,0
1798,84,21.3,0.6674,10315,541,0.3248,1997,A_1990_2000,0
8897,327,27.29,0.2585,52070,1608,0.1929,1997,A_1990_2000,1
3008,97,31.08,0.266,17884,773,0.2766,1997,A_1990_2000,0
2344,126,18.56,0.3413,14479,793,0.3669,1997,A_1990_2000,1
1055,46,22.93,0.6635,6291,416,0.4171,1997,A_1990_2000,0
3308,145,22.79,0.2116,19299,823,0.2718,1997,A_1990_2000,2
4267,209,20.5,0.1875,25035,1026,0.2606,1997,A_1990_2000,1
2163,85,25.66,0.3236,12355,673,0.3273,1997,A_1990_2000,0
956,52,18.12,0.6276,5321,366,0.409,1997,A_1990_2000,1
6421,312,20.61,0.1713,36723,1536,0.2507,1997,A_1990_2000,0
1749,89,19.6,0.6289,9890,560,0.3413,1997,A_1990_2000,1
21194,740,28.45,0.0896,125506,2923,0.1464,1997,A_1990_2000,1
1575,62,25.35,0.254,9463,546,0.3568,1997,A_1990_2000,1
9481,479,19.73,0.1371,59088,2026,0.2298,1997,A_1990_2000,1
753,43,17.37,0.9296,4701,293,0.4183,1997,A_1990_2000,1
1349,52,25.83,0.8895,8075,493,0.3855,1997,A_1990_2000,1
880,49,17.78,0.7955,5636,425,0.5193,1997,A_1990_2000,2
1788,98,18.14,0.5593,10922,714,0.4239,1997,A_1990_2000,1
716,35,20.49,1.257,4172,334,0.4986,1997,A_1990_2000,1
1000,48,20.83,1.0,6060,409,0.442,1997,A_1990_2000,1
6200,233,26.26,0.2097,36122,1254,0.216,1997,A_1990_2000,0
2445,129,18.88,0.4908,13929,779,0.3387,1997,A_1990_2000,2
7522,254,29.63,0.2127,44384,1522,0.214,1997,A_1990_2000,1
4383,181,24.17,0.2738,26583,1142,0.2822,1997,A_1990_2000,1
384,26,14.69,1.3021,2266,206,0.5547,1997,A_1990_2000,0
8934,280,31.99,0.1455,52358,1327,0.1596,1997,A_1990_2000,1
411,24,16.88,0.9732,2365,209,0.5255,1997,A_1990_2000,1
1070,62,17.19,0.5607,6400,404,0.4047,1997,A_1990_2000,0
829,56,14.98,1.0856,5210,310,0.4077,1997,A_1990_2000,1
5980,195,30.56,0.1338,34554,1120,0.198,1997,A_1990_2000,0
6894,274,25.07,0.1886,41271,1188,0.1845,1997,A_1990_2000,2
6061,248,24.55,0.1815,38342,1234,0.2198,1997,A_1990_2000,0
6392,329,19.33,0.1564,36197,1524,0.2559,1997,A_1990_2000,1
66221,2317,28.53,0.0423,398499,7649,0.1254,1997,A_1990_2000,0
1135,60,18.93,0.6167,6728,443,0.4194,1997,A_1990_2000,1
469,21,22.38,1.2793,2751,237,0.516,1997,A_1990_2000,1
1022,55,18.4,0.5871,5948,433,0.4501,1997,A_1990_2000,0
885,40,22.0,0.678,5469,351,0.4124,1997,A_1990_2000,1
1520,54,28.24,0.5921,8707,548,0.3849,1997,A_1990_2000,0
3621,223,16.18,0.4419,21474,992,0.2914,1997,A_1990_2000,0
615,31,19.87,1.1382,3618,280,0.4878,1997,A_1990_2000,0
313,25,12.04,0.9585,1816,161,0.5335,1997,A_1990_2000,0
2681,155,17.12,0.4476,15024,864,0.3469,1997,A_1990_2000,1
1135,57,19.77,0.793,7444,473,0.4414,1997,A_1990_2000,1
3472,189,18.35,0.2304,22264,1251,0.3802,1997,A_1990_2000,1
594,49,12.14,1.1785,3690,272,0.4983,1997,A_1990_2000,0
14179,559,25.41,0.134,87138,3047,0.2267,1997,A_1990_2000,0
2852,117,24.36,0.4558,17088,784,0.291,1997,A_1990_2000,1
4242,247,17.0,0.3536,25709,915,0.2324,1997,A_1990_2000,1
5380,186,28.85,0.2974,30392,1228,0.2439,1997,A_1990_2000,0
2133,112,18.96,0.4219,12390,695,0.3521,1997,A_1990_2000,1
664,50,13.18,0.9036,3771,280,0.4593,1997,A_1990_2000,1
737,39,18.82,1.0855,4274,346,0.5034,1997,A_1990_2000,1
511,29,17.28,0.7828,3109,256,0.5303,1997,A_1990_2000,1
3663,120,30.57,0.2457,20519,792,0.2301,1997,A_1990_2000,1
563,34,16.56,1.0657,3167,270,0.5204,1997,A_1990_2000,0
2136,70,30.3,0.4682,12266,649,0.3216,1997,A_1990_2000,1
2309,116,19.84,0.2599,14072,692,0.3227,1997,A_1990_2000,0
8183,391,20.97,0.1589,47537,1834,0.2367,1997,A_1990_2000,1
2481,119,20.88,0.2821,14837,724,0.3148,1997,A_1990_2000,1
688,46,14.93,1.4535,3974,307,0.4869,1997,A_1990_2000,1
2542,98,25.76,0.4327,14713,750,0.3088,1997,A_1990_2000,1
7081,339,20.88,0.113,41432,1239,0.1911,1997,A_1990_2000,0
6658,286,23.17,0.1802,39482,1256,0.202,1997,A_1990_2000,1
6654,274,24.22,0.1653,39416,1241,0.2023,1997,A_1990_2000,1
537,33,16.18,1.676,3145,253,0.5121,1997,A_1990_2000,1
798,53,15.02,1.1278,4839,347,0.4699,1997,A_1990_2000,1
4553,216,21.17,0.2416,26360,1374,0.318,1997,A_1990_2000,1
6325,242,26.18,0.1897,36793,1474,0.2468,1997,A_1990_2000,2
2901,145,20.12,0.4137,18003,716,0.2665,1997,A_1990_2000,1
5234,209,24.75,0.3057,31846,1241,0.2556,1997,A_1990_2000,1
3251,140,22.97,0.3384,20308,993,0.3227,1997,A_1990_2000,0
447,23,19.13,1.566,2550,234,0.5593,1997,A_1990_2000,1
2596,121,21.36,0.3082,15130,777,0.3178,1997,A_1990_2000,0
2918,131,22.26,0.377,18100,1015,0.365,1997,A_1990_2000,1
951,49,19.12,0.7361,5780,393,0.4427,1997,A_1990_2000,1
5267,228,23.27,0.1899,30496,955,0.1942,1997,A_1990_2000,1
3993,245,16.51,0.2755,23204,1181,0.309,1997,A_1990_2000,0
2862,112,25.58,0.3145,17851,847,0.311,1997,A_1990_2000,0
4255,185,22.81,0.235,24268,1130,0.2785,1997,A_1990_2000,0
3492,163,21.45,0.3723,20266,821,0.2523,1997,A_1990_2000,0
2323,88,26.45,0.4735,13875,661,0.3056,1997,A_1990_2000,1
995,48,20.79,0.603,6170,433,0.4623,1997,A_1990_2000,0
3044,134,22.78,0.2628,18062,783,0.2727,1997,A_1990_2000,1
501,35,14.23,1.5968,2993,245,0.519,1997,A_1990_2000,0
7816,300,26.08,0.0896,45677,1523,0.2057,1997,A_1990_2000,1
15501,583,26.39,0.0774,89229,2147,0.1456,1997,A_1990_2000,1
885,40,22.15,1.0169,5574,400,0.4802,1997,A_1990_2000,0
1918,89,21.54,0.4171,11183,628,0.3509,1997,A_1990_2000,1
8085,415,19.42,0.2103,47184,1683,0.2233,1997,A_1990_2000,1
3336,132,25.28,0.3297,19692,995,0.3189,1997,A_1990_2000,1
554,31,17.9,1.2635,3271,242,0.4801,1997,A_1990_2000,0
4288,264,16.17,0.1866,26980,1162,0.2976,1997,A_1990_2000,2
3848,256,14.96,0.3119,22749,853,0.2391,1997,A_1990_2000,1
6920,284,24.3,0.1301,40476,1228,0.1876,1997,A_1990_2000,0
457,19,23.68,1.5317,2553,220,0.5164,1997,A_1990_2000,0
472,37,12.57,1.6949,2767,249,0.5678,1997,A_1990_2000,1
5053,292,17.01,0.3166,28721,1299,0.2777,1997,A_1990_2000,2
5443,167,32.48,0.2205,32089,1056,0.2087,1997,A_1990_2000,1
2505,131,18.92,0.3593,15158,702,0.3014,1997,A_1990_2000,1
5940,215,27.59,0.2357,36213,1245,0.2241,1997,A_1990_2000,1
1218,64,19.06,0.5747,7160,463,0.408,1997,A_1990_2000,1
719,48,15.0,0.8345,4212,322,0.4798,1997,A_1990_2000,1
694,41,16.9,1.0086,4125,351,0.5389,1997,A_1990_2000,1
2780,152,18.43,0.3597,16840,740,0.2845,1997,A_1990_2000,2
844,45,18.78,0.7109,5027,348,0.4384,1997,A_1990_2000,1
1302,80,16.24,0.9217,7501,482,0.3932,1997,A_1990_2000,0
5223,196,26.62,0.2298,29815,1073,0.2211,1997,A_1990_2000,2
1234,56,22.11,0.6483,7562,480,0.41,1997,A_1990_2000,0
505,32,15.78,1.5842,3039,268,0.5782,1997,A_1990_2000,1
940,53,17.75,0.8511,5625,385,0.4351,1997,A_1990_2000,1
4225,199,20.92,0.2604,24873,1074,0.2703,1997,A_1990_2000,1
665,23,28.91,0.7519,3815,254,0.4135,1997,A_1990_2000,0
5120,189,26.81,0.2539,29418,1121,0.2336,1997,A_1990_2000,0
2475,125,19.89,0.4444,14557,759,0.3248,1997,A_1990_2000,0
6188,246,25.14,0.2424,36405,1380,0.2414,1997,A_1990_2000,1
1584,63,25.11,0.8207,9527,548,0.3756,1997,A_1990_2000,1
1608,80,19.69,0.5597,9456,509,0.3364,1997,A_1990_2000,0
700,41,16.88,0.7143,4343,311,0.4757,1997,A_1990_2000,1
4576,249,18.18,0.2185,27008,1147,0.2675,1997,A_1990_2000,1
2078,125,16.4,0.385,12479,664,0.3431,1997,A_1990_2000,2
2003,131,15.16,0.3994,12041,655,0.352,1997,A_1990_2000,2
1809,111,16.18,0.387,10703,578,0.3477,1997,A_1990_2000,1
1132,49,23.2,0.53,6626,471,0.4426,1997,A_1990_2000,1
1090,49,22.18,0.7339,6475,445,0.4385,1997,A_1990_2000,1
4720,148,32.01,0.2119,26875,920,0.2078,1997,A_1990_2000,1
11331,506,22.23,0.0971,65081,2569,0.2379,1997,A_1990_2000,0
1673,70,23.97,0.4782,10058,563,0.3568,1997,A_1990_2000,1
2856,147,19.23,0.3501,16355,741,0.2777,1997,A_1990_2000,1
526,35,15.03,1.3308,3187,305,0.6141,1997,A_1990_2000,0
1322,84,15.51,0.6051,7638,480,0.3903,1997,A_1990_2000,1
1971,83,23.58,0.2029,12176,555,0.2958,1997,A_1990_2000,0
5162,218,23.67,0.2518,30917,1286,0.2675,1997,A_1990_2000,0
9221,297,31.07,0.0868,54553,1327,0.1539,1997,A_1990_2000,2
7242,262,27.58,0.1105,44100,1195,0.1761,1997,A_1990_2000,2
1018,58,17.24,0.9823,5806,351,0.3752,1997,A_1990_2000,1
2809,120,23.18,0.2492,16262,771,0.2948,1997,A_1990_2000,1
10150,350,28.95,0.1872,59107,1926,0.2047,1997,A_1990_2000,1
1080,51,21.08,0.5556,6642,428,0.4139,1998,A_1990_2000,1
6226,278,22.08,0.1767,36533,1109,0.1894,1998,A_1990_2000,1
2784,108,25.4,0.3233,15544,794,0.3071,1998,A_1990_2000,1
1568,56,28.05,0.5102,9464,589,0.3967,1998,A_1990_2000,1
1565,50,31.28,0.639,9077,499,0.3329,1998,A_1990_2000,1
1255,53,23.58,0.7171,7201,357,0.2988,1998,A_1990_2000,1
3899,245,15.64,0.2308,23481,1202,0.3296,1998,A_1990_2000,1
2542,119,21.4,0.4327,15102,781,0.3257,1998,A_1990_2000,1
4817,218,22.09,0.2076,28179,1197,0.2649,1998,A_1990_2000,0
10234,313,32.66,0.1173,59453,1577,0.1639,1998,A_1990_2000,1
294,18,15.78,1.0204,1746,167,0.5952,1998,A_1990_2000,0
5389,236,22.6,0.2412,31255,1232,0.2405,1998,A_1990_2000,1
10594,434,24.25,0.151,63751,2096,0.2104,1998,A_1990_2000,0
9534,591,16.1,0.1154,58254,1718,0.1929,1998,A_1990_2000,1
611,34,17.88,1.3093,3656,249,0.4321,1998,A_1990_2000,1
3503,144,24.33,0.2569,20770,1015,0.308,1998,A_1990_2000,2
6926,278,24.94,0.1733,41348,1356,0.2083,1998,A_1990_2000,0
3689,154,24.03,0.1898,22660,737,0.2112,1998,A_1990_2000,0
3772,151,24.83,0.1856,23021,816,0.2293,1998,A_1990_2000,0
3386,168,20.07,0.2067,20381,738,0.2321,1998,A_1990_2000,0
2695,148,17.99,0.2597,16048,799,0.315,1998,A_1990_2000,0
7044,242,29.12,0.2129,40328,1349,0.2054,1998,A_1990_2000,1
2001,76,26.17,0.4998,12000,628,0.3348,1998,A_1990_2000,1
1492,79,18.96,0.5362,9526,542,0.3881,1998,A_1990_2000,2
3941,129,30.41,0.2791,23599,847,0.2312,1998,A_1990_2000,1
3618,190,18.89,0.2211,21849,903,0.2667,1998,A_1990_2000,0
4468,245,18.17,0.3133,27695,1197,0.2854,1998,A_1990_2000,1
2419,113,21.33,0.3307,13872,671,0.2914,1998,A_1990_2000,0
5377,268,20.18,0.2604,32626,1258,0.2516,1998,A_1990_2000,1
7580,368,20.45,0.2111,46808,1780,0.252,1998,A_1990_2000,1
4899,166,29.41,0.2041,28437,965,0.2141,1998,A_1990_2000,1
6414,312,20.47,0.265,39252,1526,0.2546,1998,A_1990_2000,0
3092,117,26.49,0.3234,18025,787,0.2697,1998,A_1990_2000,1
889,52,16.81,1.0124,5663,362,0.4376,1998,A_1990_2000,1
365,22,16.45,1.0959,2077,179,0.5178,1998,A_1990_2000,1
860,37,23.22,1.0465,4984,337,0.4163,1998,A_1990_2000,0
6533,219,29.75,0.2602,37880,1341,0.2206,1998,A_1990_2000,1
9188,397,23.13,0.1633,53394,1857,0.2164,1998,A_1990_2000,2
4717,261,18.08,0.2544,28952,913,0.2075,1998,A_1990_2000,0
3194,142,22.63,0.2505,19010,953,0.3231,1998,A_1990_2000,0
9581,548,17.78,0.1044,55346,1478,0.1636,1998,A_1990_2000,0
1362,62,21.73,0.5874,7925,568,0.4325,1998,A_1990_2000,1
3122,167,18.63,0.2562,18308,789,0.2713,1998,A_1990_2000,0
2393,109,21.88,0.2925,13228,783,0.3435,1998,A_1990_2000,1
3338,185,18.03,0.2996,19669,979,0.3125,1998,A_1990_2000,1
19473,764,25.44,0.1078,116496,2662,0.1494,1998,A_1990_2000,0
1360,80,17.02,0.8088,7951,438,0.3463,1998,A_1990_2000,2
4758,237,20.12,0.2522,28235,1131,0.2522,1998,A_1990_2000,1
8993,436,20.47,0.1446,52353,1784,0.2114,1998,A_1990_2000,2
3791,181,20.87,0.2638,21515,894,0.2522,1998,A_1990_2000,0
2664,90,29.63,0.3003,15135,630,0.2556,1998,A_1990_2000,0
14244,461,30.78,0.1053,84751,2157,0.1622,1998,A_1990_2000,1
2845,117,24.51,0.4921,16769,889,0.3325,1998,A_1990_2000,1
489,32,15.0,1.227,2782,246,0.5235,1998,A_1990_2000,1
2387,84,28.45,0.4189,13971,736,0.3297,1998,A_1990_2000,0
7343,302,24.35,0.177,42677,1480,0.2157,1998,A_1990_2000,1
21802,971,22.45,0.0871,128357,3237,0.1587,1998,A_1990_2000,1
3613,135,26.81,0.3045,21383,857,0.2552,1998,A_1990_2000,1
4950,190,26.07,0.1616,29256,1139,0.2424,1998,A_1990_2000,1
4776,187,25.58,0.2931,27416,1081,0.2433,1998,A_1990_2000,1
9817,508,19.34,0.1528,55928,1814,0.1963,1998,A_1990_2000,0
683,38,17.82,1.0249,4105,246,0.3734,1998,A_1990_2000,1
301,25,12.12,2.99,1821,172,0.6246,1998,A_1990_2000,1
10315,441,23.41,0.1066,60916,2096,0.2145,1998,A_1990_2000,1
675,22,30.59,0.8889,4068,256,0.397,1998,A_1990_2000,0
1434,68,20.85,0.4881,8666,497,0.3682,1998,A_1990_2000,2
4447,216,20.58,0.3373,27418,1189,0.2847,1998,A_1990_2000,0
2826,111,25.54,0.2831,17023,675,0.2534,1998,A_1990_2000,0
8329,405,20.61,0.1561,49724,1593,0.2047,1998,A_1990_2000,2
1684,81,20.53,0.4157,9892,614,0.3866,1998,A_1990_2000,0
11083,436,25.42,0.1263,64249,1855,0.1802,1998,A_1990_2000,1
1164,59,19.81,0.6873,6920,435,0.3943,1998,A_1990_2000,0
6046,231,26.05,0.2481,35646,1376,0.239,1998,A_1990_2000,0
5003,177,28.27,0.1399,29459,1212,0.2548,1998,A_1990_2000,0
1291,63,20.35,0.6971,7472,486,0.4067,1998,A_1990_2000,1
3936,150,26.07,0.4065,22442,895,0.2444,1998,A_1990_2000,0
6082,265,22.52,0.2302,36388,1468,0.2578,1998,A_1990_2000,1
1254,39,32.03,0.319,7378,368,0.3078,1998,A_1990_2000,1
5242,210,24.94,0.2289,30605,1167,0.2369,1998,A_1990_2000,1
444,29,14.93,0.6757,2623,209,0.4865,1998,A_1990_2000,1
4984,214,23.36,0.1806,28111,1098,0.235,1998,A_1990_2000,1
4948,238,20.82,0.2223,28474,1257,0.2694,1998,A_1990_2000,2
3171,137,23.01,0.41,18194,941,0.3097,1998,A_1990_2000,0
1748,72,24.21,0.4005,10174,527,0.3204,1998,A_1990_2000,0
7954,287,27.75,0.2137,48424,1386,0.1869,1998,A_1990_2000,1
1874,82,22.66,0.2668,10714,476,0.2636,1998,A_1990_2000,0
1370,67,20.54,0.9489,8120,458,0.3599,1998,A_1990_2000,2
4383,200,22.0,0.4335,25671,1318,0.3174,1998,A_1990_2000,1
2537,104,24.34,0.3547,14696,721,0.2988,1998,A_1990_2000,0
1934,93,20.65,0.4137,10959,569,0.3164,1998,A_1990_2000,1
3293,133,24.81,0.2733,19434,772,0.2536,1998,A_1990_2000,1
3668,125,29.24,0.3272,21898,868,0.2497,1998,A_1990_2000,1
4596,234,19.62,0.3264,27900,1247,0.2855,1998,A_1990_2000,1
5983,302,19.8,0.234,35031,1312,0.237,1998,A_1990_2000,1
6482,306,21.29,0.1851,37933,1380,0.2262,1998,A_1990_2000,0
2962,74,40.08,0.3376,16727,877,0.3096,1998,A_1990_2000,0
3162,116,27.37,0.253,18582,819,0.2789,1998,A_1990_2000,0
7175,325,21.99,0.1533,41204,1405,0.2135,1998,A_1990_2000,0
3397,136,24.92,0.2944,19669,991,0.3056,1998,A_1990_2000,0
1771,92,19.25,0.3388,10050,593,0.358,1998,A_1990_2000,1
570,35,15.97,1.0526,3410,259,0.4737,1998,A_1990_2000,1
10347,402,25.76,0.1546,60613,1332,0.1377,1998,A_1990_2000,1
358,16,22.25,1.3966,2173,178,0.5112,1998,A_1990_2000,1
4206,185,22.75,0.2378,24275,1044,0.267,1998,A_1990_2000,0
1327,48,27.29,0.5275,7701,452,0.367,1998,A_1990_2000,0
706,37,19.03,0.9915,4102,270,0.398,1998,A_1990_2000,1
2447,143,17.08,0.4087,15073,738,0.3228,1998,A_1990_2000,1
1361,54,24.93,0.5878,7959,465,0.3542,1998,A_1990_2000,1
624,39,15.87,0.8013,3623,304,0.508,1998,A_1990_2000,1
146,12,12.08,4.1096,864,101,0.7123,1998,A_1990_2000,1
2077,97,21.39,0.3852,12040,645,0.3341,1998,A_1990_2000,2
4464,157,28.47,0.3136,25882,1009,0.2392,1998,A_1990_2000,1
1955,101,19.39,0.5115,11492,553,0.3008,1998,A_1990_2000,0
3112,129,24.1,0.3213,18729,749,0.2619,1998,A_1990_2000,0
815,40,20.32,1.1043,4618,322,0.4196,1998,A_1990_2000,1
7392,391,19.17,0.1353,43797,1364,0.1982,1998,A_1990_2000,1
5280,230,22.84,0.2083,30256,1330,0.265,1998,A_1990_2000,2
2314,130,17.98,0.3889,13648,675,0.3107,1998,A_1990_2000,2
2372,117,20.36,0.5902,13857,674,0.3023,1998,A_1990_2000,0
4359,166,26.15,0.2065,26520,1087,0.2686,1998,A_1990_2000,1
1277,73,17.38,0.6265,7158,432,0.3704,1998,A_1990_2000,1
6439,293,22.05,0.1864,38162,1496,0.2514,1998,A_1990_2000,0
1699,80,21.06,0.7652,10061,607,0.3673,1998,A_1990_2000,1
2067,73,28.12,0.4354,12012,661,0.3445,1998,A_1990_2000,1
2289,115,19.78,0.5242,13394,708,0.329,1998,A_1990_2000,1
2257,107,21.09,0.7089,13102,712,0.3403,1998,A_1990_2000,1
572,32,17.69,0.6993,3415,284,0.5192,1998,A_1990_2000,1
1999,99,19.99,0.2501,12139,565,0.3052,1998,A_1990_2000,1
3450,93,37.0,0.4058,20701,818,0.2528,1998,A_1990_2000,1
5316,184,28.75,0.2257,31906,1186,0.2421,1998,A_1990_2000,1
4195,168,24.89,0.2145,25325,1055,0.272,1998,A_1990_2000,1
1575,82,18.94,0.4444,9039,547,0.3771,1998,A_1990_2000,2
2939,130,22.45,0.2042,17167,778,0.2868,1998,A_1990_2000,0
4395,164,26.75,0.2503,26303,981,0.2451,1998,A_1990_2000,0
1698,65,26.32,0.5889,9848,526,0.3322,1998,A_1990_2000,2
3585,143,24.91,0.3068,21014,964,0.2898,1998,A_1990_2000,2
3027,123,24.54,0.3304,17388,677,0.2365,1998,A_1990_2000,0
1237,47,26.4,0.6467,7166,385,0.3339,1998,A_1990_2000,2
4479,244,18.39,0.2902,25826,1106,0.2639,1998,A_1990_2000,1
212,16,12.94,2.3585,1311,140,0.6745,1998,A_1990_2000,0
479,32,14.88,1.6701,2952,232,0.5031,1998,A_1990_2000,1
2588,98,26.31,0.3864,15526,763,0.3118,1998,A_1990_2000,1
838,35,24.0,0.5967,4989,358,0.4523,1998,A_1990_2000,1
1367,35,39.2,0.5121,8127,444,0.3489,1998,A_1990_2000,1
1508,72,21.01,0.4642,9101,556,0.3966,1998,A_1990_2000,0
2776,144,19.32,0.4323,16767,823,0.3127,1998,A_1990_2000,1
2486,103,24.07,0.4023,14907,784,0.3331,1998,A_1990_2000,1
12095,393,30.84,0.124,68811,1807,0.1593,1998,A_1990_2000,1
4122,175,23.4,0.2669,24819,1230,0.3151,1998,A_1990_2000,1
1952,93,21.09,0.3586,11095,563,0.3058,1998,A_1990_2000,1
3786,144,26.23,0.3962,22391,974,0.2734,1998,A_1990_2000,1
1567,54,29.09,0.4467,9476,510,0.3452,1998,A_1990_2000,1
2246,145,15.59,0.5788,13607,639,0.3028,1998,A_1990_2000,0
2538,112,22.5,0.394,14567,667,0.2821,1998,A_1990_2000,1
784,41,19.15,1.2755,4665,287,0.4005,1998,A_1990_2000,1
1917,74,26.12,0.4695,11169,609,0.3339,1998,A_1990_2000,1
2978,133,22.32,0.403,17747,843,0.3005,1998,A_1990_2000,1
1377,68,20.15,0.581,8028,401,0.3195,1998,A_1990_2000,0
812,39,20.72,0.9852,4797,343,0.4384,1998,A_1990_2000,1
1978,76,26.12,0.6067,11513,554,0.2983,1998,A_1990_2000,1
2341,106,22.08,0.3845,13776,618,0.2883,1998,A_1990_2000,1
3409,140,24.42,0.2933,20200,879,0.2731,1998,A_1990_2000,1
3387,188,18.21,0.2362,19749,740,0.2335,1998,A_1990_2000,2
4239,191,22.17,0.3067,25409,931,0.2324,1998,A_1990_2000,1
7726,361,21.18,0.1683,44902,1561,0.2198,1998,A_1990_2000,1
8246,331,24.99,0.2547,49481,1827,0.2348,1999,A_1990_2000,1
2425,100,24.04,0.5361,14667,707,0.3101,1999,A_1990_2000,1
3685,134,27.51,0.2985,22056,1046,0.3039,1999,A_1990_2000,1
5971,282,21.15,0.1675,35759,1154,0.2048,1999,A_1990_2000,1
1870,79,23.8,0.5882,10747,596,0.338,1999,A_1990_2000,1
6244,301,20.76,0.1762,35877,1294,0.2193,1999,A_1990_2000,1
6419,268,23.99,0.2025,38732,1518,0.2528,1999,A_1990_2000,1
2936,129,22.78,0.2725,17095,730,0.2681,1999,A_1990_2000,1
1545,62,25.03,0.7767,9089,542,0.3702,1999,A_1990_2000,1
2954,122,24.38,0.4062,17448,800,0.283,1999,A_1990_2000,2
2813,108,26.12,0.3555,16597,714,0.2712,1999,A_1990_2000,1
1330,67,19.91,0.6767,7743,527,0.4248,1999,A_1990_2000,1
2513,142,17.95,0.4775,14255,668,0.2809,1999,A_1990_2000,1
2976,165,17.91,0.4704,17750,885,0.3155,1999,A_1990_2000,1
1386,92,15.24,0.5051,8452,539,0.4076,1999,A_1990_2000,1
1199,57,21.02,0.5838,7081,441,0.387,1999,A_1990_2000,1
7700,300,25.86,0.1429,43723,1422,0.1964,1999,A_1990_2000,1
647,34,18.88,0.7728,3702,272,0.4374,1999,A_1990_2000,0
3565,201,17.74,0.3647,21519,959,0.2875,1999,A_1990_2000,2
1196,48,24.96,0.5853,7221,437,0.3963,1999,A_1990_2000,1
7439,356,21.07,0.1613,43360,1597,0.227,1999,A_1990_2000,1
1759,85,20.86,0.5685,10339,641,0.3826,1999,A_1990_2000,1
1922,87,22.2,0.5203,11055,707,0.3861,1999,A_1990_2000,1
6225,260,23.98,0.2249,37518,1372,0.2318,1999,A_1990_2000,1
1550,60,25.77,0.6452,8872,534,0.3671,1999,A_1990_2000,1
4013,200,20.2,0.3239,23690,962,0.2562,1999,A_1990_2000,1
2128,102,20.86,0.4699,12596,606,0.305,1999,A_1990_2000,0
192,14,13.64,1.0417,1194,127,0.6823,1999,A_1990_2000,0
6053,211,28.68,0.0991,34791,1120,0.1964,1999,A_1990_2000,0
1888,64,29.25,0.4237,10981,598,0.34,1999,A_1990_2000,0
532,35,15.03,0.3759,3176,244,0.4868,1999,A_1990_2000,0
541,24,22.54,0.7394,3333,225,0.4325,1999,A_1990_2000,1
1990,88,22.65,0.3518,11804,635,0.3427,1999,A_1990_2000,1
650,39,16.67,0.9231,3913,278,0.4631,1999,A_1990_2000,0
639,35,18.03,0.4695,3692,297,0.482,1999,A_1990_2000,0
184,14,13.07,1.6304,1139,115,0.663,1999,A_1990_2000,0
277,18,15.33,1.083,1605,161,0.6029,1999,A_1990_2000,0
229,18,12.61,1.31,1356,133,0.6026,1999,A_1990_2000,0
1172,48,24.65,0.8532,7185,433,0.3899,1999,A_1990_2000,1
2760,112,24.64,0.3986,16010,841,0.3199,1999,A_1990_2000,1
2416,130,18.75,0.4967,14045,611,0.2678,1999,A_1990_2000,1
1350,70,19.46,0.7407,7627,440,0.3467,1999,A_1990_2000,1
8965,326,27.53,0.145,51729,1898,0.2252,1999,A_1990_2000,1
7387,401,18.54,0.1624,44409,1757,0.2511,1999,A_1990_2000,1
3496,156,22.31,0.286,20267,814,0.2451,1999,A_1990_2000,1
8618,404,21.0,0.1973,52076,1780,0.2206,1999,A_1990_2000,1
2575,107,24.07,0.3883,14744,755,0.3099,1999,A_1990_2000,2
2802,163,17.42,0.4283,16925,797,0.3019,1999,A_1990_2000,0
2149,130,16.29,0.4653,12657,749,0.3653,1999,A_1990_2000,1
323,22,14.55,1.548,2087,173,0.548,1999,A_1990_2000,1
4224,230,18.21,0.2841,24550,1003,0.2543,1999,A_1990_2000,1
7584,319,23.66,0.145,43762,1390,0.1953,1999,A_1990_2000,2
5845,258,22.62,0.1711,33644,1172,0.2151,1999,A_1990_2000,0
3601,141,25.57,0.2499,21428,907,0.2694,1999,A_1990_2000,1
2973,81,36.83,0.3027,16881,711,0.2543,1999,A_1990_2000,1
446,36,12.44,1.3453,2684,227,0.5291,1999,A_1990_2000,1
3806,197,19.25,0.2102,22319,992,0.2796,1999,A_1990_2000,1
840,41,20.44,0.9524,4941,367,0.456,1999,A_1990_2000,1
1470,72,20.39,0.2721,8737,507,0.3585,1999,A_1990_2000,0
8260,377,21.96,0.2058,48630,1732,0.2276,1999,A_1990_2000,0
4522,240,18.64,0.1548,26521,1166,0.27,1999,A_1990_2000,0
4432,162,27.28,0.2256,26774,1004,0.2392,1999,A_1990_2000,0
4563,167,27.11,0.263,26231,1100,0.2553,1999,A_1990_2000,1
2146,88,24.17,0.3728,12430,666,0.3225,1999,A_1990_2000,0
5452,285,19.19,0.1834,31609,1288,0.2496,1999,A_1990_2000,1
2424,108,22.23,0.33,13950,794,0.3399,1999,A_1990_2000,2
2873,162,17.71,0.3481,16778,934,0.3387,1999,A_1990_2000,1
2550,99,25.59,0.3529,15326,683,0.2831,1999,A_1990_2000,1
15093,653,23.04,0.0729,89559,2412,0.1689,1999,A_1990_2000,0
2423,73,33.38,0.454,14205,623,0.2703,1999,A_1990_2000,1
466,23,20.09,1.073,2791,236,0.5215,1999,A_1990_2000,0
1258,68,18.53,0.8744,7587,452,0.376,1999,A_1990_2000,1
6638,250,26.78,0.1958,38353,1259,0.201,1999,A_1990_2000,1
637,47,13.28,1.0989,3657,257,0.427,1999,A_1990_2000,1
1598,81,19.85,0.5632,9485,573,0.3824,1999,A_1990_2000,0
1956,67,29.4,0.409,11356,635,0.3466,1999,A_1990_2000,1
7301,293,25.03,0.137,43145,1661,0.2398,1999,A_1990_2000,1
2424,141,17.38,0.3713,14044,721,0.3193,1999,A_1990_2000,1
8604,290,29.78,0.2557,50971,1715,0.2129,1999,A_1990_2000,0
2003,103,19.6,0.4493,11983,605,0.3185,1999,A_1990_2000,0
4067,164,24.71,0.1721,23307,865,0.2257,1999,A_1990_2000,0
3186,200,16.11,0.3139,18436,866,0.2856,1999,A_1990_2000,2
6032,314,19.34,0.2653,36874,1655,0.2934,1999,A_1990_2000,1
1590,68,23.56,0.4403,9230,597,0.4013,1999,A_1990_2000,1
1310,70,18.87,0.6107,7737,506,0.4107,1999,A_1990_2000,0
6844,293,23.48,0.1899,41244,1256,0.1978,1999,A_1990_2000,1
1412,56,25.18,0.7082,8480,513,0.3803,1999,A_1990_2000,1
3245,142,23.0,0.2465,18393,787,0.2564,1999,A_1990_2000,2
5964,209,28.53,0.2515,34682,1327,0.2356,1999,A_1990_2000,0
2228,115,19.17,0.4039,13127,648,0.3083,1999,A_1990_2000,1
2985,116,25.65,0.4355,17287,828,0.2931,1999,A_1990_2000,1
6541,294,22.35,0.1682,36692,1468,0.237,1999,A_1990_2000,2
4708,208,22.75,0.1699,26881,1341,0.2974,1999,A_1990_2000,1
1855,77,24.3,0.5391,11168,627,0.3569,1999,A_1990_2000,0
2978,109,27.09,0.2351,17180,917,0.3247,1999,A_1990_2000,1
28310,1365,20.74,0.106,167552,4376,0.1665,1999,A_1990_2000,0
5486,291,18.73,0.2005,33354,1399,0.2707,1999,A_1990_2000,1
4138,196,21.22,0.2417,24937,1033,0.2675,1999,A_1990_2000,1
551,38,14.21,1.4519,3338,289,0.5408,1999,A_1990_2000,1
19216,806,23.91,0.1041,115084,2570,0.1418,1999,A_1990_2000,2
1742,68,25.66,0.5741,9912,525,0.3232,1999,A_1990_2000,0
2577,68,38.07,0.388,15465,696,0.2825,1999,A_1990_2000,1
11609,364,31.97,0.1378,69876,1893,0.1756,1999,A_1990_2000,1
662,33,19.94,1.2085,3880,290,0.4592,1999,A_1990_2000,1
3650,125,29.08,0.274,21063,1097,0.3181,1999,A_1990_2000,0
2254,71,31.68,0.2662,13111,667,0.3172,1999,A_1990_2000,1
1083,47,23.15,0.6464,6162,397,0.3924,1999,A_1990_2000,0
4971,258,19.3,0.2213,28837,1471,0.3104,1999,A_1990_2000,1
1214,52,23.27,0.7414,7418,445,0.3946,1999,A_1990_2000,1
2202,95,23.42,0.3633,13439,751,0.3642,1999,A_1990_2000,1
3176,230,13.78,0.3778,18575,868,0.2884,1999,A_1990_2000,1
356,19,18.58,1.4045,2088,190,0.5562,1999,A_1990_2000,1
2239,131,17.03,0.3573,13001,673,0.3207,1999,A_1990_2000,2
2131,106,20.3,0.4223,12408,613,0.3046,1999,A_1990_2000,0
3923,156,25.14,0.5098,23135,992,0.2689,1999,A_1990_2000,1
2024,82,24.67,0.5435,11733,655,0.3399,1999,A_1990_2000,0
2975,74,40.31,0.4034,17570,722,0.2548,1999,A_1990_2000,1
4058,163,25.01,0.2464,23562,879,0.2356,1999,A_1990_2000,0
845,30,27.83,1.0651,5019,307,0.3728,1999,A_1990_2000,1
1128,52,21.81,0.7979,6520,444,0.4131,1999,A_1990_2000,1
713,31,23.13,0.9818,4120,289,0.446,1999,A_1990_2000,1
3498,169,20.66,0.2859,20039,1086,0.3279,1999,A_1990_2000,1
11667,495,23.49,0.1286,69582,1928,0.1785,1999,A_1990_2000,1
2735,110,25.04,0.3656,15618,780,0.2998,1999,A_1990_2000,1
2000,59,33.93,0.6,11949,605,0.319,1999,A_1990_2000,1
1672,67,25.03,0.5383,9792,666,0.424,1999,A_1990_2000,0
766,37,20.73,1.0444,4277,325,0.4478,1999,A_1990_2000,1
2128,77,27.58,0.4229,12421,596,0.2975,1999,A_1990_2000,0
3141,199,15.79,0.3502,19244,818,0.2821,1999,A_1990_2000,1
3429,288,12.28,0.3791,20368,1037,0.3182,1999,A_1990_2000,1
2857,121,23.83,0.385,16118,806,0.2968,1999,A_1990_2000,1
3071,127,24.22,0.2931,18283,879,0.2986,1999,A_1990_2000,0
5543,194,28.65,0.1804,33236,1387,0.2636,1999,A_1990_2000,0
961,44,21.86,0.8325,5540,370,0.4089,1999,A_1990_2000,0
7449,350,21.31,0.1342,43583,1518,0.2171,1999,A_1990_2000,0
3463,151,23.16,0.3465,20017,829,0.2504,1999,A_1990_2000,1
3107,121,25.84,0.354,18551,857,0.2903,1999,A_1990_2000,0
1774,86,20.35,0.3946,10533,533,0.3151,1999,A_1990_2000,0
1681,96,17.5,0.4164,9899,610,0.3902,1999,A_1990_2000,1
3371,146,23.04,0.2373,19434,884,0.2791,1999,A_1990_2000,0
919,40,22.8,0.4353,5380,381,0.4276,1999,A_1990_2000,0
3553,148,23.86,0.5066,20827,972,0.2919,1999,A_1990_2000,1
2732,117,23.23,0.5124,15674,801,0.31,1999,A_1990_2000,0
5139,219,23.48,0.1946,30435,1384,0.2806,1999,A_1990_2000,0
5351,293,18.42,0.2429,30950,1187,0.2357,1999,A_1990_2000,1
1110,62,18.13,0.991,6924,382,0.3667,1999,A_1990_2000,1
4985,203,24.46,0.3009,28806,1123,0.2385,1999,A_1990_2000,1
4583,218,21.16,0.3273,27307,1094,0.2533,1999,A_1990_2000,1
1657,65,25.48,0.4225,9734,598,0.3802,1999,A_1990_2000,2
2961,123,24.07,0.3715,17485,920,0.33,1999,A_1990_2000,1
1254,68,18.54,0.638,7523,544,0.4625,1999,A_1990_2000,0
1695,84,20.37,0.531,10151,546,0.341,1999,A_1990_2000,0
3840,190,20.3,0.3125,23520,1082,0.2961,1999,A_1990_2000,2
935,31,30.23,1.0695,5421,390,0.4471,1999,A_1990_2000,1
2781,121,22.86,0.2877,16325,772,0.3006,1999,A_1990_2000,0
5390,232,23.28,0.2412,31663,1503,0.2939,1999,A_1990_2000,2
7071,275,25.89,0.2404,42211,1683,0.2495,1999,A_1990_2000,1
2656,77,34.56,0.3389,15543,656,0.2602,1999,A_1990_2000,1
1209,55,22.05,0.8271,7619,448,0.3912,1999,A_1990_2000,1
2334,72,32.56,0.5141,13416,710,0.3188,1999,A_1990_2000,1
3365,102,33.02,0.4755,20174,859,0.2707,1999,A_1990_2000,1
3395,141,24.13,0.324,20093,848,0.2636,1999,A_1990_2000,2
665,34,19.29,0.9023,3795,288,0.4571,1999,A_1990_2000,1
10497,421,25.01,0.1143,62101,2065,0.2099,1999,A_1990_2000,0
2674,91,29.36,0.3366,15532,772,0.3025,1999,A_1990_2000,1
2151,72,29.9,0.6974,12529,627,0.3064,1999,A_1990_2000,1
6450,267,24.2,0.2171,38792,1313,0.22,1999,A_1990_2000,1
757,48,15.65,0.7926,4570,278,0.391,1999,A_1990_2000,1
494,28,17.57,1.0121,2985,230,0.4757,1999,A_1990_2000,1
2525,97,26.0,0.3168,14585,763,0.316,1999,A_1990_2000,1
1209,72,16.79,0.7444,7080,424,0.3763,1999,A_1990_2000,2
3596,142,25.11,0.2503,21055,970,0.2887,1999,A_1990_2000,1
2727,111,24.71,0.33,15775,673,0.2604,1999,A_1990_2000,0
5141,207,24.82,0.1945,30472,1128,0.233,1999,A_1990_2000,1
4216,191,22.26,0.3083,24490,1099,0.2751,1999,A_1990_2000,0
3074,136,22.62,0.3904,18567,897,0.3129,1999,A_1990_2000,1
6116,205,29.87,0.1635,36115,1270,0.2189,1999,A_1990_2000,1
7132,226,31.52,0.1542,40116,1340,0.2008,1999,A_1990_2000,1
3598,140,25.67,0.4725,20466,824,0.2468,1999,A_1990_2000,0
2186,97,22.56,0.366,12620,715,0.3463,1999,A_1990_2000,0
1967,79,24.95,0.4067,11435,640,0.3447,1999,A_1990_2000,0
1807,71,25.46,0.3874,10309,517,0.2999,1999,A_1990_2000,0
813,30,26.97,0.861,5090,295,0.3788,1999,A_1990_2000,1
1817,107,17.06,0.6054,11255,595,0.3473,1999,A_1990_2000,1
1864,66,28.08,0.6438,10974,576,0.3256,1999,A_1990_2000,1
4676,205,22.74,0.3208,28614,1064,0.2402,1999,A_1990_2000,2
1279,51,25.1,0.7819,7496,549,0.455,1999,A_1990_2000,1
3081,93,33.24,0.2597,18001,827,0.2853,1999,A_1990_2000,1
1176,49,24.18,0.5102,7271,453,0.4048,1999,A_1990_2000,1
2240,129,17.26,0.4911,13468,692,0.3308,1999,A_1990_2000,1
6958,378,18.44,0.23,40617,1342,0.2037,1999,A_1990_2000,1
2812,82,34.37,0.2845,16153,710,0.2685,1999,A_1990_2000,0
8187,475,17.02,0.1466,45977,1490,0.192,1999,A_1990_2000,1
3041,102,29.81,0.4604,17882,743,0.2595,1999,A_1990_2000,1
1684,71,23.73,0.4157,9896,518,0.3236,1999,A_1990_2000,1
6990,263,26.67,0.186,40967,1582,0.2392,1999,A_1990_2000,1
1034,48,21.79,0.677,6048,367,0.381,1999,A_1990_2000,1
545,36,15.25,0.7339,3411,204,0.389,1999,A_1990_2000,2
3449,132,26.16,0.4349,19347,863,0.2665,1999,A_1990_2000,0
11031,431,25.64,0.1722,67158,1946,0.1873,1999,A_1990_2000,1
9199,397,23.19,0.2065,54150,1953,0.2264,1999,A_1990_2000,1
9685,399,24.24,0.1859,57484,1875,0.2053,2000,A_1990_2000,1
3598,137,26.09,0.2779,21402,1031,0.3035,2000,A_1990_2000,0
4989,260,19.17,0.2405,28855,1134,0.2427,2000,A_1990_2000,1
14097,562,25.17,0.078,82565,2069,0.1582,2000,A_1990_2000,1
2424,132,18.28,0.7013,14283,643,0.2838,2000,A_1990_2000,1
687,39,17.51,0.8734,4059,262,0.4076,2000,A_1990_2000,1
5352,179,29.79,0.2803,30928,1266,0.2513,2000,A_1990_2000,0
3091,189,16.23,0.2588,17559,747,0.2559,2000,A_1990_2000,2
1323,70,18.87,0.5291,7949,480,0.3825,2000,A_1990_2000,0
6861,302,22.64,0.2332,39544,1577,0.2405,2000,A_1990_2000,1
8682,504,17.41,0.2073,54190,2188,0.2703,2000,A_1990_2000,1
1775,56,31.43,0.507,10414,514,0.3037,2000,A_1990_2000,0
15959,939,16.93,0.094,95517,2865,0.1905,2000,A_1990_2000,1
15951,910,17.58,0.094,95462,2784,0.1859,2000,A_1990_2000,1
6130,214,28.92,0.1468,35170,1188,0.2029,2000,A_1990_2000,1
3427,195,17.63,0.2918,20765,972,0.3014,2000,A_1990_2000,1
4312,293,14.77,0.2087,24504,1142,0.2827,2000,A_1990_2000,2
2896,142,20.65,0.3453,17609,878,0.3263,2000,A_1990_2000,1
10371,371,28.1,0.1157,59472,1853,0.1873,2000,A_1990_2000,0
4324,146,29.75,0.3006,26174,1100,0.2747,2000,A_1990_2000,1
6690,283,23.56,0.2093,39169,1383,0.217,2000,A_1990_2000,1
2338,97,24.16,0.3849,13129,659,0.3003,2000,A_1990_2000,1
3416,139,24.53,0.2635,20617,1140,0.3586,2000,A_1990_2000,0
1881,77,24.44,0.5848,11289,555,0.3153,2000,A_1990_2000,1
3185,128,24.96,0.3768,18645,854,0.2895,2000,A_1990_2000,0
1091,54,19.98,0.275,6566,363,0.3456,2000,A_1990_2000,0
11564,459,25.29,0.0951,69609,1738,0.1589,2000,A_1990_2000,0
1873,82,22.87,0.5339,10693,499,0.2846,2000,A_1990_2000,1
469,32,14.5,1.4925,2714,214,0.4776,2000,A_1990_2000,2
2731,103,26.69,0.2929,15941,724,0.2812,2000,A_1990_2000,0
2988,153,19.58,0.2677,17881,732,0.2634,2000,A_1990_2000,0
884,30,29.47,0.7919,5169,352,0.4287,2000,A_1990_2000,0
5056,215,23.55,0.178,29058,1207,0.2538,2000,A_1990_2000,0
2945,111,26.52,0.4754,16688,816,0.292,2000,A_1990_2000,1
7525,355,21.18,0.186,44437,1634,0.2283,2000,A_1990_2000,2
6699,238,28.18,0.3135,40751,1572,0.2503,2000,A_1990_2000,1
10792,532,20.39,0.1205,63559,2402,0.2378,2000,A_1990_2000,1
2741,110,25.16,0.4378,16236,746,0.2915,2000,A_1990_2000,1
2631,98,26.87,0.4561,15644,795,0.3181,2000,A_1990_2000,1
2879,112,25.46,0.521,17159,767,0.2824,2000,A_1990_2000,0
6273,242,26.17,0.2072,38673,1225,0.2068,2000,A_1990_2000,1
1443,87,16.33,0.4851,8594,490,0.3673,2000,A_1990_2000,1
1875,97,19.49,0.48,10877,656,0.3739,2000,A_1990_2000,1
5842,226,25.91,0.1883,34741,1511,0.2723,2000,A_1990_2000,0
5498,207,26.69,0.2546,32575,1255,0.2441,2000,A_1990_2000,1
1531,73,21.05,0.6532,8999,573,0.3899,2000,A_1990_2000,1
4077,229,17.81,0.2698,24060,1035,0.2723,2000,A_1990_2000,1
1283,86,14.81,0.7794,7707,454,0.3733,2000,A_1990_2000,0
3662,181,20.38,0.355,22175,973,0.284,2000,A_1990_2000,1
2693,137,20.02,0.4456,15938,866,0.3372,2000,A_1990_2000,1
3627,165,21.97,0.3584,21118,1065,0.3124,2000,A_1990_2000,1
6406,285,22.51,0.2498,38149,1285,0.2195,2000,A_1990_2000,2
1409,62,22.76,0.7097,8652,479,0.3542,2000,A_1990_2000,1
4034,152,26.84,0.3966,23633,1065,0.2806,2000,A_1990_2000,0
5931,180,33.15,0.1855,33497,1105,0.1969,2000,A_1990_2000,1
1446,71,20.0,0.4841,8854,574,0.4115,2000,A_1990_2000,1
648,34,18.74,1.2346,3845,289,0.4568,2000,A_1990_2000,1
7815,373,20.9,0.1408,45024,1832,0.2459,2000,A_1990_2000,2
6254,268,23.38,0.1919,38772,1358,0.2347,2000,A_1990_2000,1
2322,81,28.56,0.4737,13539,643,0.289,2000,A_1990_2000,0
7168,275,26.23,0.2093,42179,1652,0.242,2000,A_1990_2000,2
1860,68,27.49,0.8065,10890,612,0.3538,2000,A_1990_2000,0
1705,65,26.15,0.5279,10038,676,0.4094,2000,A_1990_2000,0
3319,140,23.87,0.4519,19842,850,0.2718,2000,A_1990_2000,2
8682,360,23.92,0.1267,52781,1799,0.2208,2000,A_1990_2000,0
4917,156,31.57,0.2644,29507,937,0.2032,2000,A_1990_2000,1
10313,390,26.43,0.1842,59592,1745,0.18,2000,A_1990_2000,0
2527,93,27.33,0.5144,14705,801,0.3387,2000,A_1990_2000,1
1217,48,25.06,0.5752,6908,418,0.3615,2000,A_1990_2000,1
3334,104,32.12,0.3299,18945,818,0.2615,2000,A_1990_2000,1
2292,121,18.92,0.3927,12933,676,0.3093,2000,A_1990_2000,0
290,17,16.65,1.3793,1733,173,0.6138,2000,A_1990_2000,1
880,50,17.56,1.4773,4796,349,0.4375,2000,A_1990_2000,1
1745,65,26.97,0.5158,10548,630,0.3788,2000,A_1990_2000,1
3572,139,25.73,0.3639,20920,873,0.2615,2000,A_1990_2000,1
2393,88,27.34,0.3761,14000,676,0.2975,2000,A_1990_2000,1
6182,277,22.38,0.2265,36510,1596,0.2721,2000,A_1990_2000,1
1721,94,18.51,0.6392,10027,572,0.3521,2000,A_1990_2000,1
2339,115,20.57,0.3848,13337,716,0.3206,2000,A_1990_2000,1
1830,71,25.96,0.4918,10887,650,0.3743,2000,A_1990_2000,1
1416,66,21.64,0.6356,8393,432,0.3319,2000,A_1990_2000,0
3106,113,27.41,0.3542,18179,898,0.3081,2000,A_1990_2000,0
4084,151,27.03,0.1714,23380,927,0.2422,2000,A_1990_2000,1
2936,149,19.56,0.3406,17115,851,0.3048,2000,A_1990_2000,1
2933,129,22.81,0.2046,17241,794,0.2878,2000,A_1990_2000,1
3364,161,20.88,0.4162,19559,858,0.2717,2000,A_1990_2000,0
5138,219,23.17,0.2141,30461,1361,0.2789,2000,A_1990_2000,1
1090,56,19.62,0.7339,6516,403,0.3917,2000,A_1990_2000,1
2076,79,25.77,0.289,12000,558,0.2823,2000,A_1990_2000,1
1813,77,23.55,0.3861,10548,491,0.2923,2000,A_1990_2000,1
4229,145,29.33,0.2838,25080,1084,0.271,2000,A_1990_2000,1
1747,109,15.99,0.5724,10251,533,0.3268,2000,A_1990_2000,0
5108,208,24.62,0.2153,30012,1092,0.2338,2000,A_1990_2000,1
9725,474,20.46,0.1337,56615,2050,0.2226,2000,A_1990_2000,0
2088,92,22.62,0.431,12440,651,0.3314,2000,A_1990_2000,0
12775,497,25.68,0.1174,75549,2562,0.2131,2000,A_1990_2000,0
15053,685,22.14,0.1196,88741,2940,0.2055,2000,A_1990_2000,0
2206,93,23.91,0.5893,12810,753,0.3604,2000,A_1990_2000,1
2197,115,19.21,0.6372,13334,756,0.3696,2000,A_1990_2000,1
2244,105,21.41,0.4902,13238,712,0.3409,2000,A_1990_2000,1
6554,291,22.73,0.2441,39755,1700,0.2745,2000,A_1990_2000,0
1809,86,21.12,0.4975,10537,579,0.3466,2000,A_1990_2000,0
3010,114,26.25,0.3654,17495,774,0.2728,2000,A_1990_2000,0
3083,147,21.07,0.3244,18289,895,0.3055,2000,A_1990_2000,1
2086,84,24.96,0.4314,12226,528,0.2737,2000,A_1990_2000,1
2491,129,19.3,0.4416,14135,733,0.3159,2000,A_1990_2000,2
5259,196,26.95,0.1902,30368,1338,0.2717,2000,A_1990_2000,0
6823,226,30.25,0.1905,39618,1559,0.2404,2000,A_1990_2000,0
1316,76,17.24,0.5319,7604,447,0.3564,2000,A_1990_2000,0
1967,72,27.17,0.4575,11309,604,0.3213,2000,A_1990_2000,1
1664,67,24.79,0.5409,9802,496,0.3173,2000,A_1990_2000,1
2311,133,17.68,0.6491,13539,677,0.3116,2000,A_1990_2000,0
4063,143,28.38,0.2707,23598,874,0.2284,2000,A_1990_2000,0
1970,79,24.95,0.3553,12146,534,0.2883,2000,A_1990_2000,1
4660,154,30.21,0.1931,27027,1053,0.238,2000,A_1990_2000,2
1078,53,20.04,0.7421,6111,426,0.4109,2000,A_1990_2000,1
2805,131,21.69,0.3209,16085,832,0.3144,2000,A_1990_2000,1
2299,102,22.64,0.4785,13193,717,0.3306,2000,A_1990_2000,0
1607,70,23.23,0.4356,9710,537,0.3454,2000,A_1990_2000,0
2168,92,23.78,0.5074,12838,566,0.2777,2000,A_1990_2000,1
1459,74,19.7,0.7539,8730,469,0.342,2000,A_1990_2000,2
9042,275,32.95,0.1327,53387,1504,0.1744,2000,A_1990_2000,2
4961,230,21.67,0.2217,28522,1063,0.2256,2000,A_1990_2000,0
1929,84,23.07,0.5184,11364,599,0.3287,2000,A_1990_2000,1
5999,301,20.1,0.1834,35200,1462,0.258,2000,A_1990_2000,0
6198,291,21.45,0.1936,35643,1321,0.2244,2000,A_1990_2000,1
3675,147,25.07,0.2993,21699,860,0.2479,2000,A_1990_2000,1
626,34,18.65,0.7987,3624,298,0.5224,2000,A_1990_2000,0
311,16,19.12,1.2862,1821,180,0.5981,2000,A_1990_2000,1
2979,151,20.01,0.5371,17700,755,0.2689,2000,A_1990_2000,1
1725,63,27.51,0.5217,9918,547,0.3391,2000,A_1990_2000,0
10203,524,19.46,0.098,58604,2227,0.2337,2000,A_1990_2000,1
2575,92,28.07,0.5049,14735,695,0.2839,2000,A_1990_2000,0
4790,181,26.52,0.1879,27865,1111,0.2472,2000,A_1990_2000,1
1699,67,25.37,0.6474,10044,563,0.3502,2000,A_1990_2000,0
7048,433,16.21,0.1561,40010,1300,0.1971,2000,A_1990_2000,1
1886,78,24.29,0.4242,10958,549,0.3091,2000,A_1990_2000,1
2768,128,21.67,0.3974,16059,855,0.3288,2000,A_1990_2000,1
8090,405,20.01,0.1978,48841,1689,0.222,2000,A_1990_2000,1
1453,57,25.3,0.4818,8291,467,0.3455,2000,A_1990_2000,0
56427,1851,30.57,0.0372,339672,4819,0.0923,2000,A_1990_2000,1
8906,394,22.79,0.1909,53874,1899,0.2259,2000,A_1990_2000,1
2570,123,20.97,0.4669,15059,781,0.3187,2000,A_1990_2000,1
4706,204,23.12,0.2762,27957,1108,0.249,2000,A_1990_2000,1
1639,69,23.9,0.7322,10087,658,0.4253,2000,A_1990_2000,1
5458,250,21.93,0.2382,31565,1418,0.2724,2000,A_1990_2000,0
5338,218,24.62,0.2623,32536,1347,0.2681,2000,A_1990_2000,1
1907,74,25.82,0.5768,11014,535,0.2984,2000,A_1990_2000,0
1641,83,19.6,0.6094,9748,608,0.387,2000,A_1990_2000,1
1185,63,18.98,0.6751,7003,460,0.4101,2000,A_1990_2000,1
3827,167,23.05,0.3136,22860,892,0.2467,2000,A_1990_2000,1
4753,248,19.1,0.2314,27636,1300,0.287,2000,A_1990_2000,1
1015,51,19.53,0.8867,5712,406,0.4296,2000,A_1990_2000,2
3221,162,20.06,0.3726,19031,1002,0.3285,2000,A_1990_2000,2
4951,230,21.54,0.2222,28931,1424,0.2999,2000,A_1990_2000,2
2365,125,19.23,0.5074,13677,724,0.3235,2000,A_1990_2000,0
2629,102,25.81,0.4564,15274,719,0.2955,2000,A_1990_2000,0
3287,179,18.47,0.2434,18903,945,0.3051,2000,A_1990_2000,2
2192,111,19.72,0.4106,12828,715,0.3453,2000,A_1990_2000,0
4197,213,19.62,0.2621,23811,1110,0.2807,2000,A_1990_2000,0
5911,277,21.34,0.2199,34990,1372,0.248,2000,A_1990_2000,1
17850,931,19.15,0.0896,103861,3043,0.1792,2000,A_1990_2000,2
2114,114,18.88,0.3784,12641,524,0.2668,2000,A_1990_2000,0
3878,145,26.78,0.5673,22630,1003,0.2764,2000,A_1990_2000,1
2097,79,26.41,0.4769,12932,636,0.3257,2000,A_1990_2000,2
1680,68,24.91,0.5357,9994,510,0.3262,2000,A_1990_2000,1
5197,231,22.49,0.2309,30862,1036,0.2136,2000,A_1990_2000,1
10068,413,24.43,0.2086,60625,2042,0.2181,2000,A_1990_2000,2
1394,71,19.37,0.4304,8176,494,0.3737,2000,A_1990_2000,1
17425,701,24.89,0.1033,103140,2616,0.1604,2000,A_1990_2000,0
4714,235,20.12,0.2333,26588,1023,0.2302,2000,A_1990_2000,2
2822,115,24.6,0.3189,16432,802,0.3051,2000,A_1990_2000,1
4292,169,25.47,0.1398,24796,910,0.229,2000,A_1990_2000,1
4281,181,23.7,0.3737,24719,1254,0.3076,2000,A_1990_2000,0
7174,252,28.4,0.2648,44049,1353,0.1996,2000,A_1990_2000,1
305,24,12.25,2.623,1864,174,0.5934,2000,A_1990_2000,2
5099,239,21.39,0.2353,29542,1179,0.2457,2000,A_1990_2000,1
10869,399,27.31,0.1656,64340,2258,0.2203,2000,A_1990_2000,0
1920,94,20.45,0.625,11430,593,0.324,2000,A_1990_2000,1
8573,408,21.04,0.1516,50062,1614,0.2006,2000,A_1990_2000,1
730,53,13.94,1.0959,4350,281,0.4205,2000,A_1990_2000,1
3524,163,21.67,0.3689,20595,930,0.2832,2000,A_1990_2000,1
2332,86,27.37,0.729,13996,744,0.3392,2000,A_1990_2000,1
5845,202,28.89,0.1882,33083,1097,0.2009,2000,A_1990_2000,1
5925,277,21.57,0.2363,33821,1318,0.2371,2000,A_1990_2000,1
1613,68,23.69,0.558,9538,606,0.3949,2000,A_1990_2000,1
8786,383,23.05,0.1821,51743,1873,0.2254,2000,A_1990_2000,1
5808,212,27.42,0.1894,33299,1121,0.2051,2000,A_1990_2000,0
2379,92,25.73,0.3783,13991,694,0.3022,2000,A_1990_2000,1
1547,100,15.47,0.7111,9317,350,0.2392,2000,A_1990_2000,1
293,16,18.31,1.3652,1878,160,0.5597,2000,A_1990_2000,0
210,10,20.7,3.3333,1280,122,0.6524,2000,A_1990_2000,0
2799,113,24.92,0.2858,16855,734,0.2765,2001,B_2001_2010,0
4283,146,29.45,0.2101,25439,1105,0.2706,2001,B_2001_2010,1
2917,140,20.78,0.3085,17800,957,0.3445,2001,B_2001_2010,0
2763,105,26.37,0.3619,15746,681,0.2664,2001,B_2001_2010,1
1244,62,20.21,1.045,7317,451,0.3875,2001,B_2001_2010,0
10043,418,23.81,0.1195,57870,2032,0.2112,2001,B_2001_2010,2
1137,49,23.18,0.6157,6523,432,0.4081,2001,B_2001_2010,1
6421,203,31.64,0.1869,37151,1540,0.2503,2001,B_2001_2010,1
3979,158,25.27,0.2765,22513,992,0.2664,2001,B_2001_2010,0
1469,60,24.28,0.4765,8692,428,0.3043,2001,B_2001_2010,2
5587,140,39.9,0.1969,34614,1289,0.2445,2001,B_2001_2010,1
2061,102,20.23,0.4367,12501,558,0.2911,2001,B_2001_2010,1
1335,50,26.72,0.824,7500,426,0.3401,2001,B_2001_2010,0
4132,156,26.38,0.3146,24975,965,0.249,2001,B_2001_2010,1
12287,497,24.75,0.1058,72284,2210,0.1925,2001,B_2001_2010,0
2505,104,24.15,0.4391,14782,634,0.2719,2001,B_2001_2010,1
2051,94,21.84,0.5851,12095,596,0.313,2001,B_2001_2010,1
2042,97,21.1,0.3918,12314,751,0.3849,2001,B_2001_2010,0
3152,135,23.36,0.2855,18448,807,0.2713,2001,B_2001_2010,1
3025,120,25.18,0.2975,18200,790,0.2787,2001,B_2001_2010,1
3294,146,22.59,0.2125,19465,747,0.242,2001,B_2001_2010,1
739,40,18.23,0.406,4094,296,0.4168,2001,B_2001_2010,1
5148,188,27.23,0.2331,32125,1098,0.2263,2001,B_2001_2010,1
3476,191,17.97,0.2877,19736,881,0.267,2001,B_2001_2010,0
4047,159,25.65,0.2471,23217,1058,0.275,2001,B_2001_2010,1
1458,47,30.74,0.6173,8485,473,0.3436,2001,B_2001_2010,1
6520,316,20.6,0.1534,37935,1348,0.2179,2001,B_2001_2010,0
2664,98,27.38,0.3003,15812,754,0.2999,2001,B_2001_2010,0
4385,138,31.8,0.2509,25578,975,0.2383,2001,B_2001_2010,1
1256,56,22.23,0.7962,7615,491,0.4029,2001,B_2001_2010,0
7477,374,20.06,0.1739,43486,1801,0.2532,2001,B_2001_2010,0
6479,215,30.22,0.2933,37104,1430,0.2357,2001,B_2001_2010,1
1226,48,25.6,0.9788,7209,420,0.3654,2001,B_2001_2010,1
2163,81,26.81,0.4623,12626,784,0.3842,2001,B_2001_2010,0
4037,141,28.72,0.2725,23796,1034,0.2715,2001,B_2001_2010,0
2431,101,24.08,0.4114,14117,724,0.3102,2001,B_2001_2010,1
6294,247,25.63,0.286,37267,1457,0.2447,2001,B_2001_2010,0
4009,138,29.11,0.2245,22574,944,0.2517,2001,B_2001_2010,0
9798,424,23.17,0.0919,56873,2127,0.2277,2001,B_2001_2010,0
3873,183,21.06,0.2066,22520,1109,0.299,2001,B_2001_2010,0
15516,502,31.01,0.1418,91483,2473,0.1684,2001,B_2001_2010,0
2113,101,20.86,0.4733,11998,693,0.3455,2001,B_2001_2010,1
2472,105,23.62,0.3641,14517,797,0.3414,2001,B_2001_2010,1
2427,139,17.53,0.3708,14719,696,0.307,2001,B_2001_2010,0
8793,303,29.05,0.1706,51843,1672,0.2019,2001,B_2001_2010,0
15580,563,27.74,0.1091,90749,2224,0.173,2001,B_2001_2010,0
13568,558,24.42,0.1106,80317,2206,0.174,2001,B_2001_2010,1
13005,421,30.92,0.1077,77245,1698,0.1413,2001,B_2001_2010,1
2168,86,25.28,0.5074,12561,727,0.357,2001,B_2001_2010,1
1403,87,16.15,0.7128,7951,456,0.3471,2001,B_2001_2010,1
4940,146,33.92,0.1822,28631,1016,0.216,2001,B_2001_2010,0
5668,267,21.25,0.2117,33354,1406,0.2625,2001,B_2001_2010,0
3100,127,24.57,0.2258,18214,818,0.2819,2001,B_2001_2010,1
3570,150,23.75,0.2521,20549,1069,0.3185,2001,B_2001_2010,1
1866,78,23.81,0.4287,11004,618,0.3441,2001,B_2001_2010,1
2206,93,23.85,0.408,13332,641,0.3051,2001,B_2001_2010,0
19522,1089,17.83,0.0615,112988,3468,0.1878,2001,B_2001_2010,2
2929,107,27.13,0.2731,17653,693,0.2537,2001,B_2001_2010,2
1775,92,19.28,0.4507,10373,544,0.3251,2001,B_2001_2010,1
939,51,18.22,0.5325,5551,396,0.4409,2001,B_2001_2010,1
4003,180,22.34,0.2748,23250,1144,0.3008,2001,B_2001_2010,1
4637,196,23.48,0.3235,27563,1257,0.2842,2001,B_2001_2010,1
2186,107,20.37,0.4117,13001,659,0.3248,2001,B_2001_2010,0
3552,135,26.33,0.2815,20861,787,0.2337,2001,B_2001_2010,1
7430,353,21.04,0.1346,43016,1626,0.2307,2001,B_2001_2010,2
1010,42,23.98,0.6931,5892,384,0.397,2001,B_2001_2010,1
3372,181,18.61,0.4152,19913,843,0.2654,2001,B_2001_2010,1
2962,101,29.38,0.3038,17338,778,0.2822,2001,B_2001_2010,0
928,58,15.98,1.0776,5363,400,0.4504,2001,B_2001_2010,1
1982,105,18.88,0.5045,11799,588,0.3169,2001,B_2001_2010,1
4454,163,27.2,0.2919,27190,1012,0.2418,2001,B_2001_2010,0
3560,139,25.5,0.2247,21670,855,0.2607,2001,B_2001_2010,1
4079,151,27.07,0.2697,23826,1040,0.2687,2001,B_2001_2010,1
4233,159,26.67,0.2599,24464,1054,0.2629,2001,B_2001_2010,0
1193,56,21.16,0.7544,6863,433,0.3923,2001,B_2001_2010,1
867,45,19.33,1.2687,5038,380,0.4694,2001,B_2001_2010,0
4179,169,24.7,0.2632,24116,1092,0.2781,2001,B_2001_2010,2
1969,104,19.15,0.4063,11980,668,0.3606,2001,B_2001_2010,1
6094,245,24.84,0.2133,36360,1496,0.2576,2001,B_2001_2010,0
1495,64,23.22,0.8696,8920,593,0.4201,2001,B_2001_2010,1
2318,90,25.93,0.5608,13704,655,0.2981,2001,B_2001_2010,1
1362,64,21.45,0.6608,8264,469,0.3693,2001,B_2001_2010,2
744,37,20.0,0.672,4469,308,0.4355,2001,B_2001_2010,1
1075,51,20.84,0.3721,6408,445,0.4307,2001,B_2001_2010,1
998,44,22.66,0.8016,6020,388,0.4188,2001,B_2001_2010,0
1989,86,23.21,0.4525,12338,592,0.3112,2001,B_2001_2010,1
1704,64,26.62,0.7042,10153,632,0.3908,2001,B_2001_2010,1
2142,111,19.42,0.4669,12757,744,0.3655,2001,B_2001_2010,1
3056,151,20.24,0.2945,17902,867,0.2945,2001,B_2001_2010,0
2673,138,19.31,0.4489,15639,790,0.3128,2001,B_2001_2010,1
2198,115,19.09,0.364,13181,730,0.353,2001,B_2001_2010,1
15345,571,26.88,0.0782,89715,2583,0.1793,2001,B_2001_2010,0
5017,205,24.46,0.2591,29079,1121,0.236,2001,B_2001_2010,1
5366,256,21.07,0.2609,31419,1038,0.2063,2001,B_2001_2010,2
2750,126,21.79,0.4364,16466,742,0.2873,2001,B_2001_2010,1
2892,98,29.63,0.4149,17079,749,0.2728,2001,B_2001_2010,0
2372,112,21.11,0.4216,13822,734,0.328,2001,B_2001_2010,1
6948,367,18.99,0.1439,40864,1360,0.2109,2001,B_2001_2010,1
3050,112,27.34,0.2295,18141,795,0.2748,2001,B_2001_2010,1
8288,375,22.06,0.181,49018,1859,0.2358,2001,B_2001_2010,0
1355,89,15.36,0.6642,8048,523,0.4111,2001,B_2001_2010,1
2348,74,31.64,0.4259,13470,632,0.2875,2001,B_2001_2010,1
1817,64,28.42,0.4953,11010,640,0.3704,2001,B_2001_2010,1
751,34,22.03,0.5326,4451,286,0.3981,2001,B_2001_2010,1
1598,80,19.65,0.6258,9121,530,0.3492,2001,B_2001_2010,1
4956,223,22.42,0.222,29382,1102,0.2359,2001,B_2001_2010,1
3716,130,28.58,0.2422,21866,908,0.26,2001,B_2001_2010,1
865,62,13.89,0.8092,5160,346,0.422,2001,B_2001_2010,0
10208,328,31.17,0.2057,59598,1689,0.1758,2001,B_2001_2010,0
3954,200,19.68,0.2529,23596,1090,0.2919,2001,B_2001_2010,0
947,31,30.52,0.9504,5680,342,0.3728,2001,B_2001_2010,1
725,30,24.07,1.2414,4268,331,0.4924,2001,B_2001_2010,1
3561,102,34.92,0.2808,20711,893,0.2665,2001,B_2001_2010,0
2524,96,26.4,0.3566,14408,633,0.2678,2001,B_2001_2010,1
769,42,17.79,1.5605,4525,381,0.5215,2001,B_2001_2010,1
1169,53,22.15,0.8554,6735,399,0.3653,2001,B_2001_2010,0
1044,54,19.39,0.6705,5939,458,0.4722,2001,B_2001_2010,0
2136,78,27.44,0.6554,12722,685,0.3366,2001,B_2001_2010,1
1219,59,20.88,0.8203,7278,437,0.3888,2001,B_2001_2010,1
2296,99,23.3,0.3484,13558,701,0.3245,2001,B_2001_2010,0
5157,246,20.96,0.2715,30000,1392,0.2843,2001,B_2001_2010,2
3150,166,18.9,0.254,17866,923,0.3114,2001,B_2001_2010,0
9152,360,25.46,0.2404,52378,1919,0.2219,2001,B_2001_2010,0
1897,75,25.28,0.5271,11644,632,0.3495,2001,B_2001_2010,1
2761,81,34.16,0.4346,15787,693,0.2684,2001,B_2001_2010,1
3714,140,26.56,0.2423,21858,941,0.2663,2001,B_2001_2010,0
4477,242,18.53,0.268,26115,1049,0.2453,2001,B_2001_2010,0
7746,343,22.68,0.1936,45942,1691,0.2301,2001,B_2001_2010,0
3671,136,27.06,0.3814,21252,1000,0.2858,2001,B_2001_2010,1
2273,112,20.21,0.5279,13337,686,0.319,2001,B_2001_2010,0
1503,84,17.96,0.6653,8836,537,0.3832,2001,B_2001_2010,1
1319,68,19.12,0.4549,7461,448,0.3654,2001,B_2001_2010,0
12306,484,25.56,0.0975,74264,2219,0.195,2001,B_2001_2010,0
2238,78,28.76,0.4021,12777,704,0.3347,2001,B_2001_2010,1
2662,112,23.73,0.4884,15610,779,0.3088,2001,B_2001_2010,1
1352,67,20.21,0.6657,7904,485,0.3839,2001,B_2001_2010,0
5884,332,17.6,0.1869,33107,1091,0.196,2001,B_2001_2010,0
3176,153,20.91,0.2834,18737,910,0.3004,2001,B_2001_2010,1
6582,330,19.72,0.1823,38008,1524,0.2428,2001,B_2001_2010,0
6778,312,21.69,0.118,40688,1681,0.2614,2001,B_2001_2010,0
3585,186,19.31,0.3347,20632,1020,0.2999,2001,B_2001_2010,1
2055,101,20.32,0.3893,12048,606,0.3178,2001,B_2001_2010,0
1459,55,26.42,0.5483,8407,531,0.3777,2001,B_2001_2010,0
5470,274,20.01,0.3656,31725,1288,0.2499,2001,B_2001_2010,1
490,23,21.0,1.8367,2752,244,0.5367,2001,B_2001_2010,0
4036,205,19.67,0.2725,23559,892,0.2364,2001,B_2001_2010,0
1082,58,18.6,1.2015,6349,490,0.4787,2001,B_2001_2010,1
1031,51,20.1,0.9699,6152,425,0.4433,2001,B_2001_2010,1
1495,44,33.84,0.602,8712,440,0.3023,2001,B_2001_2010,1
4944,246,20.09,0.2427,28812,1350,0.2858,2001,B_2001_2010,1
2371,91,26.18,0.3796,14019,683,0.3083,2001,B_2001_2010,1
1428,65,21.92,0.8403,8631,476,0.3557,2001,B_2001_2010,1
1585,61,25.9,0.5678,9263,585,0.3868,2001,B_2001_2010,1
15828,676,23.57,0.1011,93055,3164,0.2098,2001,B_2001_2010,2
744,38,19.29,0.672,4346,313,0.4409,2001,B_2001_2010,1
4989,168,29.74,0.2806,30634,1057,0.2281,2001,B_2001_2010,1
1046,51,20.73,0.6692,6246,382,0.3872,2001,B_2001_2010,1
10674,299,35.63,0.1593,61725,1720,0.1692,2001,B_2001_2010,1
747,40,18.45,0.8032,4385,307,0.4297,2001,B_2001_2010,1
6467,213,30.47,0.2474,38262,1282,0.2089,2001,B_2001_2010,1
1763,68,26.07,0.3971,10355,542,0.3307,2001,B_2001_2010,1
27597,946,29.01,0.0761,169643,3705,0.1428,2001,B_2001_2010,1
4376,193,22.66,0.1828,25479,1272,0.3074,2001,B_2001_2010,1
4256,157,27.09,0.3055,24991,1041,0.2639,2001,B_2001_2010,2
2769,100,27.33,0.2889,15844,774,0.2954,2001,B_2001_2010,1
2342,113,20.61,0.3843,13507,797,0.3608,2001,B_2001_2010,0
5591,195,28.69,0.2146,33264,1133,0.2171,2001,B_2001_2010,1
2958,141,21.13,0.3719,17448,856,0.3043,2001,B_2001_2010,1
2961,117,25.21,0.439,17306,787,0.2813,2001,B_2001_2010,0
1534,97,16.01,0.4563,8891,497,0.3429,2001,B_2001_2010,1
4641,211,22.01,0.237,27131,1186,0.2698,2001,B_2001_2010,2
6059,356,17.13,0.1815,36168,1445,0.2505,2001,B_2001_2010,2
2174,123,17.62,0.322,13507,716,0.3523,2001,B_2001_2010,1
4755,205,23.29,0.2524,28075,1278,0.2854,2001,B_2001_2010,1
1977,135,14.47,0.2529,11281,560,0.301,2001,B_2001_2010,0
3949,186,21.06,0.2786,22341,1158,0.3092,2001,B_2001_2010,1
6368,178,35.78,0.1727,38783,1144,0.1924,2001,B_2001_2010,1
336,18,18.56,1.1905,2010,164,0.5119,2001,B_2001_2010,1
4327,131,33.11,0.3929,24937,1026,0.248,2001,B_2001_2010,0
2363,99,23.81,0.4655,13777,815,0.3597,2001,B_2001_2010,1
8962,445,20.04,0.1897,54034,1864,0.2199,2001,B_2001_2010,1
5195,170,30.67,0.308,30213,1027,0.2121,2001,B_2001_2010,1
4321,132,32.72,0.3471,25216,893,0.2208,2001,B_2001_2010,1
4063,142,28.68,0.3938,24112,975,0.2525,2001,B_2001_2010,0
1699,69,24.58,0.6474,9763,575,0.3579,2001,B_2001_2010,1
5445,220,24.8,0.1837,32675,1015,0.2031,2001,B_2001_2010,1
9738,440,22.12,0.1951,56185,2127,0.2299,2001,B_2001_2010,1
353,17,20.35,1.1331,2189,193,0.5666,2001,B_2001_2010,0
14998,410,36.46,0.1267,90352,2339,0.1671,2001,B_2001_2010,1
2494,92,27.2,0.3609,14277,734,0.3136,2001,B_2001_2010,0
2751,98,28.17,0.4726,16173,665,0.2559,2001,B_2001_2010,1
1780,67,26.61,0.4494,10555,616,0.3674,2001,B_2001_2010,0
3866,144,26.82,0.3621,22510,850,0.2338,2001,B_2001_2010,0
821,33,24.76,1.0962,4726,384,0.5018,2001,B_2001_2010,1
2666,104,25.76,0.3751,15777,821,0.3245,2001,B_2001_2010,1
1190,61,19.34,0.7563,6773,479,0.4252,2001,B_2001_2010,1
4580,209,21.93,0.3057,27015,1160,0.2694,2001,B_2001_2010,2
2973,147,20.3,0.4036,18522,746,0.2711,2001,B_2001_2010,1
812,32,25.09,1.2315,4682,361,0.4655,2001,B_2001_2010,0
7128,269,26.35,0.1824,42863,1475,0.2242,2001,B_2001_2010,0
13590,445,30.43,0.1177,81356,1985,0.1539,2001,B_2001_2010,0
8412,404,20.92,0.1783,48890,1783,0.2262,2001,B_2001_2010,2
4451,183,24.48,0.3145,25952,1031,0.2458,2002,B_2001_2010,0
2404,94,25.51,0.2912,14384,742,0.3249,2002,B_2001_2010,0
2283,75,30.4,0.5256,13177,698,0.3149,2002,B_2001_2010,1
4847,262,18.55,0.2063,28274,1205,0.2622,2002,B_2001_2010,0
7326,264,27.86,0.1365,42956,1773,0.2523,2002,B_2001_2010,1
3428,150,22.97,0.2334,19851,913,0.2792,2002,B_2001_2010,2
3464,149,23.08,0.3753,20148,1014,0.3072,2002,B_2001_2010,1
3593,159,22.6,0.3062,20877,1181,0.3409,2002,B_2001_2010,1
2110,107,19.92,0.4739,12124,777,0.3872,2002,B_2001_2010,1
5588,221,25.32,0.2863,32932,1204,0.2282,2002,B_2001_2010,1
3422,146,23.42,0.2922,20063,933,0.2914,2002,B_2001_2010,1
2454,97,25.32,0.489,14676,874,0.3769,2002,B_2001_2010,1
1520,70,21.76,0.6579,8821,488,0.3414,2002,B_2001_2010,1
3233,137,23.69,0.3093,19027,975,0.3167,2002,B_2001_2010,0
6949,331,20.77,0.2159,40899,1352,0.2084,2002,B_2001_2010,0
3476,152,22.97,0.2877,19466,897,0.2675,2002,B_2001_2010,1
4104,157,26.08,0.2437,23757,1107,0.2858,2002,B_2001_2010,2
7394,418,17.61,0.1352,42174,1717,0.2453,2002,B_2001_2010,0
6242,349,17.79,0.2243,36247,1735,0.2938,2002,B_2001_2010,0
1453,79,18.42,0.6882,9105,523,0.3854,2002,B_2001_2010,1
1322,55,24.09,0.4539,7455,428,0.3495,2002,B_2001_2010,0
3797,187,20.34,0.2634,21847,958,0.2665,2002,B_2001_2010,1
557,27,20.33,1.0772,3406,251,0.4722,2002,B_2001_2010,0
5819,196,29.74,0.1203,34723,1180,0.2145,2002,B_2001_2010,1
733,32,22.81,0.5457,4461,311,0.442,2002,B_2001_2010,0
3962,164,24.13,0.1767,22758,912,0.2443,2002,B_2001_2010,1
4350,166,26.11,0.1839,25970,1122,0.2729,2002,B_2001_2010,0
2012,89,22.67,0.497,11954,668,0.3464,2002,B_2001_2010,1
6292,279,22.6,0.1907,38851,1848,0.3037,2002,B_2001_2010,0
3155,102,31.07,0.317,18392,854,0.29,2002,B_2001_2010,1
6565,267,24.46,0.1219,39196,1584,0.2561,2002,B_2001_2010,1
8703,353,24.39,0.2528,50974,1521,0.1842,2002,B_2001_2010,1
2465,115,21.46,0.284,14574,858,0.3631,2002,B_2001_2010,1
2493,114,21.92,0.4813,14190,673,0.2868,2002,B_2001_2010,0
2888,101,28.65,0.3463,17473,744,0.278,2002,B_2001_2010,1
2221,76,29.37,0.5853,12696,728,0.3453,2002,B_2001_2010,1
4540,180,25.18,0.2423,27116,1165,0.272,2002,B_2001_2010,1
530,23,23.09,1.3208,3188,271,0.5642,2002,B_2001_2010,0
1204,55,21.75,0.6645,7155,423,0.3671,2002,B_2001_2010,2
3618,124,29.24,0.304,21314,740,0.2184,2002,B_2001_2010,1
5138,221,23.29,0.2141,29938,1348,0.2766,2002,B_2001_2010,1
4223,203,20.96,0.2368,24298,1379,0.3412,2002,B_2001_2010,0
396,21,18.81,1.2626,2372,180,0.4747,2002,B_2001_2010,2
3950,230,17.09,0.2785,24302,1111,0.2997,2002,B_2001_2010,1
3706,169,21.88,0.2968,22005,961,0.2733,2002,B_2001_2010,1
1475,78,18.71,0.8136,9188,569,0.3986,2002,B_2001_2010,1
4015,154,25.95,0.3985,23632,1194,0.3148,2002,B_2001_2010,1
8807,436,20.07,0.0908,50852,1557,0.1867,2002,B_2001_2010,2
4679,247,18.97,0.2351,27897,1429,0.3212,2002,B_2001_2010,1
576,31,18.42,1.2153,3408,260,0.4705,2002,B_2001_2010,1
3198,149,21.42,0.1876,18488,849,0.2814,2002,B_2001_2010,2
2100,102,20.73,0.5714,12434,701,0.351,2002,B_2001_2010,2
3205,134,24.11,0.312,19403,884,0.2914,2002,B_2001_2010,1
3058,130,23.5,0.3597,17236,766,0.2639,2002,B_2001_2010,2
2850,92,31.07,0.386,17050,687,0.2533,2002,B_2001_2010,1
8621,257,33.51,0.174,52114,1465,0.1815,2002,B_2001_2010,2
6237,291,21.44,0.1603,36952,1453,0.2469,2002,B_2001_2010,0
4541,165,27.5,0.3303,26186,1257,0.2898,2002,B_2001_2010,1
6206,339,18.21,0.145,36468,1627,0.2768,2002,B_2001_2010,1
3288,116,28.7,0.365,20094,823,0.2679,2002,B_2001_2010,1
7036,262,26.74,0.2132,41910,1755,0.2614,2002,B_2001_2010,0
3479,187,18.73,0.23,19818,921,0.2777,2002,B_2001_2010,1
3409,131,25.94,0.264,19142,857,0.2678,2002,B_2001_2010,1
12620,534,23.55,0.1664,76224,2504,0.209,2002,B_2001_2010,0
12599,498,25.38,0.1746,76002,2469,0.207,2002,B_2001_2010,0
1275,55,23.13,0.549,7480,479,0.3882,2002,B_2001_2010,1
5101,208,24.47,0.2156,30425,1091,0.2288,2002,B_2001_2010,1
2703,134,20.07,0.4809,15709,881,0.3433,2002,B_2001_2010,1
1872,80,23.45,0.5876,11426,566,0.321,2002,B_2001_2010,1
1010,31,32.39,0.5941,6054,381,0.3901,2002,B_2001_2010,1
2818,104,27.12,0.3194,16517,837,0.3162,2002,B_2001_2010,0
2927,158,18.53,0.3416,17704,839,0.3092,2002,B_2001_2010,1
3028,121,25.1,0.3633,18286,741,0.2576,2002,B_2001_2010,1
16995,672,25.46,0.1059,99696,2735,0.17,2002,B_2001_2010,0
4919,201,24.59,0.3049,28927,1191,0.2566,2002,B_2001_2010,0
3998,212,18.85,0.3002,24217,1004,0.2709,2002,B_2001_2010,0
9009,503,18.03,0.0888,52434,1427,0.1669,2002,B_2001_2010,1
323,18,17.78,0.6192,1928,172,0.5542,2002,B_2001_2010,1
5154,257,20.15,0.2134,29634,1167,0.2377,2002,B_2001_2010,2
2745,119,23.06,0.4007,15667,816,0.3104,2002,B_2001_2010,1
1339,64,20.98,0.8962,7791,452,0.3495,2002,B_2001_2010,1
4892,206,23.74,0.2249,29232,1521,0.3275,2002,B_2001_2010,1
3736,139,26.88,0.2944,21867,1018,0.2867,2002,B_2001_2010,1
4371,253,17.42,0.2288,26333,1229,0.2917,2002,B_2001_2010,1
2755,129,21.4,0.2904,16329,851,0.3201,2002,B_2001_2010,1
5760,216,26.7,0.2257,33024,1403,0.2533,2002,B_2001_2010,2
12923,621,20.79,0.1161,76208,2915,0.2378,2002,B_2001_2010,0
2742,128,21.3,0.3282,15913,778,0.2947,2002,B_2001_2010,2
6461,229,28.03,0.2322,39466,1416,0.2305,2002,B_2001_2010,1
4083,185,22.02,0.3919,24580,968,0.2503,2002,B_2001_2010,1
6934,335,20.4,0.1586,40250,1321,0.2013,2002,B_2001_2010,0
1930,81,23.73,0.3627,11625,582,0.3176,2002,B_2001_2010,1
7773,317,24.34,0.1544,46450,1429,0.1981,2002,B_2001_2010,0
2005,115,17.5,0.399,11781,700,0.3676,2002,B_2001_2010,1
3380,173,19.31,0.3846,19916,977,0.3089,2002,B_2001_2010,1
5746,228,25.22,0.174,33955,1633,0.2992,2002,B_2001_2010,1
14246,593,23.94,0.1123,84370,1957,0.1464,2002,B_2001_2010,2
5683,349,16.17,0.176,32640,1408,0.2608,2002,B_2001_2010,0
907,36,25.31,0.7718,5558,318,0.3682,2002,B_2001_2010,0
7199,225,31.85,0.125,40991,1262,0.186,2002,B_2001_2010,1
2005,103,19.47,0.399,11734,573,0.3057,2002,B_2001_2010,0
2325,111,21.07,0.3441,13627,711,0.32,2002,B_2001_2010,1
2122,94,22.57,0.5184,12569,630,0.319,2002,B_2001_2010,1
3379,132,25.71,0.4735,19688,936,0.2903,2002,B_2001_2010,1
1317,66,20.09,0.6074,7695,537,0.432,2002,B_2001_2010,1
3630,82,44.26,0.3306,20835,892,0.2579,2002,B_2001_2010,0
4469,246,18.2,0.2461,25038,1255,0.2938,2002,B_2001_2010,0
4094,178,23.01,0.2198,24064,973,0.254,2002,B_2001_2010,0
2159,98,22.04,0.3705,12435,674,0.3261,2002,B_2001_2010,1
605,27,22.33,0.9917,3520,219,0.3818,2002,B_2001_2010,0
3957,179,22.14,0.2527,22768,977,0.2608,2002,B_2001_2010,0
2681,133,20.36,0.4849,15393,661,0.2678,2002,B_2001_2010,1
4219,163,25.93,0.3081,24263,1019,0.2579,2002,B_2001_2010,1
4296,170,25.19,0.2793,24622,1053,0.2579,2002,B_2001_2010,1
2282,96,23.75,0.5697,13262,749,0.3449,2002,B_2001_2010,0
1933,113,16.94,0.3104,11065,598,0.3233,2002,B_2001_2010,1
6118,457,12.93,0.1635,34990,1390,0.2414,2002,B_2001_2010,1
2116,90,23.27,0.7089,12558,670,0.3341,2002,B_2001_2010,1
8150,351,23.29,0.2086,47440,1980,0.256,2002,B_2001_2010,1
712,48,14.73,1.1236,4059,297,0.4354,2002,B_2001_2010,2
4331,181,24.26,0.254,25031,1063,0.2581,2002,B_2001_2010,1
3321,127,26.16,0.3011,19352,1006,0.3195,2002,B_2001_2010,1
697,28,25.0,1.2912,4222,294,0.4534,2002,B_2001_2010,2
2038,71,28.82,0.3925,11821,589,0.3047,2002,B_2001_2010,2
3592,158,22.75,0.2784,21312,985,0.2898,2002,B_2001_2010,0
1510,54,27.96,0.596,8807,579,0.4046,2002,B_2001_2010,1
4020,181,22.28,0.199,23844,1153,0.303,2002,B_2001_2010,1
1724,60,28.78,0.6381,9951,541,0.33,2002,B_2001_2010,1
4583,172,26.73,0.24,26315,1292,0.2941,2002,B_2001_2010,2
2039,88,23.01,0.7847,11808,625,0.3212,2002,B_2001_2010,0
2225,109,20.43,0.4045,12914,688,0.3294,2002,B_2001_2010,1
2365,106,22.29,0.3805,14039,716,0.3201,2002,B_2001_2010,1
4120,248,16.72,0.2427,23805,1371,0.351,2002,B_2001_2010,1
4410,224,19.56,0.1361,24744,1128,0.266,2002,B_2001_2010,2
5780,216,26.8,0.2249,33983,1241,0.2266,2002,B_2001_2010,1
2635,122,21.77,0.4175,15619,735,0.2964,2002,B_2001_2010,1
5009,151,33.15,0.1597,28711,1144,0.241,2002,B_2001_2010,2
1085,59,18.58,0.7373,6504,474,0.4599,2002,B_2001_2010,1
6634,270,24.61,0.2261,39201,1533,0.243,2002,B_2001_2010,1
3021,140,21.63,0.2979,17615,868,0.3042,2002,B_2001_2010,1
2941,116,25.26,0.306,17259,789,0.2839,2002,B_2001_2010,1
816,41,19.71,0.8578,4461,347,0.4424,2002,B_2001_2010,1
2870,113,25.35,0.3833,17370,847,0.3084,2002,B_2001_2010,1
4087,164,24.95,0.2447,25060,971,0.2581,2002,B_2001_2010,1
2432,92,26.33,0.3701,14268,631,0.278,2002,B_2001_2010,1
630,31,20.06,0.9524,3611,282,0.4651,2002,B_2001_2010,1
811,40,20.2,0.8631,4738,351,0.4501,2002,B_2001_2010,0
2887,118,24.53,0.4157,17668,887,0.3242,2002,B_2001_2010,1
4859,179,27.34,0.2264,27457,1239,0.264,2002,B_2001_2010,1
3995,193,20.66,0.3755,24369,1097,0.2921,2002,B_2001_2010,1
2469,131,18.91,0.486,14282,874,0.3722,2002,B_2001_2010,1
3990,135,29.66,0.2256,24228,956,0.2561,2002,B_2001_2010,1
2946,143,20.37,0.3734,17504,969,0.3473,2002,B_2001_2010,1
3129,133,23.32,0.2876,18386,934,0.3116,2002,B_2001_2010,1
1826,86,21.28,0.4381,10724,675,0.3905,2002,B_2001_2010,1
1127,55,20.35,0.7986,6618,428,0.4091,2002,B_2001_2010,1
2687,119,22.56,0.2977,15375,802,0.3141,2002,B_2001_2010,0
6300,177,35.72,0.2222,37418,1330,0.2233,2002,B_2001_2010,1
4227,171,24.78,0.2839,24994,1048,0.2621,2002,B_2001_2010,1
3050,101,30.19,0.3607,18467,812,0.2839,2002,B_2001_2010,1
2864,122,23.41,0.4539,17386,809,0.2989,2002,B_2001_2010,1
3601,198,18.21,0.3332,20753,1119,0.3257,2002,B_2001_2010,1
1334,43,30.91,0.7496,7652,538,0.4205,2002,B_2001_2010,0
3921,172,22.71,0.306,23126,1054,0.2854,2002,B_2001_2010,0
2497,171,14.64,0.4005,14758,808,0.342,2002,B_2001_2010,1
7542,257,29.39,0.1724,44349,1472,0.2072,2002,B_2001_2010,0
4366,150,29.07,0.2749,25622,916,0.224,2002,B_2001_2010,0
1954,77,25.51,0.5118,11570,648,0.3521,2002,B_2001_2010,2
7975,352,22.45,0.163,46487,1953,0.2587,2002,B_2001_2010,0
5265,286,18.52,0.2279,30514,1181,0.237,2002,B_2001_2010,1
5088,193,26.42,0.2358,29794,1259,0.2592,2002,B_2001_2010,2
2284,79,29.03,0.3065,12978,666,0.3052,2002,B_2001_2010,0
3410,131,26.18,0.2346,19474,844,0.2628,2002,B_2001_2010,1
2247,93,24.26,0.445,12763,700,0.3338,2002,B_2001_2010,1
608,21,29.0,0.9868,3479,292,0.5247,2002,B_2001_2010,0
15108,556,27.29,0.0728,88530,2384,0.1657,2002,B_2001_2010,1
15169,562,26.93,0.0725,89114,2420,0.1673,2002,B_2001_2010,1
1562,88,17.73,0.7682,9411,615,0.4193,2002,B_2001_2010,1
3876,162,23.96,0.3612,22094,1001,0.2714,2002,B_2001_2010,1
2370,117,20.4,0.4219,13806,677,0.3042,2002,B_2001_2010,1
1363,49,28.0,0.6603,7987,498,0.3815,2002,B_2001_2010,0
1595,72,21.93,0.627,9372,551,0.3574,2002,B_2001_2010,1
1550,87,17.84,0.4516,9236,548,0.3742,2002,B_2001_2010,0
4137,137,30.29,0.2417,24282,996,0.2528,2002,B_2001_2010,1
3926,144,27.1,0.3057,22779,862,0.2356,2002,B_2001_2010,1
4878,171,28.58,0.287,30745,1029,0.2284,2002,B_2001_2010,1
2158,142,14.62,0.3244,12197,615,0.3086,2002,B_2001_2010,2
1340,72,18.51,0.6716,7612,542,0.4269,2002,B_2001_2010,1
3400,161,20.99,0.2353,19733,708,0.2185,2002,B_2001_2010,1
2914,116,25.12,0.3432,17166,870,0.3133,2002,B_2001_2010,1
11213,401,27.85,0.1605,68721,2540,0.2403,2002,B_2001_2010,2
11144,487,22.69,0.0897,64129,1972,0.1896,2002,B_2001_2010,1
1129,49,22.73,0.62,6629,446,0.4074,2002,B_2001_2010,1
3376,146,23.16,0.3555,20246,972,0.3057,2002,B_2001_2010,0
760,32,23.78,0.9211,4516,300,0.4132,2002,B_2001_2010,1
2633,135,19.53,0.3798,14761,681,0.2757,2002,B_2001_2010,0
1796,59,30.42,0.5011,10230,591,0.3447,2002,B_2001_2010,1
1940,115,16.85,0.4124,11262,755,0.4082,2002,B_2001_2010,0
1366,90,15.01,0.5124,7774,508,0.3843,2003,B_2001_2010,2
11701,393,29.78,0.1367,68443,1782,0.1607,2003,B_2001_2010,1
14592,501,29.26,0.1234,87431,2277,0.165,2003,B_2001_2010,1
4009,159,25.19,0.3243,23818,1039,0.2741,2003,B_2001_2010,1
2913,135,21.28,0.309,16903,983,0.3546,2003,B_2001_2010,0
6202,255,24.13,0.1774,35986,1416,0.2375,2003,B_2001_2010,1
2026,101,20.04,0.4936,11468,729,0.3806,2003,B_2001_2010,1
4134,114,36.32,0.2419,23908,896,0.231,2003,B_2001_2010,1
1377,92,14.65,0.4357,7938,513,0.3929,2003,B_2001_2010,0
4947,196,25.27,0.3234,29283,1482,0.3117,2003,B_2001_2010,0
7430,429,17.3,0.1211,44033,1591,0.2258,2003,B_2001_2010,0
10523,489,21.69,0.152,63111,2146,0.2183,2003,B_2001_2010,0
1856,69,26.91,0.5927,11059,554,0.3157,2003,B_2001_2010,1
3824,127,30.13,0.2354,22354,994,0.2728,2003,B_2001_2010,2
6421,232,27.69,0.2336,38049,1385,0.2274,2003,B_2001_2010,1
5322,235,22.68,0.2443,31244,1567,0.31,2003,B_2001_2010,0
7037,270,26.15,0.1847,40745,1368,0.2061,2003,B_2001_2010,1
5386,225,23.91,0.1857,31394,1409,0.2755,2003,B_2001_2010,1
2484,100,25.03,0.3221,14553,650,0.2746,2003,B_2001_2010,0
2329,124,18.78,0.4294,13490,784,0.3551,2003,B_2001_2010,1
2047,122,16.52,0.2931,11708,603,0.3136,2003,B_2001_2010,0
2877,129,22.25,0.3823,16712,1019,0.374,2003,B_2001_2010,0
2574,108,23.92,0.3497,15314,764,0.3217,2003,B_2001_2010,1
2892,140,20.76,0.3112,16658,723,0.2649,2003,B_2001_2010,0
2157,114,18.82,0.5563,12288,707,0.3486,2003,B_2001_2010,0
3059,121,25.28,0.425,17603,940,0.322,2003,B_2001_2010,1
7802,381,20.45,0.2307,46618,2002,0.2717,2003,B_2001_2010,1
1959,90,21.73,0.4084,11485,682,0.3706,2003,B_2001_2010,1
7718,301,25.67,0.2073,45377,1462,0.2015,2003,B_2001_2010,0
14263,738,19.41,0.0701,78794,2068,0.155,2003,B_2001_2010,1
2984,151,19.68,0.3686,17424,894,0.3167,2003,B_2001_2010,0
8568,293,29.28,0.1634,48867,1314,0.1627,2003,B_2001_2010,1
374,21,17.19,1.6043,2231,202,0.5695,2003,B_2001_2010,1
4370,187,23.4,0.2288,25504,1106,0.2686,2003,B_2001_2010,0
5911,279,21.22,0.2199,33796,1160,0.2061,2003,B_2001_2010,1
3099,131,23.58,0.355,18270,921,0.312,2003,B_2001_2010,1
1266,48,26.4,0.7109,7663,491,0.4068,2003,B_2001_2010,1
1236,52,23.75,0.7282,7463,448,0.3851,2003,B_2001_2010,1
6162,320,19.16,0.2597,37361,1728,0.2981,2003,B_2001_2010,0
3845,124,31.05,0.2601,22654,1057,0.2869,2003,B_2001_2010,0
9294,519,17.91,0.1614,54132,1978,0.2331,2003,B_2001_2010,0
3353,167,20.16,0.2982,19542,785,0.2452,2003,B_2001_2010,1
11578,399,29.15,0.1382,68585,2194,0.2021,2003,B_2001_2010,1
3097,107,29.0,0.4198,18432,899,0.3045,2003,B_2001_2010,1
1914,105,18.32,0.3657,11149,719,0.396,2003,B_2001_2010,1
3618,169,21.5,0.304,20701,972,0.2814,2003,B_2001_2010,1
4062,202,20.06,0.2954,24676,1070,0.2863,2003,B_2001_2010,1
3390,129,26.26,0.4425,20578,942,0.2982,2003,B_2001_2010,1
6886,251,27.51,0.2033,40791,1099,0.1709,2003,B_2001_2010,1
6294,268,23.46,0.1589,36852,1367,0.2331,2003,B_2001_2010,1
5441,169,32.11,0.2022,32395,1165,0.2261,2003,B_2001_2010,1
9401,379,24.94,0.1489,56562,1724,0.1958,2003,B_2001_2010,1
2390,95,25.23,0.3766,14288,659,0.2933,2003,B_2001_2010,1
7283,303,24.1,0.1922,42884,1725,0.2542,2003,B_2001_2010,2
11114,376,29.65,0.144,65946,1966,0.1892,2003,B_2001_2010,2
12839,489,26.3,0.1013,73874,1928,0.1578,2003,B_2001_2010,0
2097,111,18.89,0.4769,12118,722,0.3681,2003,B_2001_2010,1
1397,59,23.8,0.5727,8057,470,0.3558,2003,B_2001_2010,1
4730,200,23.64,0.2326,28166,1138,0.2545,2003,B_2001_2010,0
3109,165,18.79,0.386,18636,976,0.3287,2003,B_2001_2010,1
3202,143,22.46,0.3748,18754,915,0.3039,2003,B_2001_2010,1
3126,161,19.42,0.3519,18627,821,0.2751,2003,B_2001_2010,0
2866,123,23.26,0.314,17131,807,0.2955,2003,B_2001_2010,1
1431,60,23.83,0.559,8181,549,0.4039,2003,B_2001_2010,1
2774,120,23.2,0.3244,16170,859,0.3277,2003,B_2001_2010,0
9030,314,28.83,0.155,53437,1795,0.2113,2003,B_2001_2010,1
6193,275,22.63,0.2099,36695,1361,0.2316,2003,B_2001_2010,1
5632,261,21.59,0.1776,32057,1330,0.2484,2003,B_2001_2010,1
2492,98,25.44,0.321,14982,813,0.3479,2003,B_2001_2010,1
4466,230,19.63,0.3135,25699,1162,0.273,2003,B_2001_2010,1
2362,84,27.98,0.4234,13378,704,0.3112,2003,B_2001_2010,0
2123,123,17.2,0.4239,13077,810,0.4074,2003,B_2001_2010,0
2338,85,27.55,0.3422,13883,679,0.3058,2003,B_2001_2010,0
6860,250,27.42,0.2915,40016,1505,0.231,2003,B_2001_2010,0
2620,138,18.96,0.3817,15371,833,0.3336,2003,B_2001_2010,1
8901,515,17.41,0.1236,52012,1605,0.1908,2003,B_2001_2010,0
3245,169,19.21,0.339,19152,863,0.2786,2003,B_2001_2010,0
22496,924,24.05,0.0933,131937,4222,0.2037,2003,B_2001_2010,1
3167,134,23.78,0.3789,18862,905,0.3019,2003,B_2001_2010,2
5860,222,26.36,0.2218,34612,1284,0.2302,2003,B_2001_2010,0
4217,174,24.27,0.2371,24638,1159,0.2893,2003,B_2001_2010,0
5617,321,17.46,0.2136,32484,1274,0.2386,2003,B_2001_2010,1
2391,91,26.35,0.3346,14066,710,0.3112,2003,B_2001_2010,1
3536,170,20.69,0.2262,21557,935,0.2803,2003,B_2001_2010,0
3914,207,18.94,0.2555,22721,1014,0.2787,2003,B_2001_2010,1
2964,116,25.61,0.3711,17323,779,0.2827,2003,B_2001_2010,1
2928,116,25.24,0.4781,17886,944,0.3453,2003,B_2001_2010,0
9008,297,30.45,0.1332,54196,1727,0.202,2003,B_2001_2010,0
5354,246,21.7,0.2055,30496,1197,0.235,2003,B_2001_2010,1
9099,399,22.94,0.1319,51363,1656,0.1908,2003,B_2001_2010,1
5283,224,23.6,0.2271,30767,1173,0.237,2003,B_2001_2010,0
7512,333,22.44,0.1331,43993,1645,0.2311,2003,B_2001_2010,1
1480,98,15.15,0.6757,8807,577,0.4122,2003,B_2001_2010,1
7525,340,22.13,0.1329,44315,1651,0.2351,2003,B_2001_2010,1
2888,144,19.88,0.3463,17251,867,0.3248,2003,B_2001_2010,1
4117,165,24.96,0.3401,23981,1092,0.2808,2003,B_2001_2010,1
4130,171,24.13,0.339,24581,1049,0.2705,2003,B_2001_2010,0
6324,260,24.43,0.2372,38649,1538,0.2606,2003,B_2001_2010,1
1144,55,20.75,0.5245,6611,474,0.4336,2003,B_2001_2010,1
3671,201,18.14,0.2724,21514,870,0.2471,2003,B_2001_2010,1
4206,156,27.14,0.1902,24525,929,0.2356,2003,B_2001_2010,0
4807,238,20.22,0.1872,29155,1295,0.2871,2003,B_2001_2010,1
6640,246,26.98,0.1807,37815,1353,0.2148,2003,B_2001_2010,1
4580,218,20.92,0.3275,27841,1276,0.2965,2003,B_2001_2010,0
2603,141,18.39,0.3842,14921,735,0.3054,2003,B_2001_2010,1
1620,58,28.1,0.4321,9404,573,0.371,2003,B_2001_2010,1
4872,212,22.92,0.3284,28988,1206,0.266,2003,B_2001_2010,0
17165,575,29.88,0.0932,100000,2694,0.1682,2003,B_2001_2010,1
1872,65,28.89,0.3739,11097,647,0.3627,2003,B_2001_2010,1
5109,234,21.73,0.2349,30353,1249,0.2642,2003,B_2001_2010,1
2687,131,20.41,0.4466,16243,780,0.3029,2003,B_2001_2010,1
979,47,20.6,0.3064,5971,385,0.4106,2003,B_2001_2010,0
3396,137,24.82,0.3534,19704,942,0.2909,2003,B_2001_2010,0
3488,130,26.82,0.2867,20404,966,0.289,2003,B_2001_2010,0
10943,465,23.61,0.1279,65102,2299,0.2206,2003,B_2001_2010,0
2621,139,18.98,0.3434,15533,699,0.2827,2003,B_2001_2010,0
5537,276,20.07,0.1625,31947,1261,0.24,2003,B_2001_2010,2
5342,214,25.05,0.1872,30855,1087,0.217,2003,B_2001_2010,1
7790,360,21.73,0.1797,46159,1682,0.2312,2003,B_2001_2010,1
1602,67,23.91,0.6242,9554,559,0.3708,2003,B_2001_2010,0
2628,143,18.31,0.3425,15324,897,0.3577,2003,B_2001_2010,0
1782,64,27.84,0.5051,10211,596,0.3535,2003,B_2001_2010,0
3610,217,16.7,0.1939,21099,1041,0.3017,2003,B_2001_2010,2
3671,169,21.64,0.3541,21395,1077,0.3111,2003,B_2001_2010,1
3563,186,19.1,0.1965,20435,950,0.2801,2003,B_2001_2010,1
4244,209,20.29,0.2828,25377,1222,0.3054,2003,B_2001_2010,1
2042,85,24.02,0.5387,12358,633,0.3266,2003,B_2001_2010,0
3536,148,23.82,0.3394,20639,1050,0.3105,2003,B_2001_2010,1
2101,83,25.18,0.4284,12048,660,0.3317,2003,B_2001_2010,0
1665,111,15.12,0.5405,9597,617,0.3916,2003,B_2001_2010,1
4950,250,19.62,0.2424,28716,1450,0.3083,2003,B_2001_2010,1
3025,193,15.68,0.3967,17816,857,0.3012,2003,B_2001_2010,1
2706,90,30.09,0.3695,16942,801,0.3108,2003,B_2001_2010,0
1575,65,24.29,0.5079,9410,649,0.4292,2003,B_2001_2010,0
2865,121,23.93,0.5934,16968,768,0.2824,2003,B_2001_2010,1
3284,157,20.82,0.3959,20028,1019,0.3249,2003,B_2001_2010,1
2896,181,16.01,0.4144,17172,837,0.3139,2003,B_2001_2010,1
3720,205,18.28,0.2688,21746,1007,0.2868,2003,B_2001_2010,1
2651,106,25.04,0.3395,16187,778,0.3112,2003,B_2001_2010,1
1613,78,20.62,0.434,9261,574,0.38,2003,B_2001_2010,1
2957,127,23.25,0.372,17720,873,0.3111,2003,B_2001_2010,0
1358,55,24.58,0.7364,7730,442,0.3439,2003,B_2001_2010,1
3605,165,21.65,0.3329,20727,1009,0.2949,2003,B_2001_2010,1
9930,438,22.57,0.1712,59141,2012,0.2133,2003,B_2001_2010,1
4946,214,23.33,0.3235,28921,933,0.1985,2003,B_2001_2010,1
2869,107,26.84,0.4531,16596,763,0.2781,2003,B_2001_2010,1
6048,193,31.43,0.2811,35755,1202,0.2088,2003,B_2001_2010,0
7401,281,26.35,0.1892,42627,1440,0.2047,2003,B_2001_2010,1
5767,274,20.91,0.2948,33465,1584,0.288,2003,B_2001_2010,0
4147,163,25.47,0.2411,24489,1034,0.2604,2003,B_2001_2010,0
7597,373,20.33,0.2369,44547,1970,0.2722,2003,B_2001_2010,0
2818,164,17.12,0.3549,16402,850,0.3172,2003,B_2001_2010,1
7273,374,19.21,0.22,42956,1869,0.2766,2003,B_2001_2010,1
2267,90,25.09,0.3529,13526,621,0.2916,2003,B_2001_2010,0
2130,70,30.44,0.5634,12195,624,0.3155,2003,B_2001_2010,1
5203,235,22.15,0.2306,30545,1347,0.272,2003,B_2001_2010,1
3539,148,23.95,0.3108,20469,945,0.2797,2003,B_2001_2010,1
6370,240,26.42,0.1884,38553,1389,0.2349,2003,B_2001_2010,1
3169,143,22.37,0.284,18613,997,0.3335,2003,B_2001_2010,0
3391,124,27.22,0.3244,19605,918,0.284,2003,B_2001_2010,1
1910,91,21.15,0.3665,10963,706,0.3869,2003,B_2001_2010,1
1732,86,20.15,0.5196,10512,623,0.3764,2003,B_2001_2010,1
1753,73,23.97,0.4564,10159,650,0.3868,2003,B_2001_2010,1
2096,95,22.2,0.4771,12303,641,0.3235,2003,B_2001_2010,1
4988,209,23.87,0.2406,29076,1203,0.2554,2003,B_2001_2010,1
2431,99,24.54,0.3702,14711,912,0.3941,2003,B_2001_2010,1
3746,151,24.73,0.3737,22251,1125,0.3161,2003,B_2001_2010,1
2187,83,26.24,0.4115,12413,711,0.3429,2003,B_2001_2010,1
1953,88,22.27,0.512,11674,651,0.3477,2003,B_2001_2010,1
11974,394,30.51,0.1336,74484,2013,0.1815,2003,B_2001_2010,1
1962,96,20.42,0.4077,11852,691,0.3726,2003,B_2001_2010,1
4952,263,18.96,0.1817,29106,1295,0.2799,2003,B_2001_2010,0
1019,60,17.15,0.8832,6056,443,0.4632,2003,B_2001_2010,1
4299,168,25.55,0.2791,25995,1043,0.2612,2003,B_2001_2010,0
1369,63,21.68,0.7305,8127,599,0.458,2003,B_2001_2010,1
2904,163,17.72,0.3788,16899,986,0.3574,2003,B_2001_2010,1
2764,115,24.08,0.398,16227,991,0.3763,2003,B_2001_2010,1
3801,163,23.16,0.3157,22566,1084,0.2978,2003,B_2001_2010,1
3441,118,29.25,0.3197,19654,830,0.2537,2003,B_2001_2010,1
7499,302,24.81,0.1734,44477,1827,0.2544,2003,B_2001_2010,1
8455,369,22.86,0.1892,51144,1304,0.1638,2003,B_2001_2010,1
9686,373,25.88,0.1342,56320,2014,0.2196,2003,B_2001_2010,1
2776,125,22.22,0.4323,16021,854,0.3253,2003,B_2001_2010,1
7177,350,20.47,0.2229,42617,1611,0.2409,2003,B_2001_2010,0
2543,141,17.86,0.2753,15364,577,0.2407,2003,B_2001_2010,0
1917,100,19.13,0.6781,11351,740,0.4111,2003,B_2001_2010,1
7278,306,23.75,0.2336,42684,1474,0.22,2003,B_2001_2010,1
2348,117,20.14,0.3833,13652,799,0.362,2003,B_2001_2010,2
4257,221,19.19,0.2584,25457,954,0.2363,2003,B_2001_2010,1
8201,289,28.45,0.3292,48575,1745,0.2239,2003,B_2001_2010,1
9484,426,22.37,0.1476,54669,1908,0.2172,2003,B_2001_2010,1
5757,251,22.91,0.2084,34470,1610,0.2988,2003,B_2001_2010,1
5191,258,19.99,0.1926,29450,1279,0.2589,2003,B_2001_2010,0
3850,185,20.69,0.2597,22653,1181,0.3208,2003,B_2001_2010,2
3701,208,17.86,0.2162,22123,1238,0.3521,2003,B_2001_2010,1
1862,114,16.08,0.3759,11010,700,0.3947,2003,B_2001_2010,1
2747,133,20.66,0.2912,16129,960,0.3673,2003,B_2001_2010,2
7095,346,20.29,0.1832,41711,1677,0.2489,2003,B_2001_2010,1
5653,252,22.42,0.1946,32550,1429,0.2643,2003,B_2001_2010,1
6351,301,21.04,0.2047,37071,1756,0.2878,2003,B_2001_2010,1
1065,36,29.67,0.8451,6195,464,0.462,2003,B_2001_2010,1
9596,350,27.3,0.1876,55459,1672,0.1854,2003,B_2001_2010,1
4563,170,26.56,0.2849,26741,1043,0.2404,2003,B_2001_2010,1
4178,175,23.94,0.2393,25209,1423,0.3557,2003,B_2001_2010,1
10894,381,28.56,0.2203,64514,2067,0.199,2003,B_2001_2010,1
4474,192,23.27,0.3129,26480,1301,0.3071,2003,B_2001_2010,1
2961,141,20.88,0.304,17871,952,0.3404,2003,B_2001_2010,1
7320,258,28.4,0.123,41523,1473,0.2112,2003,B_2001_2010,0
6306,312,20.03,0.222,38310,1369,0.2323,2003,B_2001_2010,1
4521,143,31.84,0.2433,26782,1165,0.2665,2003,B_2001_2010,1
3516,143,24.54,0.3129,21083,1049,0.3222,2003,B_2001_2010,1
8063,322,25.11,0.186,47726,1803,0.2381,2003,B_2001_2010,0
3760,264,14.39,0.2926,21076,879,0.2465,2003,B_2001_2010,0
2725,151,18.04,0.4404,15796,770,0.2998,2003,B_2001_2010,0
3771,149,25.42,0.3978,22027,805,0.2278,2003,B_2001_2010,1
13922,571,24.36,0.1724,85353,2740,0.2091,2003,B_2001_2010,1
1198,74,16.31,0.5843,7554,425,0.3815,2003,B_2001_2010,0
3513,170,20.71,0.2562,20853,1158,0.3473,2004,B_2001_2010,1
4800,383,12.63,0.2083,28602,1222,0.2694,2004,B_2001_2010,0
2976,131,22.78,0.336,17494,943,0.3327,2004,B_2001_2010,1
3369,138,24.41,0.2968,19161,884,0.2737,2004,B_2001_2010,1
8129,334,24.23,0.1845,49481,1969,0.2569,2004,B_2001_2010,0
1050,66,15.97,0.7619,6201,412,0.4171,2004,B_2001_2010,0
3725,182,20.45,0.2685,22169,1184,0.3334,2004,B_2001_2010,1
5056,280,18.02,0.2967,29631,1214,0.2545,2004,B_2001_2010,1
3943,151,26.18,0.3551,23063,1052,0.279,2004,B_2001_2010,1
6387,260,24.59,0.2662,37164,1657,0.2751,2004,B_2001_2010,0
2485,130,19.08,0.3219,14715,646,0.2773,2004,B_2001_2010,1
5292,279,18.91,0.2268,30278,1309,0.2594,2004,B_2001_2010,1
3390,143,23.52,0.295,19429,927,0.2876,2004,B_2001_2010,1
1780,131,13.6,0.4494,10639,530,0.3135,2004,B_2001_2010,1
13012,636,20.43,0.1153,76408,2267,0.1883,2004,B_2001_2010,1
5719,243,23.52,0.2623,34111,1278,0.2385,2004,B_2001_2010,2
1583,85,18.64,0.6317,9306,610,0.4068,2004,B_2001_2010,0
3802,157,24.21,0.2104,22286,1066,0.2975,2004,B_2001_2010,2
1338,83,16.11,0.8969,7753,573,0.4522,2004,B_2001_2010,1
2775,125,22.16,0.3964,16226,773,0.2937,2004,B_2001_2010,0
7954,357,22.57,0.1257,46162,1135,0.152,2004,B_2001_2010,1
3968,170,23.31,0.3276,23209,1024,0.2755,2004,B_2001_2010,0
5711,254,22.54,0.1751,33966,1459,0.2686,2004,B_2001_2010,1
1305,69,18.45,0.3065,7635,470,0.3747,2004,B_2001_2010,0
9597,420,22.91,0.1355,56317,1552,0.1715,2004,B_2001_2010,1
7378,473,15.74,0.122,44558,1752,0.2524,2004,B_2001_2010,1
9019,573,15.83,0.0998,54873,1729,0.2067,2004,B_2001_2010,1
1651,96,17.06,0.424,9742,510,0.3265,2004,B_2001_2010,1
2996,137,21.89,0.4673,17708,972,0.3451,2004,B_2001_2010,1
1437,67,21.58,0.6959,8645,575,0.4252,2004,B_2001_2010,1
1713,89,19.22,0.7005,10155,592,0.3672,2004,B_2001_2010,1
2960,130,22.78,0.3041,16904,887,0.3169,2004,B_2001_2010,1
6054,276,21.9,0.1982,33848,1445,0.2479,2004,B_2001_2010,2
9892,439,22.31,0.1213,57107,1850,0.2003,2004,B_2001_2010,0
4501,237,18.95,0.2444,27786,1269,0.2988,2004,B_2001_2010,1
6522,279,23.35,0.138,37496,1556,0.2501,2004,B_2001_2010,0
11187,498,22.5,0.2056,66391,2372,0.2243,2004,B_2001_2010,0
2322,154,14.81,0.4307,13703,821,0.3833,2004,B_2001_2010,1
7086,341,20.54,0.1976,40955,1417,0.2107,2004,B_2001_2010,2
2181,110,19.51,0.3668,13348,721,0.3508,2004,B_2001_2010,1
2508,120,20.88,0.638,14654,828,0.3505,2004,B_2001_2010,1
1912,76,25.14,0.5753,11016,598,0.329,2004,B_2001_2010,0
2739,122,22.56,0.4016,16217,819,0.3154,2004,B_2001_2010,0
1900,90,21.02,0.4737,11203,718,0.3984,2004,B_2001_2010,0
5347,213,25.06,0.2431,31243,1254,0.2495,2004,B_2001_2010,1
1346,84,16.25,0.6686,7948,566,0.4443,2004,B_2001_2010,1
11804,531,22.2,0.161,70260,2790,0.2493,2004,B_2001_2010,0
2359,95,24.97,0.3391,14176,650,0.2933,2004,B_2001_2010,1
2424,119,20.19,0.33,14673,802,0.3469,2004,B_2001_2010,1
2236,115,19.45,0.4472,13734,788,0.3712,2004,B_2001_2010,1
3460,189,18.35,0.3468,20233,1005,0.3075,2004,B_2001_2010,1
12748,592,21.61,0.1334,74983,2126,0.1823,2004,B_2001_2010,0
10213,387,26.47,0.1469,62192,2151,0.2265,2004,B_2001_2010,1
3097,151,20.47,0.3875,18269,893,0.3042,2004,B_2001_2010,1
2424,114,21.32,0.5363,14436,754,0.3288,2004,B_2001_2010,1
8530,345,24.59,0.1407,52204,1888,0.2322,2004,B_2001_2010,0
984,49,20.2,0.813,5798,413,0.4472,2004,B_2001_2010,1
6092,395,15.62,0.1641,35642,1343,0.2342,2004,B_2001_2010,1
7390,340,21.65,0.203,44434,1649,0.2345,2004,B_2001_2010,0
7171,277,25.96,0.2092,40774,1421,0.211,2004,B_2001_2010,1
2330,115,20.33,0.3863,13332,757,0.3429,2004,B_2001_2010,1
15388,602,25.43,0.117,91669,2664,0.1848,2004,B_2001_2010,1
6814,214,31.75,0.1614,39787,1264,0.199,2004,B_2001_2010,1
4288,204,20.88,0.2799,24909,956,0.2367,2004,B_2001_2010,1
2976,179,16.41,0.2688,17547,924,0.3269,2004,B_2001_2010,1
4265,158,27.02,0.2814,24653,1034,0.2537,2004,B_2001_2010,2
2170,104,20.72,0.4608,13240,692,0.3378,2004,B_2001_2010,1
8999,364,24.8,0.1889,53534,2086,0.2478,2004,B_2001_2010,0
2077,83,24.84,0.4333,12084,657,0.3341,2004,B_2001_2010,1
3344,191,17.52,0.3289,19420,1144,0.3621,2004,B_2001_2010,0
1936,87,22.24,0.8264,11529,659,0.3569,2004,B_2001_2010,0
2667,88,30.36,0.3375,15575,685,0.2707,2004,B_2001_2010,1
3583,197,18.34,0.3349,21336,886,0.2629,2004,B_2001_2010,0
3625,165,22.08,0.2207,20418,807,0.2334,2004,B_2001_2010,1
2765,100,27.68,0.3255,16725,655,0.2535,2004,B_2001_2010,0
7761,404,19.1,0.1546,45092,1663,0.2287,2004,B_2001_2010,0
3456,141,24.59,0.2604,20271,1032,0.3131,2004,B_2001_2010,0
4758,163,29.3,0.2942,27666,1036,0.2285,2004,B_2001_2010,1
2893,124,23.48,0.3457,17061,856,0.3152,2004,B_2001_2010,0
3686,152,24.28,0.4341,21635,1023,0.2933,2004,B_2001_2010,0
1856,76,24.62,0.5927,11094,592,0.3346,2004,B_2001_2010,1
908,58,15.67,0.8811,5361,383,0.4548,2004,B_2001_2010,1
1841,83,22.22,0.5432,10857,702,0.4079,2004,B_2001_2010,1
2766,129,21.62,0.3254,16450,891,0.3388,2004,B_2001_2010,1
4241,154,27.6,0.2122,24238,1078,0.2719,2004,B_2001_2010,2
6141,312,19.72,0.1954,37799,1322,0.2277,2004,B_2001_2010,1
5934,276,21.46,0.2359,35125,1591,0.2802,2004,B_2001_2010,0
1817,78,23.22,0.5504,10700,524,0.3027,2004,B_2001_2010,1
8754,354,24.78,0.1257,52449,1857,0.2286,2004,B_2001_2010,1
2826,127,22.3,0.4246,16768,734,0.2749,2004,B_2001_2010,1
3382,130,25.96,0.2365,19152,943,0.2957,2004,B_2001_2010,1
6684,312,21.4,0.1945,39490,1456,0.2316,2004,B_2001_2010,1
1050,36,29.17,1.2381,5959,424,0.421,2004,B_2001_2010,1
2779,121,22.99,0.3958,16077,959,0.3613,2004,B_2001_2010,0
2176,120,18.2,0.4596,12310,774,0.3759,2004,B_2001_2010,0
5248,176,29.78,0.1905,30891,1104,0.2214,2004,B_2001_2010,1
3029,96,31.54,0.4292,17558,863,0.3011,2004,B_2001_2010,1
20558,840,24.05,0.0924,121174,3312,0.1714,2004,B_2001_2010,2
3000,122,24.6,0.4333,17679,934,0.328,2004,B_2001_2010,0
851,42,20.0,1.0576,5011,387,0.4794,2004,B_2001_2010,1
1508,85,17.84,0.5968,9003,541,0.3753,2004,B_2001_2010,1
2370,105,22.67,0.3376,13944,779,0.3468,2004,B_2001_2010,1
2397,96,25.06,0.3338,14200,680,0.3008,2004,B_2001_2010,1
3876,220,17.65,0.3354,23218,1099,0.3013,2004,B_2001_2010,0
5992,259,23.16,0.2003,35837,1283,0.2285,2004,B_2001_2010,0
3077,133,23.03,0.3575,18608,907,0.3087,2004,B_2001_2010,0
4687,187,25.03,0.2347,27119,1039,0.2334,2004,B_2001_2010,1
3389,180,18.9,0.2951,20046,938,0.2957,2004,B_2001_2010,0
2072,102,20.4,0.3378,12088,676,0.3456,2004,B_2001_2010,1
2615,145,18.05,0.3442,15314,792,0.317,2004,B_2001_2010,0
5278,206,25.65,0.2084,31033,1244,0.2484,2004,B_2001_2010,1
3004,121,24.62,0.2663,17244,889,0.3106,2004,B_2001_2010,2
2270,115,19.79,0.5286,13358,721,0.3361,2004,B_2001_2010,1
914,53,17.11,0.547,5236,326,0.3829,2004,B_2001_2010,2
1608,78,20.65,0.5597,9307,561,0.3688,2004,B_2001_2010,0
3629,185,19.66,0.3858,21394,1067,0.3117,2004,B_2001_2010,1
2071,93,22.28,0.6277,12490,743,0.3819,2004,B_2001_2010,1
4239,214,19.8,0.2359,23972,1158,0.2838,2004,B_2001_2010,1
1872,100,18.54,0.4274,11318,686,0.3857,2004,B_2001_2010,1
1931,111,17.16,0.5697,11698,601,0.3231,2004,B_2001_2010,1
2606,122,21.4,0.2686,15171,896,0.3607,2004,B_2001_2010,1
2626,116,22.29,0.3046,15137,783,0.3126,2004,B_2001_2010,1
5829,234,24.94,0.223,34546,1275,0.2307,2004,B_2001_2010,1
2673,134,20.02,0.3367,15707,747,0.2963,2004,B_2001_2010,1
2930,148,19.82,0.5119,17139,815,0.2956,2004,B_2001_2010,1
2918,132,22.11,0.2742,17448,968,0.3496,2004,B_2001_2010,0
10995,606,18.17,0.1819,66024,1699,0.1655,2004,B_2001_2010,1
5891,307,19.24,0.1698,34422,1512,0.2685,2004,B_2001_2010,1
5044,201,25.14,0.1586,29987,1057,0.2213,2004,B_2001_2010,2
2237,98,22.85,0.5364,13067,765,0.3594,2004,B_2001_2010,1
10527,421,24.98,0.152,64741,2549,0.2589,2004,B_2001_2010,0
5831,228,25.73,0.2572,34317,1213,0.2224,2004,B_2001_2010,1
4766,214,22.22,0.2308,27995,1091,0.2423,2004,B_2001_2010,0
2477,107,23.23,0.4037,14593,936,0.3977,2004,B_2001_2010,0
2685,136,19.76,0.3352,16421,842,0.3315,2004,B_2001_2010,1
1395,62,22.42,0.6452,8059,513,0.3871,2004,B_2001_2010,1
3944,197,19.97,0.3043,23496,1239,0.3314,2004,B_2001_2010,1
2759,192,14.58,0.4349,15804,723,0.2726,2004,B_2001_2010,1
1587,83,19.13,0.5041,9702,593,0.3938,2004,B_2001_2010,1
1984,92,21.47,0.4536,11922,708,0.3826,2004,B_2001_2010,1
2145,99,21.69,0.4196,12780,648,0.3184,2004,B_2001_2010,1
4863,242,20.02,0.1851,27777,1227,0.2655,2004,B_2001_2010,0
4773,195,24.44,0.2305,27687,1164,0.2533,2004,B_2001_2010,0
5935,210,28.26,0.2022,34908,1373,0.2436,2004,B_2001_2010,0
2281,92,24.82,0.4822,12772,659,0.3056,2004,B_2001_2010,0
1796,70,25.61,0.6682,10493,631,0.3619,2004,B_2001_2010,0
4829,217,22.27,0.2071,27622,917,0.2015,2004,B_2001_2010,1
2250,129,17.36,0.4,13294,785,0.3769,2004,B_2001_2010,1
987,50,19.64,0.9119,5758,413,0.4377,2004,B_2001_2010,1
5216,246,21.14,0.2301,30739,1538,0.31,2004,B_2001_2010,1
6245,295,21.19,0.1601,36350,1203,0.2037,2004,B_2001_2010,0
5986,283,21.21,0.2005,35562,1244,0.2202,2004,B_2001_2010,1
2505,128,19.55,0.4391,14658,891,0.3725,2004,B_2001_2010,0
1583,55,29.0,0.8212,9379,546,0.3613,2004,B_2001_2010,1
5628,247,22.81,0.231,34181,1535,0.2871,2004,B_2001_2010,1
2858,129,22.14,0.3849,16858,716,0.2638,2004,B_2001_2010,1
4120,160,25.74,0.3398,23611,986,0.251,2004,B_2001_2010,1
5239,278,18.89,0.1909,30429,1395,0.2804,2004,B_2001_2010,1
2549,117,21.79,0.3923,16060,783,0.3217,2004,B_2001_2010,1
4834,150,32.14,0.2689,26907,953,0.2083,2004,B_2001_2010,0
1170,67,17.19,0.6838,6549,473,0.4274,2004,B_2001_2010,0
11164,453,24.62,0.1075,67379,2152,0.2064,2004,B_2001_2010,2
7129,306,23.25,0.1543,41469,1663,0.2449,2004,B_2001_2010,0
2663,155,17.23,0.4131,15294,777,0.3087,2004,B_2001_2010,0
5061,210,24.1,0.2766,28889,1304,0.2711,2004,B_2001_2010,1
2346,115,20.44,0.3836,14069,817,0.3687,2004,B_2001_2010,1
2028,78,25.95,0.4438,12155,625,0.3319,2004,B_2001_2010,1
4790,258,18.56,0.2296,27900,1289,0.2856,2004,B_2001_2010,1
2120,90,23.6,0.4245,12051,676,0.3354,2004,B_2001_2010,1
5553,196,28.26,0.2521,32825,1442,0.2726,2004,B_2001_2010,1
1918,78,24.47,0.6257,11415,590,0.3217,2004,B_2001_2010,2
3192,160,19.96,0.3133,18410,905,0.2954,2004,B_2001_2010,1
2650,131,20.31,0.4906,15535,949,0.3766,2004,B_2001_2010,1
1757,62,28.35,0.5122,10167,491,0.3028,2004,B_2001_2010,1
4321,165,26.08,0.3009,25178,1245,0.3041,2004,B_2001_2010,1
4266,209,20.37,0.2579,27274,925,0.2337,2004,B_2001_2010,1
2859,134,21.31,0.3498,17064,986,0.3645,2004,B_2001_2010,1
2620,129,20.47,0.4962,15750,859,0.3412,2004,B_2001_2010,1
2663,155,17.32,0.4506,16265,679,0.2745,2004,B_2001_2010,0
4703,183,25.72,0.2977,27249,1163,0.2613,2004,B_2001_2010,1
1481,70,21.11,0.6752,8781,628,0.4436,2004,B_2001_2010,1
2819,128,22.14,0.3902,16722,796,0.3005,2004,B_2001_2010,1
1058,60,17.55,0.7561,6545,398,0.4017,2004,B_2001_2010,1
806,45,17.98,1.1166,4765,332,0.4404,2004,B_2001_2010,0
7021,298,23.57,0.1994,42409,1652,0.248,2004,B_2001_2010,0
1778,79,22.54,0.5624,10504,605,0.3571,2004,B_2001_2010,0
7426,332,22.38,0.1885,44741,1428,0.2052,2004,B_2001_2010,1
2609,99,26.18,0.345,14794,706,0.2833,2004,B_2001_2010,0
1775,47,37.72,0.507,10231,608,0.3628,2004,B_2001_2010,1
3172,126,25.11,0.3468,18907,798,0.2746,2004,B_2001_2010,2
12714,550,23.11,0.1337,76648,2731,0.2285,2004,B_2001_2010,1
3099,156,19.79,0.484,17944,976,0.3343,2004,B_2001_2010,1
852,49,17.35,1.2911,5072,411,0.5117,2004,B_2001_2010,1
1205,69,17.3,0.8299,7228,508,0.4456,2004,B_2001_2010,1
2940,91,32.27,0.3741,17357,913,0.3245,2004,B_2001_2010,1
5713,249,22.8,0.2801,33410,1345,0.2491,2004,B_2001_2010,2
6659,227,29.33,0.2403,39188,1432,0.2289,2004,B_2001_2010,1
4943,147,33.71,0.2832,29579,1115,0.2395,2004,B_2001_2010,1
86953,3565,24.27,0.0288,498681,8142,0.1018,2004,B_2001_2010,0
5033,249,20.18,0.457,29839,1296,0.2704,2004,B_2001_2010,1
4117,174,23.7,0.3643,23856,1194,0.307,2004,B_2001_2010,1
11495,461,25.01,0.0957,68106,2190,0.2022,2004,B_2001_2010,2
3408,152,22.24,0.2054,19974,1061,0.3248,2004,B_2001_2010,1
3441,159,21.62,0.3778,20802,1050,0.322,2004,B_2001_2010,1
1227,56,22.18,1.0595,7296,502,0.4254,2004,B_2001_2010,1
3120,129,24.26,0.4167,17834,900,0.3058,2004,B_2001_2010,1
5051,173,29.15,0.2178,29212,1084,0.2231,2004,B_2001_2010,1
479,38,12.13,1.4614,2809,224,0.5157,2004,B_2001_2010,1
5759,236,24.31,0.4515,33752,1286,0.2344,2004,B_2001_2010,0
3275,125,26.23,0.3053,20188,899,0.2916,2004,B_2001_2010,1
3126,116,27.0,0.4159,18285,858,0.2901,2004,B_2001_2010,1
2403,94,25.65,0.4161,14237,759,0.3346,2004,B_2001_2010,1
5547,252,22.08,0.4146,33503,1471,0.2798,2004,B_2001_2010,1
2486,93,26.87,0.8045,14655,803,0.3355,2004,B_2001_2010,1
380,20,18.9,0.7895,2185,208,0.5711,2004,B_2001_2010,0
3931,164,24.1,0.5088,23211,1180,0.3157,2004,B_2001_2010,1
11634,515,22.62,0.1375,68878,2773,0.2536,2004,B_2001_2010,0
20885,923,22.45,0.091,122444,2962,0.1505,2004,B_2001_2010,0
4636,224,20.59,0.3451,27699,1165,0.2651,2004,B_2001_2010,1
4975,255,19.48,0.3216,29493,1114,0.2334,2004,B_2001_2010,2
1676,93,18.09,0.537,9763,611,0.3777,2004,B_2001_2010,1
5134,199,25.87,0.2727,29777,1187,0.2443,2004,B_2001_2010,1
1830,91,20.26,0.5464,10750,599,0.3454,2004,B_2001_2010,0
2013,99,20.26,0.4968,11602,723,0.377,2004,B_2001_2010,1
1806,74,24.45,0.3876,10327,663,0.3859,2004,B_2001_2010,1
4883,211,23.02,0.2253,29630,1238,0.2685,2004,B_2001_2010,1
2168,99,22.02,0.4613,12679,744,0.363,2004,B_2001_2010,1
17246,669,25.81,0.1218,101348,3330,0.2024,2004,B_2001_2010,1
5304,243,21.88,0.3394,30366,1163,0.2302,2005,B_2001_2010,1
1454,57,25.47,0.619,8391,529,0.3776,2005,B_2001_2010,1
10807,515,21.01,0.2128,65262,2128,0.2077,2005,B_2001_2010,0
1886,108,17.39,0.5302,10948,666,0.3717,2005,B_2001_2010,2
2467,114,21.65,0.4054,15186,790,0.3381,2005,B_2001_2010,0
6861,336,20.45,0.1458,39132,1370,0.2108,2005,B_2001_2010,0
7009,282,25.02,0.1855,40917,1523,0.2296,2005,B_2001_2010,1
3096,138,22.49,0.323,17790,872,0.2952,2005,B_2001_2010,0
3832,155,24.7,0.261,23319,914,0.2516,2005,B_2001_2010,1
7079,319,21.83,0.1413,41741,1574,0.2387,2005,B_2001_2010,2
4424,172,25.67,0.226,24905,963,0.2299,2005,B_2001_2010,0
5152,261,19.64,0.1747,29257,1196,0.2446,2005,B_2001_2010,0
1748,85,20.53,0.5149,10733,582,0.3524,2005,B_2001_2010,1
11368,381,29.86,0.1232,66028,1786,0.1656,2005,B_2001_2010,0
3820,189,20.22,0.3665,22932,1126,0.3144,2005,B_2001_2010,1
2166,102,21.25,0.4155,12717,712,0.3467,2005,B_2001_2010,1
1297,54,23.78,0.5397,7442,444,0.3593,2005,B_2001_2010,2
13133,544,24.12,0.099,75362,1404,0.1129,2005,B_2001_2010,2
4680,226,20.73,0.3205,27952,1261,0.2863,2005,B_2001_2010,1
3297,128,25.84,0.3336,19727,874,0.28,2005,B_2001_2010,1
4039,188,21.43,0.2228,23997,1209,0.3162,2005,B_2001_2010,1
1975,89,22.19,0.6076,11547,650,0.3458,2005,B_2001_2010,0
13431,642,20.94,0.1042,78927,2514,0.1954,2005,B_2001_2010,1
1716,84,20.54,0.5245,10006,606,0.3718,2005,B_2001_2010,0
4968,148,33.58,0.1409,29894,992,0.2089,2005,B_2001_2010,0
7395,369,19.96,0.2164,44644,2068,0.2947,2005,B_2001_2010,1
2296,116,19.6,0.3049,13223,719,0.3275,2005,B_2001_2010,0
2524,116,21.64,0.4358,15404,703,0.2995,2005,B_2001_2010,0
2096,112,18.57,0.5248,12850,661,0.3378,2005,B_2001_2010,1
271,18,14.78,1.845,1641,171,0.6753,2005,B_2001_2010,1
5373,295,18.28,0.1861,31799,1189,0.2434,2005,B_2001_2010,0
2787,125,22.22,0.3588,17044,805,0.3068,2005,B_2001_2010,1
2222,100,22.36,0.405,13045,728,0.3447,2005,B_2001_2010,1
10893,515,21.12,0.1193,63371,1909,0.1851,2005,B_2001_2010,0
3197,167,19.05,0.3128,19515,882,0.2896,2005,B_2001_2010,0
2666,113,23.63,0.4126,15425,833,0.3278,2005,B_2001_2010,1
5509,260,21.16,0.2178,31941,1307,0.2514,2005,B_2001_2010,2
2832,132,21.56,0.2825,16622,770,0.286,2005,B_2001_2010,1
2175,92,23.64,0.3678,12684,676,0.3264,2005,B_2001_2010,1
3288,150,21.94,0.2737,20493,983,0.326,2005,B_2001_2010,0
1188,63,18.97,0.7576,6997,474,0.4217,2005,B_2001_2010,1
4412,181,24.39,0.2493,25326,1018,0.2418,2005,B_2001_2010,1
4872,193,25.3,0.2463,28805,1194,0.256,2005,B_2001_2010,1
8129,312,26.0,0.1968,48939,1449,0.1876,2005,B_2001_2010,1
5035,204,24.71,0.1986,30182,1264,0.2643,2005,B_2001_2010,1
3304,125,26.32,0.2724,19159,877,0.2763,2005,B_2001_2010,2
3235,170,19.06,0.3709,19242,935,0.3076,2005,B_2001_2010,0
3628,164,22.14,0.2481,22214,1060,0.3095,2005,B_2001_2010,0
4642,180,25.47,0.2585,29020,1171,0.2673,2005,B_2001_2010,1
3803,137,27.8,0.3155,21965,894,0.2493,2005,B_2001_2010,1
2532,102,24.74,0.6714,15226,950,0.3957,2005,B_2001_2010,1
4624,189,24.53,0.2379,26848,963,0.2206,2005,B_2001_2010,1
2799,134,20.65,0.2858,16430,854,0.3212,2005,B_2001_2010,0
3948,185,21.51,0.2786,22663,1100,0.2928,2005,B_2001_2010,1
2564,105,24.36,0.39,15158,805,0.328,2005,B_2001_2010,1
2075,89,23.26,0.5783,11988,581,0.3002,2005,B_2001_2010,0
5840,255,22.88,0.2568,34400,1336,0.2426,2005,B_2001_2010,0
2198,112,19.44,0.3185,13439,688,0.3253,2005,B_2001_2010,1
3610,173,20.82,0.3324,21226,950,0.2778,2005,B_2001_2010,1
1734,82,21.16,0.4614,10448,554,0.3322,2005,B_2001_2010,1
3584,188,19.07,0.3069,20383,1090,0.3181,2005,B_2001_2010,1
2551,131,19.31,0.4704,15680,854,0.3559,2005,B_2001_2010,1
3570,156,22.9,0.3081,20914,1072,0.312,2005,B_2001_2010,0
4233,218,19.45,0.2362,25298,1245,0.3118,2005,B_2001_2010,1
1722,70,24.66,0.4646,9986,587,0.356,2005,B_2001_2010,0
5891,204,28.92,0.1528,35105,1335,0.2392,2005,B_2001_2010,1
8508,315,27.01,0.2116,49960,1777,0.2201,2005,B_2001_2010,2
7766,314,24.78,0.1931,45266,1700,0.234,2005,B_2001_2010,0
12399,518,23.94,0.1129,73944,2813,0.2378,2005,B_2001_2010,1
4771,225,21.17,0.2515,28588,1038,0.2333,2005,B_2001_2010,1
7004,329,21.2,0.0999,39614,1390,0.2089,2005,B_2001_2010,1
2330,126,18.52,0.3863,14114,645,0.2914,2005,B_2001_2010,0
3953,165,23.84,0.2783,23117,1179,0.3089,2005,B_2001_2010,1
3272,144,22.81,0.3056,19049,863,0.2796,2005,B_2001_2010,1
2002,91,22.2,0.5994,11809,644,0.3377,2005,B_2001_2010,0
5462,237,23.17,0.238,32058,1295,0.2501,2005,B_2001_2010,1
8433,308,27.41,0.1423,48817,1853,0.2323,2005,B_2001_2010,1
15357,1070,14.35,0.1107,86516,3051,0.2129,2005,B_2001_2010,0
3323,146,22.8,0.3009,19302,1016,0.3223,2005,B_2001_2010,0
4987,222,22.41,0.2206,29717,1060,0.226,2005,B_2001_2010,0
4716,193,24.44,0.2545,27803,1107,0.2453,2005,B_2001_2010,1
4442,219,20.19,0.2476,26942,1204,0.2897,2005,B_2001_2010,1
1670,95,17.32,0.479,10011,604,0.376,2005,B_2001_2010,1
2349,91,25.84,0.298,14291,579,0.261,2005,B_2001_2010,0
1595,102,15.7,0.5016,9556,604,0.3937,2005,B_2001_2010,1
3980,205,19.4,0.2261,23239,1098,0.2889,2005,B_2001_2010,1
2180,93,23.53,0.4128,12907,763,0.3679,2005,B_2001_2010,2
3657,134,27.37,0.3008,21879,919,0.2644,2005,B_2001_2010,1
4896,210,23.32,0.2655,29173,1335,0.2937,2005,B_2001_2010,0
7996,384,20.87,0.1376,48074,1778,0.2364,2005,B_2001_2010,1
2337,130,18.02,0.4707,13542,682,0.3064,2005,B_2001_2010,1
3691,182,20.36,0.2709,21967,1054,0.3002,2005,B_2001_2010,1
3699,193,19.44,0.2433,21530,782,0.2257,2005,B_2001_2010,1
1837,87,21.02,0.4355,10951,613,0.3495,2005,B_2001_2010,1
3689,155,23.87,0.3253,21707,894,0.254,2005,B_2001_2010,1
1909,109,17.65,0.5238,11152,629,0.3483,2005,B_2001_2010,1
2275,161,14.36,0.5714,13270,767,0.3543,2005,B_2001_2010,1
2980,148,20.13,0.3691,17296,1004,0.3581,2005,B_2001_2010,1
6654,377,17.63,0.1954,39270,1522,0.2408,2005,B_2001_2010,1
3819,160,23.88,0.2357,22310,1103,0.3001,2005,B_2001_2010,1
5102,219,23.3,0.3332,29978,1089,0.2256,2005,B_2001_2010,0
4953,231,21.53,0.323,29243,1378,0.2974,2005,B_2001_2010,0
7643,305,25.04,0.2486,45601,1765,0.2462,2005,B_2001_2010,0
3554,177,20.19,0.3376,21205,1003,0.3005,2005,B_2001_2010,1
3684,156,23.53,0.2714,22489,921,0.2652,2005,B_2001_2010,0
7319,274,26.77,0.2049,43537,1518,0.2208,2005,B_2001_2010,1
4796,234,20.42,0.2919,28831,1116,0.2452,2005,B_2001_2010,1
8920,369,24.14,0.1233,52267,1699,0.202,2005,B_2001_2010,1
3497,135,25.87,0.3717,20906,914,0.2748,2005,B_2001_2010,0
7483,306,24.5,0.1336,43808,1280,0.1812,2005,B_2001_2010,1
5783,239,24.07,0.1383,33705,1186,0.2153,2005,B_2001_2010,0
6660,282,23.57,0.2553,38561,1554,0.2465,2005,B_2001_2010,1
8272,360,22.99,0.1451,49294,1681,0.2222,2005,B_2001_2010,0
6661,291,22.94,0.2552,40057,1600,0.257,2005,B_2001_2010,0
1753,80,21.85,0.5705,10252,639,0.3833,2005,B_2001_2010,1
856,43,19.81,1.285,4868,394,0.4988,2005,B_2001_2010,0
3551,134,26.49,0.2253,20350,968,0.2872,2005,B_2001_2010,1
1441,72,19.68,0.5552,8356,522,0.3782,2005,B_2001_2010,1
1230,53,23.28,0.6504,7083,467,0.3951,2005,B_2001_2010,1
3027,143,21.15,0.1982,17632,1005,0.3469,2005,B_2001_2010,1
2366,75,31.6,0.5072,13647,661,0.2963,2005,B_2001_2010,1
2133,100,21.36,0.2813,12805,589,0.2954,2005,B_2001_2010,0
2218,143,15.5,0.4509,13452,782,0.3724,2005,B_2001_2010,1
3150,126,25.04,0.4444,18675,878,0.2892,2005,B_2001_2010,1
9643,544,17.75,0.1452,57106,1850,0.2013,2005,B_2001_2010,1
3310,129,25.55,0.3323,18980,1013,0.3248,2005,B_2001_2010,1
5913,251,23.53,0.186,33510,1186,0.2109,2005,B_2001_2010,0
3040,156,19.56,0.2961,17636,826,0.2865,2005,B_2001_2010,1
2540,95,26.91,0.3937,14237,777,0.3232,2005,B_2001_2010,0
4660,241,19.44,0.3004,27156,954,0.2193,2005,B_2001_2010,1
4479,187,23.96,0.2456,27076,1275,0.301,2005,B_2001_2010,0
4398,193,22.86,0.2501,25623,1085,0.259,2005,B_2001_2010,1
1311,57,23.04,0.7628,7710,457,0.3699,2005,B_2001_2010,0
4930,239,20.72,0.2637,28079,1289,0.2799,2005,B_2001_2010,1
2244,107,20.93,0.4456,13432,744,0.3507,2005,B_2001_2010,1
8322,373,22.3,0.1562,50120,1683,0.2147,2005,B_2001_2010,1
3186,185,17.41,0.3139,19380,883,0.29,2005,B_2001_2010,1
5093,238,21.39,0.2553,29536,1201,0.2492,2005,B_2001_2010,1
7839,301,25.96,0.1148,46085,1759,0.237,2005,B_2001_2010,1
3145,102,30.81,0.3498,18202,798,0.2709,2005,B_2001_2010,1
3211,139,23.08,0.3737,19462,831,0.2734,2005,B_2001_2010,0
8508,303,28.07,0.2468,50268,1554,0.1918,2005,B_2001_2010,0
4781,211,22.69,0.1882,28150,958,0.2094,2005,B_2001_2010,1
3269,165,19.91,0.5506,19305,954,0.3102,2005,B_2001_2010,2
3063,169,18.29,0.2938,17529,759,0.2586,2005,B_2001_2010,0
14540,675,21.53,0.1376,86910,2974,0.2171,2005,B_2001_2010,1
3122,159,19.65,0.2883,18108,1010,0.343,2005,B_2001_2010,1
991,46,21.35,0.8073,5894,453,0.4783,2005,B_2001_2010,0
5996,290,20.81,0.2168,34939,1412,0.2515,2005,B_2001_2010,1
7805,306,25.57,0.1666,45663,1632,0.2202,2005,B_2001_2010,1
7092,287,24.7,0.2538,41031,1576,0.2315,2005,B_2001_2010,0
10590,468,22.71,0.17,63784,2018,0.2043,2005,B_2001_2010,1
5343,270,19.82,0.2246,31768,1088,0.2164,2005,B_2001_2010,1
5721,292,19.47,0.2447,33817,1293,0.2393,2005,B_2001_2010,0
3868,170,22.82,0.2585,22147,974,0.2665,2005,B_2001_2010,0
3340,191,17.4,0.3293,19957,939,0.2976,2005,B_2001_2010,1
5632,306,18.45,0.2841,33811,1394,0.2628,2005,B_2001_2010,1
1871,107,17.31,0.5879,11333,604,0.3453,2005,B_2001_2010,0
3093,131,23.51,0.291,18113,839,0.2852,2005,B_2001_2010,1
3640,140,26.06,0.2198,20780,864,0.2492,2005,B_2001_2010,0
4780,221,21.62,0.2092,28452,1099,0.2423,2005,B_2001_2010,1
2347,116,20.24,0.3835,13346,801,0.3609,2005,B_2001_2010,0
6145,260,23.81,0.1953,35993,1299,0.2249,2005,B_2001_2010,2
2314,148,15.63,0.2593,13978,621,0.2839,2005,B_2001_2010,2
1347,52,25.96,0.8909,7760,482,0.3749,2005,B_2001_2010,1
1483,78,19.1,0.6743,8306,524,0.3749,2005,B_2001_2010,1
4549,220,20.73,0.2198,26914,1048,0.2427,2005,B_2001_2010,1
9564,413,23.06,0.2405,57121,1971,0.218,2005,B_2001_2010,1
2304,115,20.1,0.3906,13764,731,0.3429,2005,B_2001_2010,1
4733,212,22.15,0.2958,28069,1350,0.3038,2005,B_2001_2010,0
2634,167,15.81,0.3797,15287,864,0.3455,2005,B_2001_2010,1
3748,140,26.84,0.2668,22506,1055,0.2972,2005,B_2001_2010,1
4607,255,17.92,0.2388,27082,1085,0.2524,2005,B_2001_2010,1
9782,409,23.96,0.1227,59574,1652,0.1778,2005,B_2001_2010,1
31832,1395,22.85,0.066,192979,5417,0.1816,2005,B_2001_2010,0
2377,107,22.14,0.3366,14004,787,0.3492,2005,B_2001_2010,1
4261,236,18.14,0.3286,25054,1305,0.3215,2005,B_2001_2010,1
7666,324,23.54,0.1826,44809,1772,0.2443,2005,B_2001_2010,1
15232,780,19.61,0.1247,91724,2877,0.2045,2005,B_2001_2010,0
3119,123,25.48,0.3206,18685,887,0.3014,2005,B_2001_2010,1
4275,213,20.22,0.2807,24603,1045,0.2575,2005,B_2001_2010,1
3133,162,19.3,0.2553,18005,1031,0.345,2005,B_2001_2010,0
20229,732,27.66,0.0791,116459,2483,0.1314,2005,B_2001_2010,2
2873,130,22.09,0.3829,17473,1038,0.378,2005,B_2001_2010,1
1316,70,18.56,0.9878,7550,505,0.4035,2005,B_2001_2010,1
3221,155,20.9,0.3415,18964,1015,0.3282,2005,B_2001_2010,1
1285,72,17.57,1.0117,7420,490,0.4016,2005,B_2001_2010,1
3501,153,22.84,0.1999,20837,1119,0.3345,2005,B_2001_2010,1
4091,206,19.85,0.3422,24773,1162,0.3024,2005,B_2001_2010,1
1628,78,20.82,0.7371,9772,624,0.406,2005,B_2001_2010,1
3282,146,22.45,0.3352,19355,920,0.2974,2005,B_2001_2010,1
5319,210,25.35,0.282,31489,1219,0.2384,2005,B_2001_2010,1
4515,250,18.13,0.2658,26314,1030,0.2401,2005,B_2001_2010,2
2098,97,21.7,0.286,12172,713,0.3622,2005,B_2001_2010,1
8329,371,22.56,0.096,50365,2407,0.3041,2005,B_2001_2010,1
1817,82,22.12,0.6054,10584,701,0.404,2005,B_2001_2010,1
4285,174,24.67,0.2334,24789,1037,0.2546,2005,B_2001_2010,1
2478,126,19.73,0.4843,14463,805,0.3422,2005,B_2001_2010,1
3280,201,16.42,0.3354,18586,953,0.3043,2005,B_2001_2010,1
4612,202,22.8,0.2168,27244,1370,0.3094,2005,B_2001_2010,1
1085,61,17.92,0.6452,6265,433,0.4212,2005,B_2001_2010,0
2862,176,16.2,0.3145,16758,896,0.3291,2005,B_2001_2010,0
3275,159,20.54,0.3053,18642,866,0.2843,2005,B_2001_2010,0
1466,71,20.68,0.5457,8408,453,0.3274,2005,B_2001_2010,1
4308,144,29.95,0.2089,24997,947,0.2342,2005,B_2001_2010,1
810,45,17.67,1.2346,4853,349,0.4531,2005,B_2001_2010,0
1813,118,15.58,0.5516,10844,618,0.3558,2005,B_2001_2010,1
3604,156,23.15,0.2775,20621,910,0.2647,2005,B_2001_2010,0
5921,296,19.99,0.2196,34352,1423,0.2523,2005,B_2001_2010,1
9358,434,21.68,0.171,55289,2024,0.2279,2005,B_2001_2010,1
5941,235,25.19,0.1683,36882,1293,0.2314,2005,B_2001_2010,1
1735,82,21.07,0.5187,10396,539,0.328,2005,B_2001_2010,0
3069,144,21.33,0.2607,17983,1022,0.3509,2005,B_2001_2010,1
3152,148,21.43,0.2221,18404,1048,0.3506,2005,B_2001_2010,1
2714,143,18.91,0.2948,15912,858,0.3346,2005,B_2001_2010,1
9722,378,25.73,0.1749,59267,1718,0.1887,2005,B_2001_2010,1
6615,315,21.05,0.1512,38568,1389,0.2215,2005,B_2001_2010,1
902,49,18.57,1.2195,5436,398,0.4645,2005,B_2001_2010,1
1854,100,18.42,0.6472,10788,624,0.3614,2005,B_2001_2010,1
2246,85,26.44,0.2671,13258,653,0.305,2005,B_2001_2010,1
3827,206,18.49,0.3397,22584,1022,0.2838,2005,B_2001_2010,0
6691,342,19.49,0.1793,39461,1620,0.2541,2005,B_2001_2010,2
4421,247,17.7,0.4071,26096,1269,0.3015,2005,B_2001_2010,1
6246,214,29.19,0.3362,36317,1054,0.1814,2005,B_2001_2010,0
4983,291,17.13,0.2208,28904,1315,0.2771,2005,B_2001_2010,0
4283,190,22.59,0.2335,24395,1136,0.2755,2005,B_2001_2010,1
3449,168,20.42,0.3479,21369,1022,0.3126,2005,B_2001_2010,0
2509,116,21.63,0.4384,15347,873,0.3603,2006,B_2001_2010,0
19470,831,23.51,0.1181,117955,2930,0.1614,2006,B_2001_2010,2
7633,326,23.52,0.1834,45789,1562,0.2185,2006,B_2001_2010,0
22223,1134,19.66,0.099,129982,4066,0.1938,2006,B_2001_2010,2
3055,161,18.78,0.2619,18662,1003,0.3483,2006,B_2001_2010,2
2522,115,21.97,0.3569,14418,766,0.3184,2006,B_2001_2010,1
13794,579,23.72,0.1305,82905,2522,0.1933,2006,B_2001_2010,2
2239,111,20.32,0.536,14158,716,0.3408,2006,B_2001_2010,1
6143,302,20.42,0.2767,36566,1246,0.2131,2006,B_2001_2010,0
5012,236,21.4,0.2394,29381,997,0.2115,2006,B_2001_2010,1
3136,128,24.66,0.287,18065,789,0.2621,2006,B_2001_2010,1
2298,125,18.42,0.3481,13686,782,0.3586,2006,B_2001_2010,1
4401,219,20.02,0.2272,24846,969,0.2324,2006,B_2001_2010,1
3130,121,25.89,0.2875,18596,759,0.2556,2006,B_2001_2010,0
1523,72,21.24,0.5253,9028,574,0.3966,2006,B_2001_2010,1
3718,175,21.2,0.269,21096,1039,0.291,2006,B_2001_2010,1
6013,316,19.07,0.1663,36796,1206,0.2172,2006,B_2001_2010,1
43182,1932,22.24,0.0533,259420,5696,0.144,2006,B_2001_2010,1
2333,117,19.61,0.4286,14189,700,0.3168,2006,B_2001_2010,1
1441,76,19.08,0.5552,8474,479,0.3539,2006,B_2001_2010,0
5025,252,19.85,0.199,29072,1255,0.2627,2006,B_2001_2010,1
4202,160,26.24,0.357,24846,1098,0.2765,2006,B_2001_2010,1
5455,270,20.06,0.3116,34899,1307,0.2528,2006,B_2001_2010,1
3051,183,16.48,0.3933,17988,1037,0.3576,2006,B_2001_2010,1
3500,159,22.07,0.4,20038,996,0.2991,2006,B_2001_2010,1
1310,72,18.24,0.916,8146,480,0.3847,2006,B_2001_2010,0
1812,87,21.02,0.4415,10776,582,0.3405,2006,B_2001_2010,1
2832,138,20.41,0.3531,16238,837,0.3146,2006,B_2001_2010,1
2091,99,21.33,0.4304,13180,643,0.3348,2006,B_2001_2010,0
12739,619,20.57,0.1256,80055,2848,0.239,2006,B_2001_2010,2
3056,149,20.68,0.4908,17739,821,0.287,2006,B_2001_2010,1
2175,109,19.96,0.4138,13255,599,0.2901,2006,B_2001_2010,2
3160,152,20.99,0.3165,18436,883,0.2924,2006,B_2001_2010,1
2702,132,20.53,0.4441,15770,915,0.3608,2006,B_2001_2010,0
3725,195,19.08,0.349,22399,1029,0.2902,2006,B_2001_2010,1
3376,152,22.26,0.3258,20799,895,0.2841,2006,B_2001_2010,1
4483,273,16.5,0.2231,26001,1155,0.2704,2006,B_2001_2010,0
4679,206,22.69,0.2137,28215,1277,0.2917,2006,B_2001_2010,0
2635,134,19.93,0.3795,16060,727,0.2899,2006,B_2001_2010,0
5332,237,22.55,0.2626,32145,1226,0.2402,2006,B_2001_2010,1
4345,233,18.92,0.1841,24859,1004,0.241,2006,B_2001_2010,1
3009,161,18.7,0.4985,18219,882,0.3127,2006,B_2001_2010,1
3821,132,28.91,0.3141,21881,821,0.2272,2006,B_2001_2010,1
8462,350,24.24,0.1418,48630,1640,0.203,2006,B_2001_2010,1
6401,247,25.92,0.2031,37062,1453,0.2389,2006,B_2001_2010,1
3406,152,22.6,0.3817,19010,914,0.2819,2006,B_2001_2010,1
5590,208,26.95,0.2504,34278,1198,0.2318,2006,B_2001_2010,1
2238,103,21.4,0.4021,13134,773,0.3637,2006,B_2001_2010,1
3283,165,19.99,0.3046,19093,976,0.3137,2006,B_2001_2010,1
2962,175,16.94,0.4051,17132,852,0.3005,2006,B_2001_2010,1
4776,168,28.42,0.2094,27930,1196,0.2649,2006,B_2001_2010,0
3307,143,23.1,0.2721,18742,892,0.2845,2006,B_2001_2010,1
7828,327,24.1,0.1661,46448,1651,0.2278,2006,B_2001_2010,1
15083,599,25.24,0.0994,89642,2780,0.1972,2006,B_2001_2010,1
6469,279,23.29,0.2319,38241,1209,0.1997,2006,B_2001_2010,0
7973,357,22.3,0.1756,47669,1774,0.2327,2006,B_2001_2010,1
9718,439,22.1,0.1852,57953,1901,0.2093,2006,B_2001_2010,1
7057,375,18.88,0.2267,42906,1638,0.2487,2006,B_2001_2010,1
2677,136,19.72,0.2615,15694,829,0.3231,2006,B_2001_2010,2
14020,703,20.03,0.1284,82158,2647,0.2011,2006,B_2001_2010,1
2487,115,21.55,0.2815,14842,845,0.3599,2006,B_2001_2010,0
3479,181,19.26,0.23,21011,928,0.2851,2006,B_2001_2010,1
5943,297,20.1,0.1683,34157,1478,0.2591,2006,B_2001_2010,1
3393,183,18.51,0.3537,19751,1080,0.3369,2006,B_2001_2010,0
8334,378,21.9,0.204,52546,2147,0.2747,2006,B_2001_2010,1
1901,97,19.59,0.4734,11174,710,0.3919,2006,B_2001_2010,1
7146,308,23.19,0.2099,41437,1563,0.2337,2006,B_2001_2010,1
2704,139,19.42,0.3698,15953,802,0.3118,2006,B_2001_2010,0
63328,2303,27.54,0.0411,380711,6988,0.1185,2006,B_2001_2010,0
3300,202,16.33,0.3636,19143,930,0.2982,2006,B_2001_2010,0
3161,132,23.94,0.3796,18910,1099,0.3625,2006,B_2001_2010,0
4201,204,20.59,0.3333,25672,1209,0.304,2006,B_2001_2010,0
7542,393,19.2,0.1724,44444,1671,0.2372,2006,B_2001_2010,1
4242,163,26.08,0.2357,25089,966,0.2372,2006,B_2001_2010,1
4212,215,19.66,0.2374,25050,934,0.2358,2006,B_2001_2010,1
3629,146,24.9,0.4133,22179,910,0.2612,2006,B_2001_2010,1
1572,81,19.44,0.4453,9223,472,0.3219,2006,B_2001_2010,1
3038,140,21.82,0.2962,17734,938,0.3265,2006,B_2001_2010,1
1977,91,21.79,0.607,11375,694,0.3708,2006,B_2001_2010,0
5115,250,20.4,0.2933,30592,1379,0.2848,2006,B_2001_2010,1
1738,74,23.46,0.6329,10489,585,0.3527,2006,B_2001_2010,1
3492,159,22.08,0.2577,20682,767,0.2354,2006,B_2001_2010,1
2472,118,21.07,0.4854,14387,713,0.3058,2006,B_2001_2010,1
1841,104,17.92,0.3802,10990,662,0.3764,2006,B_2001_2010,1
11588,417,27.71,0.1553,66700,1983,0.1827,2006,B_2001_2010,1
22282,1065,20.94,0.0763,131388,3407,0.1687,2006,B_2001_2010,2
3346,185,18.16,0.2989,20360,1050,0.3317,2006,B_2001_2010,0
3070,122,25.22,0.3257,17721,900,0.3091,2006,B_2001_2010,1
4464,226,19.82,0.2688,26776,1260,0.3002,2006,B_2001_2010,1
4269,234,18.26,0.2811,25197,929,0.231,2006,B_2001_2010,1
5990,262,22.8,0.1336,35209,1216,0.2122,2006,B_2001_2010,0
9098,480,19.08,0.2418,56954,1838,0.2153,2006,B_2001_2010,1
9553,546,17.54,0.1361,56136,2173,0.2429,2006,B_2001_2010,1
5300,258,20.59,0.2264,30123,1238,0.2491,2006,B_2001_2010,1
6159,338,18.43,0.1624,37100,1444,0.25,2006,B_2001_2010,1
2283,108,20.95,0.4818,13607,827,0.3784,2006,B_2001_2010,1
6485,272,23.61,0.3084,37662,1530,0.2492,2006,B_2001_2010,1
4662,225,20.69,0.2145,28039,1154,0.2628,2006,B_2001_2010,1
5013,257,19.48,0.3192,29254,1394,0.2918,2006,B_2001_2010,1
4919,241,20.48,0.2033,28822,1251,0.2673,2006,B_2001_2010,1
2898,132,21.92,0.4486,17155,898,0.3285,2006,B_2001_2010,1
2481,105,23.79,0.3225,14958,688,0.2975,2006,B_2001_2010,1
3790,157,24.22,0.2111,21871,913,0.2533,2006,B_2001_2010,0
4345,231,18.86,0.2762,26733,1226,0.2978,2006,B_2001_2010,1
9033,346,26.16,0.0996,52262,1947,0.2274,2006,B_2001_2010,1
7524,316,23.75,0.1728,44220,1661,0.2317,2006,B_2001_2010,1
4405,201,21.95,0.227,25623,1075,0.2593,2006,B_2001_2010,0
8316,437,19.06,0.1203,48768,1877,0.24,2006,B_2001_2010,1
1507,87,17.23,0.6636,8928,566,0.3922,2006,B_2001_2010,1
3078,153,20.18,0.3249,18226,818,0.2833,2006,B_2001_2010,1
3400,171,19.84,0.3235,20349,978,0.3056,2006,B_2001_2010,2
6378,308,20.55,0.2509,38697,1636,0.2694,2006,B_2001_2010,1
6748,348,19.39,0.2075,39831,1584,0.2493,2006,B_2001_2010,1
3211,178,18.0,0.2803,19389,1004,0.3314,2006,B_2001_2010,1
3068,127,24.19,0.2608,17474,891,0.3044,2006,B_2001_2010,0
2361,105,22.5,0.3812,13927,730,0.3287,2006,B_2001_2010,1
1781,97,18.43,0.4492,10262,741,0.4351,2006,B_2001_2010,1
5813,372,15.53,0.1892,34532,1564,0.2845,2006,B_2001_2010,0
1668,100,16.57,0.3597,9970,532,0.3327,2006,B_2001_2010,0
1930,107,18.03,0.5181,11486,696,0.3788,2006,B_2001_2010,1
2466,138,17.78,0.3244,14337,751,0.3204,2006,B_2001_2010,1
3051,137,22.36,0.3605,17653,1013,0.3478,2006,B_2001_2010,0
985,54,18.37,0.6091,6117,383,0.4162,2006,B_2001_2010,1
9383,425,22.17,0.1279,54868,1895,0.216,2006,B_2001_2010,1
10331,525,19.89,0.1355,62796,1942,0.1977,2006,B_2001_2010,0
7795,400,19.54,0.1411,47031,1542,0.2108,2006,B_2001_2010,1
7152,284,25.24,0.2097,42348,1533,0.2261,2006,B_2001_2010,1
1422,90,15.87,0.5626,8191,505,0.3762,2006,B_2001_2010,1
6027,294,20.49,0.1493,34963,1580,0.2713,2006,B_2001_2010,0
2907,162,17.84,0.4816,17286,961,0.3553,2006,B_2001_2010,1
3514,191,18.42,0.3415,21727,1046,0.3162,2006,B_2001_2010,1
8044,398,20.19,0.1492,46662,1658,0.2159,2006,B_2001_2010,0
2354,117,19.86,0.3823,13633,753,0.3331,2006,B_2001_2010,1
5162,231,22.38,0.2131,30887,1121,0.2305,2006,B_2001_2010,1
1554,81,19.17,0.5792,9245,524,0.3514,2006,B_2001_2010,1
7528,347,21.48,0.1461,42987,1499,0.2079,2006,B_2001_2010,2
7713,331,23.16,0.1685,43813,1586,0.2157,2006,B_2001_2010,2
5852,306,19.2,0.2392,35118,1428,0.2594,2006,B_2001_2010,1
3812,196,19.48,0.3935,22840,939,0.2558,2006,B_2001_2010,1
5760,299,19.33,0.2257,33563,1216,0.2264,2006,B_2001_2010,1
7493,359,20.85,0.1601,44385,1764,0.2512,2006,B_2001_2010,1
3841,141,27.28,0.4166,22370,1142,0.3114,2006,B_2001_2010,0
3228,148,21.83,0.5576,19300,1039,0.3398,2006,B_2001_2010,1
18572,770,24.16,0.0754,109427,3122,0.1798,2006,B_2001_2010,1
90932,3772,24.05,0.0319,542089,8910,0.1047,2006,B_2001_2010,0
9441,428,21.91,0.1271,54092,1682,0.1879,2006,B_2001_2010,1
4558,228,19.99,0.2413,26462,1248,0.2865,2006,B_2001_2010,0
4519,289,15.62,0.2213,25798,1225,0.2863,2006,B_2001_2010,1
1760,83,21.4,0.625,10422,638,0.3778,2006,B_2001_2010,1
7285,278,26.27,0.2059,44201,1638,0.2371,2006,B_2001_2010,0
3357,152,22.22,0.2681,19940,944,0.2973,2006,B_2001_2010,1
7053,270,26.21,0.1985,41869,1436,0.2171,2006,B_2001_2010,1
2965,135,21.94,0.371,17381,889,0.3167,2006,B_2001_2010,1
3740,184,20.41,0.3209,22317,1019,0.2888,2006,B_2001_2010,1
4067,246,16.54,0.2705,23362,1125,0.2909,2006,B_2001_2010,1
5378,205,26.06,0.2603,30752,1073,0.2127,2006,B_2001_2010,0
3867,244,15.81,0.3103,22385,1201,0.3245,2006,B_2001_2010,0
7272,367,19.87,0.2475,43430,1667,0.2424,2006,B_2001_2010,1
1767,86,20.45,0.3962,10372,524,0.3107,2006,B_2001_2010,1
2152,118,18.34,0.4182,12396,673,0.3262,2006,B_2001_2010,1
14408,639,22.61,0.0972,84485,2130,0.157,2006,B_2001_2010,1
3346,163,20.6,0.3885,21223,1024,0.327,2006,B_2001_2010,1
9168,366,25.04,0.1636,52758,1667,0.191,2006,B_2001_2010,0
1519,53,28.47,0.5267,8677,532,0.3693,2006,B_2001_2010,0
5061,194,26.08,0.2173,30837,1114,0.2357,2006,B_2001_2010,0
1663,97,17.23,0.8419,9968,586,0.3704,2006,B_2001_2010,0
2349,118,19.89,0.4683,14305,877,0.3938,2006,B_2001_2010,1
4192,210,19.93,0.1908,24294,1173,0.2937,2006,B_2001_2010,0
3484,184,18.96,0.287,20039,1052,0.3189,2006,B_2001_2010,2
3763,165,22.79,0.2392,21469,1002,0.2796,2006,B_2001_2010,2
2508,133,18.92,0.4785,14682,795,0.3373,2006,B_2001_2010,1
6035,238,25.34,0.1988,35866,1162,0.2056,2006,B_2001_2010,1
21283,1049,20.23,0.0752,122051,3029,0.1512,2006,B_2001_2010,1
1689,82,20.63,0.5329,9915,541,0.3387,2006,B_2001_2010,1
1504,72,20.88,0.8644,8681,562,0.3936,2006,B_2001_2010,1
4614,203,22.74,0.2167,27789,1258,0.2874,2006,B_2001_2010,1
3474,181,19.08,0.2591,21253,1031,0.3204,2006,B_2001_2010,1
6091,262,23.27,0.197,36753,1554,0.2704,2006,B_2001_2010,1
2238,109,20.52,0.4915,13059,782,0.3677,2006,B_2001_2010,1
2719,138,19.85,0.6252,16810,833,0.3248,2006,B_2001_2010,1
4459,155,28.79,0.2467,26003,964,0.2319,2006,B_2001_2010,1
2479,103,24.11,0.5244,14297,776,0.3316,2006,B_2001_2010,1
2515,114,22.15,0.3976,14360,843,0.3519,2006,B_2001_2010,1
2996,144,20.69,0.4005,17810,822,0.286,2006,B_2001_2010,1
2908,135,21.52,0.447,17389,758,0.2761,2006,B_2001_2010,1
12520,556,22.55,0.1438,76680,2481,0.2106,2006,B_2001_2010,0
2920,145,20.08,0.4795,17408,747,0.2705,2006,B_2001_2010,1
4412,207,21.26,0.2493,26101,1234,0.2981,2006,B_2001_2010,1
3520,174,20.25,0.3125,21184,903,0.2744,2006,B_2001_2010,1
2069,111,18.65,0.435,12267,749,0.3881,2006,B_2001_2010,1
2113,117,18.16,0.5206,12780,724,0.363,2006,B_2001_2010,0
2661,127,20.95,0.3758,16081,949,0.3743,2006,B_2001_2010,1
4458,187,23.87,0.2692,26993,1280,0.3051,2006,B_2001_2010,2
16821,631,26.73,0.1189,105237,2730,0.1756,2006,B_2001_2010,0
1876,89,20.87,0.4264,10929,668,0.3721,2006,B_2001_2010,1
3037,165,18.29,0.3622,17974,938,0.3247,2006,B_2001_2010,1
6074,312,19.59,0.1811,34582,1149,0.2018,2006,B_2001_2010,1
3619,141,25.65,0.2211,21807,946,0.2752,2006,B_2001_2010,1
1705,97,17.56,0.5865,10120,633,0.3935,2006,B_2001_2010,1
2619,168,15.43,0.3818,15355,818,0.328,2006,B_2001_2010,1
564,33,17.06,1.9504,3398,227,0.4309,2006,B_2001_2010,1
1397,57,24.58,0.7158,8151,494,0.3686,2006,B_2001_2010,1
4409,179,24.73,0.2722,26606,1084,0.2604,2006,B_2001_2010,1
3247,142,22.78,0.4312,18746,848,0.2735,2006,B_2001_2010,0
1961,122,16.17,0.408,11334,619,0.332,2006,B_2001_2010,0
6340,273,23.38,0.2524,39008,1427,0.2383,2006,B_2001_2010,0
2307,117,19.92,0.4335,14727,590,0.2765,2006,B_2001_2010,0
2701,148,18.22,0.4073,15600,931,0.3628,2006,B_2001_2010,1
3961,190,20.97,0.2777,24399,1071,0.2918,2006,B_2001_2010,1
6306,287,22.01,0.222,38154,1532,0.2583,2006,B_2001_2010,1
2307,126,18.31,0.4768,13409,671,0.3069,2006,B_2001_2010,1
3551,202,17.6,0.2253,20480,1171,0.3453,2006,B_2001_2010,0
8395,352,23.92,0.1191,48787,1731,0.2157,2006,B_2001_2010,2
1137,88,12.89,0.7036,7080,407,0.3808,2006,B_2001_2010,0
2340,123,18.89,0.4701,13981,841,0.3795,2006,B_2001_2010,1
1831,98,18.85,0.71,10868,633,0.3659,2006,B_2001_2010,1
1750,79,22.33,0.3429,8353,480,0.2874,2006,B_2001_2010,0
2736,153,17.73,0.3655,16331,819,0.3162,2006,B_2001_2010,1
6620,320,20.54,0.1964,38359,1598,0.2506,2006,B_2001_2010,0
3110,150,20.84,0.3859,18271,889,0.3,2006,B_2001_2010,1
2046,99,20.7,0.5865,12437,689,0.3587,2006,B_2001_2010,1
6541,306,21.32,0.214,40266,1405,0.2284,2006,B_2001_2010,1
1744,86,20.4,0.5734,10579,604,0.3675,2006,B_2001_2010,1
1829,84,21.77,0.6014,11371,643,0.3718,2006,B_2001_2010,1
2153,95,22.66,0.3251,12562,712,0.347,2006,B_2001_2010,1
1333,68,19.65,0.5251,7728,496,0.3946,2006,B_2001_2010,1
3178,158,20.2,0.2832,18363,877,0.293,2006,B_2001_2010,1
4040,186,21.63,0.297,24870,1178,0.3092,2006,B_2001_2010,1
4088,165,24.74,0.2691,24221,1134,0.2911,2006,B_2001_2010,1
1772,98,18.09,0.5079,10757,597,0.3555,2006,B_2001_2010,1
1792,66,27.17,0.4464,10644,464,0.279,2006,B_2001_2010,1
5574,235,23.79,0.1794,32965,1319,0.2481,2006,B_2001_2010,1
3380,141,23.91,0.2071,19665,894,0.2784,2006,B_2001_2010,1
2226,101,22.06,0.4492,13399,754,0.3576,2006,B_2001_2010,1
5061,267,19.0,0.2569,30147,1184,0.2507,2006,B_2001_2010,1
2182,108,20.31,0.3208,12755,777,0.3763,2006,B_2001_2010,1
3124,149,20.96,0.3521,18674,852,0.2887,2006,B_2001_2010,2
3213,143,22.55,0.2801,19109,910,0.2972,2006,B_2001_2010,2
5102,209,24.4,0.2352,29552,1203,0.2452,2006,B_2001_2010,1
20270,912,22.27,0.0937,120493,3263,0.1715,2006,B_2001_2010,1
2579,145,16.76,0.3877,15280,956,0.3947,2006,B_2001_2010,1
8045,241,33.42,0.174,45843,1420,0.1867,2006,B_2001_2010,1
3344,152,22.04,0.3589,19293,880,0.2775,2006,B_2001_2010,0
4275,232,18.44,0.2339,24468,1234,0.3027,2006,B_2001_2010,1
8744,390,22.42,0.1487,52733,2093,0.2525,2006,B_2001_2010,1
8433,408,20.81,0.1779,50683,1770,0.2219,2006,B_2001_2010,2
2688,185,14.59,0.2976,15663,855,0.3318,2006,B_2001_2010,1
6812,366,18.73,0.1762,40922,1827,0.2851,2006,B_2001_2010,1
4377,183,23.97,0.2285,24845,1012,0.2435,2006,B_2001_2010,0
1951,112,17.21,0.41,11434,662,0.3552,2007,B_2001_2010,1
4755,195,24.36,0.1893,27966,1009,0.2273,2007,B_2001_2010,0
3741,172,21.74,0.3475,22458,876,0.2478,2007,B_2001_2010,1
6192,264,23.39,0.1776,36420,1368,0.2335,2007,B_2001_2010,0
3340,220,15.1,0.3593,19078,1013,0.3204,2007,B_2001_2010,1
3688,202,18.25,0.3525,21424,973,0.2828,2007,B_2001_2010,0
2693,137,19.55,0.3342,15746,964,0.3762,2007,B_2001_2010,1
4527,172,26.31,0.3313,27215,1141,0.2653,2007,B_2001_2010,0
11408,540,21.16,0.1665,67902,2165,0.2015,2007,B_2001_2010,1
2986,170,17.39,0.4019,17910,968,0.3523,2007,B_2001_2010,1
11043,542,20.32,0.1087,66966,1928,0.1855,2007,B_2001_2010,0
1111,52,21.35,0.6301,6357,428,0.4131,2007,B_2001_2010,2
11177,357,31.41,0.1789,68475,2026,0.1911,2007,B_2001_2010,1
1806,111,16.28,0.3322,10509,670,0.3893,2007,B_2001_2010,0
1852,81,22.63,0.432,11046,559,0.3159,2007,B_2001_2010,0
1989,94,21.31,0.553,11291,536,0.2861,2007,B_2001_2010,1
3679,211,17.49,0.2718,21887,1050,0.2995,2007,B_2001_2010,0
6540,311,20.93,0.2294,39613,2076,0.3401,2007,B_2001_2010,0
3302,164,20.11,0.3937,19340,932,0.2959,2007,B_2001_2010,1
1440,66,21.97,0.7639,8463,503,0.3688,2007,B_2001_2010,1
3738,159,23.55,0.4013,21456,1041,0.2929,2007,B_2001_2010,0
3779,177,21.33,0.2646,22340,929,0.2577,2007,B_2001_2010,0
1712,93,18.61,0.7009,10058,583,0.3633,2007,B_2001_2010,1
3340,153,21.65,0.2695,19002,1049,0.3302,2007,B_2001_2010,1
4533,163,27.79,0.2206,27553,992,0.2308,2007,B_2001_2010,1
3771,193,19.42,0.1856,21948,1065,0.2959,2007,B_2001_2010,2
7742,364,21.24,0.2325,45655,1640,0.2258,2007,B_2001_2010,0
1768,116,15.31,0.6222,10523,590,0.3535,2007,B_2001_2010,2
2227,124,18.01,0.4041,13642,768,0.3696,2007,B_2001_2010,1
6109,328,18.58,0.1473,35561,1386,0.24,2007,B_2001_2010,1
1911,87,21.83,0.5756,10809,716,0.3883,2007,B_2001_2010,0
3866,210,18.3,0.3363,22652,1205,0.3314,2007,B_2001_2010,0
4617,276,16.54,0.2382,28770,1102,0.2525,2007,B_2001_2010,0
9475,320,29.39,0.1583,55959,1908,0.2121,2007,B_2001_2010,1
2173,109,19.98,0.4142,13332,585,0.2918,2007,B_2001_2010,1
4106,181,22.66,0.2679,24260,1126,0.291,2007,B_2001_2010,1
7274,392,18.51,0.165,42176,1761,0.2556,2007,B_2001_2010,1
1351,86,15.52,0.5922,7705,534,0.4167,2007,B_2001_2010,1
8877,536,16.71,0.1577,51532,2050,0.2425,2007,B_2001_2010,0
1388,56,24.84,0.5764,8169,536,0.4042,2007,B_2001_2010,1
6370,281,22.54,0.2041,37862,1291,0.2165,2007,B_2001_2010,0
2308,128,17.93,0.5199,13894,703,0.3219,2007,B_2001_2010,1
2051,109,18.71,0.6338,12001,710,0.3613,2007,B_2001_2010,1
5839,261,22.16,0.1541,35571,1086,0.1988,2007,B_2001_2010,0
1715,92,18.64,0.4082,10406,592,0.3714,2007,B_2001_2010,0
2381,106,22.46,0.336,14012,695,0.3133,2007,B_2001_2010,1
7272,317,22.77,0.1238,45443,1769,0.2541,2007,B_2001_2010,1
6080,326,18.8,0.1151,35710,1121,0.1934,2007,B_2001_2010,1
5238,222,23.52,0.1336,31232,1019,0.2079,2007,B_2001_2010,2
1446,89,16.09,0.4149,8336,443,0.3257,2007,B_2001_2010,1
1350,68,20.04,0.4444,8186,492,0.3837,2007,B_2001_2010,0
2288,95,23.93,0.3059,13490,635,0.299,2007,B_2001_2010,1
2699,86,31.4,0.2594,16061,728,0.2912,2007,B_2001_2010,0
4590,163,28.23,0.1525,27771,945,0.2181,2007,B_2001_2010,0
4378,198,22.11,0.2056,26183,1048,0.2529,2007,B_2001_2010,1
3602,204,17.61,0.3887,20795,987,0.2885,2007,B_2001_2010,1
3095,159,19.34,0.2908,18018,954,0.3228,2007,B_2001_2010,1
497,37,12.89,1.8109,2800,233,0.495,2007,B_2001_2010,1
12782,691,18.51,0.133,76221,2405,0.2039,2007,B_2001_2010,1
2831,139,20.28,0.3532,16587,798,0.2971,2007,B_2001_2010,1
8461,352,23.96,0.1655,49696,1754,0.2184,2007,B_2001_2010,1
5633,295,18.99,0.1953,33115,1334,0.2492,2007,B_2001_2010,1
13321,638,20.76,0.1126,79717,2503,0.2014,2007,B_2001_2010,1
9800,511,19.17,0.2143,56358,2107,0.2276,2007,B_2001_2010,1
5325,290,18.29,0.2441,31678,1233,0.2471,2007,B_2001_2010,0
6195,233,26.58,0.1937,37845,1338,0.2321,2007,B_2001_2010,1
5055,272,18.43,0.1978,31486,1579,0.3296,2007,B_2001_2010,1
2805,134,20.9,0.3565,16228,864,0.323,2007,B_2001_2010,1
22843,1046,21.77,0.0832,139968,3901,0.1822,2007,B_2001_2010,2
5543,218,25.31,0.2526,33368,1359,0.2639,2007,B_2001_2010,0
4504,232,19.48,0.1776,26251,1140,0.2682,2007,B_2001_2010,1
3064,148,20.68,0.2611,17981,956,0.3309,2007,B_2001_2010,1
4052,232,17.41,0.2468,23723,1028,0.2692,2007,B_2001_2010,1
4874,226,21.52,0.2257,29940,1403,0.3041,2007,B_2001_2010,0
1584,119,13.05,0.8207,9703,605,0.4009,2007,B_2001_2010,1
1983,109,18.2,0.4539,11652,729,0.3908,2007,B_2001_2010,1
1941,94,20.54,0.5667,11349,674,0.3663,2007,B_2001_2010,1
9034,394,22.82,0.1328,53478,1584,0.1852,2007,B_2001_2010,0
2907,105,27.72,0.2752,16538,808,0.2948,2007,B_2001_2010,0
1328,65,20.46,0.8283,7727,534,0.4217,2007,B_2001_2010,1
1085,54,20.15,0.6452,6656,455,0.4507,2007,B_2001_2010,1
4353,199,21.78,0.2527,25821,1137,0.2761,2007,B_2001_2010,1
4272,203,20.97,0.3745,25760,1380,0.3378,2007,B_2001_2010,1
2281,123,18.39,0.3507,13710,712,0.3437,2007,B_2001_2010,1
1988,97,20.48,0.3521,11301,688,0.3672,2007,B_2001_2010,1
3935,226,17.34,0.3558,24146,1115,0.3019,2007,B_2001_2010,1
2388,148,16.03,0.4188,14458,852,0.3756,2007,B_2001_2010,1
14189,549,25.85,0.1198,86519,2425,0.1842,2007,B_2001_2010,2
1699,93,18.32,0.5886,10170,642,0.4038,2007,B_2001_2010,1
8266,340,24.14,0.1815,48710,1730,0.2202,2007,B_2001_2010,1
9160,402,22.71,0.1747,54529,1978,0.2314,2007,B_2001_2010,0
3211,155,20.78,0.2803,18480,924,0.3015,2007,B_2001_2010,1
2266,102,22.29,0.4413,13112,590,0.2824,2007,B_2001_2010,1
2403,103,23.5,0.4161,14023,634,0.2813,2007,B_2001_2010,1
2169,128,16.77,0.4149,12827,746,0.3647,2007,B_2001_2010,1
3680,160,22.82,0.3533,22317,1079,0.3139,2007,B_2001_2010,1
1427,82,17.33,0.8409,8525,550,0.417,2007,B_2001_2010,1
5797,196,29.53,0.1725,35167,1234,0.2243,2007,B_2001_2010,1
1180,64,18.56,0.8475,6908,348,0.3153,2007,B_2001_2010,1
2058,121,17.05,0.3401,12414,664,0.3455,2007,B_2001_2010,1
2393,111,21.6,0.5433,14133,710,0.3163,2007,B_2001_2010,2
3114,192,16.16,0.289,18395,930,0.3125,2007,B_2001_2010,1
1942,99,19.41,0.5149,11310,633,0.3491,2007,B_2001_2010,1
2697,150,18.23,0.4449,15886,822,0.3189,2007,B_2001_2010,1
1698,84,20.08,0.6478,9587,671,0.4164,2007,B_2001_2010,0
2583,125,20.33,0.3097,15038,845,0.3434,2007,B_2001_2010,1
368,27,13.48,2.1739,2137,188,0.5598,2007,B_2001_2010,1
6974,335,20.82,0.2294,40623,1486,0.2276,2007,B_2001_2010,0
2443,112,21.74,0.3684,14421,763,0.3283,2007,B_2001_2010,1
5870,230,25.45,0.1704,35364,1271,0.2283,2007,B_2001_2010,1
1207,56,21.25,0.7457,7215,507,0.4358,2007,B_2001_2010,1
3778,216,17.08,0.397,22423,1177,0.3274,2007,B_2001_2010,0
3431,147,23.38,0.2623,20306,941,0.2891,2007,B_2001_2010,1
1924,100,19.04,0.4158,11211,676,0.3623,2007,B_2001_2010,0
3330,173,19.17,0.3604,19727,986,0.3144,2007,B_2001_2010,1
956,63,15.05,1.1506,5477,415,0.4603,2007,B_2001_2010,0
1416,88,16.05,0.7768,8266,537,0.4068,2007,B_2001_2010,1
3318,146,22.75,0.2712,20211,866,0.2755,2007,B_2001_2010,1
8368,434,19.23,0.1793,49733,1832,0.2347,2007,B_2001_2010,1
2109,125,16.89,0.2845,12984,731,0.367,2007,B_2001_2010,2
12974,523,24.75,0.1773,79024,2326,0.1949,2007,B_2001_2010,0
10568,378,27.86,0.0757,64543,1710,0.1729,2007,B_2001_2010,2
218,26,8.65,2.7523,1495,121,0.6055,2007,B_2001_2010,1
12130,445,27.25,0.1319,72411,1962,0.1709,2007,B_2001_2010,1
2505,112,22.31,0.479,14434,760,0.315,2007,B_2001_2010,1
1410,82,17.18,0.4965,8363,442,0.3262,2007,B_2001_2010,2
2841,140,20.08,0.352,17258,841,0.3108,2007,B_2001_2010,1
1923,123,15.87,0.468,11708,548,0.3037,2007,B_2001_2010,2
6035,219,27.54,0.2486,34377,1214,0.2126,2007,B_2001_2010,0
5842,234,24.86,0.291,34396,1430,0.2588,2007,B_2001_2010,0
7762,379,20.37,0.1675,46077,1870,0.2539,2007,B_2001_2010,1
3271,135,24.18,0.3669,19136,883,0.2831,2007,B_2001_2010,0
2693,123,21.68,0.3713,15638,951,0.3736,2007,B_2001_2010,1
4727,169,27.89,0.275,28030,989,0.2206,2007,B_2001_2010,0
3088,162,19.14,0.2267,18806,817,0.2782,2007,B_2001_2010,0
2369,123,19.14,0.3799,14102,754,0.3377,2007,B_2001_2010,1
8900,461,19.27,0.1236,52414,1727,0.2061,2007,B_2001_2010,1
7988,389,20.59,0.1377,48469,1523,0.2019,2007,B_2001_2010,0
6080,293,20.72,0.1645,35487,1498,0.2581,2007,B_2001_2010,0
2578,105,24.46,0.3103,14798,891,0.3615,2007,B_2001_2010,1
1964,86,23.0,0.3564,11455,637,0.3416,2007,B_2001_2010,0
3496,179,19.56,0.3432,21129,1070,0.3218,2007,B_2001_2010,1
3910,219,17.69,0.179,23158,1273,0.3463,2007,B_2001_2010,2
3960,136,29.01,0.2525,22601,934,0.2477,2007,B_2001_2010,1
4348,213,20.36,0.184,25514,1065,0.2601,2007,B_2001_2010,0
3218,140,22.88,0.2175,18299,931,0.3036,2007,B_2001_2010,1
8300,332,25.04,0.1205,47843,1865,0.2367,2007,B_2001_2010,1
1828,96,18.94,0.4923,10781,587,0.3392,2007,B_2001_2010,1
4079,153,26.6,0.2452,24688,947,0.2488,2007,B_2001_2010,0
2110,97,21.76,0.6635,12828,842,0.4175,2007,B_2001_2010,1
5946,368,16.01,0.1345,34432,1172,0.2092,2007,B_2001_2010,1
2336,134,17.37,0.4281,13570,799,0.3617,2007,B_2001_2010,1
7157,333,21.37,0.1677,42502,1738,0.2609,2007,B_2001_2010,0
898,67,13.43,0.6682,5125,400,0.4688,2007,B_2001_2010,1
7146,325,21.85,0.1259,41942,1436,0.2138,2007,B_2001_2010,1
1852,79,23.51,0.432,10759,629,0.3591,2007,B_2001_2010,1
1905,69,27.74,0.4724,11507,597,0.3302,2007,B_2001_2010,1
8128,421,19.45,0.1353,47896,1654,0.2199,2007,B_2001_2010,2
2930,181,16.12,0.2389,17706,859,0.3119,2007,B_2001_2010,1
2884,163,17.67,0.3814,16762,923,0.3367,2007,B_2001_2010,2
2995,147,20.17,0.3005,17358,884,0.3095,2007,B_2001_2010,1
1484,63,23.32,0.4717,8307,503,0.3605,2007,B_2001_2010,1
2083,101,20.5,0.3841,11895,731,0.3759,2007,B_2001_2010,1
2159,127,16.8,0.3242,12580,786,0.3868,2007,B_2001_2010,1
1698,92,18.38,0.4122,9804,680,0.4193,2007,B_2001_2010,1
3318,140,23.49,0.3315,19760,1012,0.3186,2007,B_2001_2010,1
3058,143,21.31,0.327,18582,1131,0.3924,2007,B_2001_2010,1
4536,149,30.52,0.3086,26751,1037,0.2403,2007,B_2001_2010,1
7343,322,22.8,0.2315,43644,1434,0.2067,2007,B_2001_2010,1
3497,156,22.33,0.2574,20719,1014,0.3077,2007,B_2001_2010,0
2320,139,16.63,0.5603,13512,793,0.3591,2007,B_2001_2010,1
2812,137,20.56,0.2845,16591,895,0.3321,2007,B_2001_2010,1
2009,111,18.08,0.4978,11853,664,0.3484,2007,B_2001_2010,1
2535,123,20.27,0.4734,15480,847,0.3613,2007,B_2001_2010,1
3546,185,19.08,0.3666,20649,897,0.2645,2007,B_2001_2010,1
2700,137,19.63,0.2963,16647,810,0.3185,2007,B_2001_2010,1
4688,258,18.17,0.2773,27053,1293,0.2858,2007,B_2001_2010,1
2911,125,23.4,0.4122,17795,751,0.2683,2007,B_2001_2010,0
3643,138,26.46,0.3568,21025,811,0.2358,2007,B_2001_2010,1
3921,236,16.44,0.306,22790,1051,0.2849,2007,B_2001_2010,1
1126,61,18.44,0.7993,6542,344,0.3357,2007,B_2001_2010,1
1973,103,19.17,0.4055,11700,734,0.3948,2007,B_2001_2010,0
3523,143,24.73,0.2838,19832,978,0.2921,2007,B_2001_2010,1
2981,100,29.91,0.369,17603,860,0.3033,2007,B_2001_2010,0
3210,161,19.76,0.405,18868,951,0.3106,2007,B_2001_2010,0
7918,329,24.16,0.2652,47478,1683,0.2225,2007,B_2001_2010,1
2221,122,18.4,0.5403,14044,776,0.3737,2007,B_2001_2010,0
13213,651,20.19,0.0984,80195,2470,0.1993,2007,B_2001_2010,2
8046,325,24.62,0.2113,47153,1774,0.2348,2007,B_2001_2010,0
2921,112,26.08,0.3423,16902,833,0.303,2007,B_2001_2010,1
3361,162,20.76,0.2678,20087,1035,0.3234,2007,B_2001_2010,0
3901,208,18.69,0.2307,22459,1068,0.2884,2007,B_2001_2010,0
2413,124,19.24,0.373,14773,811,0.3556,2007,B_2001_2010,1
10343,450,23.05,0.145,64932,1621,0.168,2007,B_2001_2010,1
7866,307,25.57,0.1653,45537,1750,0.2346,2007,B_2001_2010,2
4256,209,20.45,0.2585,25368,1277,0.3146,2007,B_2001_2010,0
24417,1183,20.25,0.0655,143932,3992,0.1739,2007,B_2001_2010,1
13931,595,23.46,0.1436,80666,2006,0.1523,2007,B_2001_2010,0
3380,172,19.51,0.2663,19775,984,0.3074,2007,B_2001_2010,1
2035,83,24.48,0.344,12384,634,0.3253,2007,B_2001_2010,1
2839,170,16.81,0.3522,17236,791,0.2945,2007,B_2001_2010,1
2500,114,21.73,0.4,15635,735,0.3136,2007,B_2001_2010,1
5199,219,23.65,0.2693,31366,1354,0.2747,2007,B_2001_2010,0
2520,104,24.12,0.3968,14901,813,0.3381,2007,B_2001_2010,0
1477,107,13.76,0.4739,8669,483,0.346,2007,B_2001_2010,0
3135,126,24.79,0.3828,18522,875,0.2963,2007,B_2001_2010,1
3668,206,17.67,0.4089,21760,1054,0.3034,2007,B_2001_2010,1
7733,251,30.77,0.2198,46067,1376,0.1883,2007,B_2001_2010,1
7779,336,23.12,0.1671,46449,1626,0.2219,2007,B_2001_2010,1
4547,229,19.69,0.3519,26941,1311,0.3042,2007,B_2001_2010,1
3329,171,19.4,0.3905,19997,1010,0.3211,2007,B_2001_2010,1
3106,134,23.25,0.2898,18017,796,0.2727,2007,B_2001_2010,1
650,39,16.85,1.0769,3706,259,0.4246,2007,B_2001_2010,1
11156,376,29.64,0.1076,64894,1645,0.1596,2007,B_2001_2010,0
4833,260,18.51,0.3311,28711,1208,0.2682,2007,B_2001_2010,1
2314,125,18.54,0.5618,13648,784,0.3604,2007,B_2001_2010,1
2443,110,22.14,0.3684,13992,753,0.3246,2007,B_2001_2010,0
1753,89,19.53,0.3993,10233,735,0.4484,2007,B_2001_2010,1
5389,260,20.67,0.1856,32368,1413,0.275,2007,B_2001_2010,1
2006,112,17.82,0.5982,11497,732,0.3843,2007,B_2001_2010,0
305,24,12.67,1.9672,1904,173,0.6262,2007,B_2001_2010,1
3940,141,27.85,0.2792,23395,1019,0.2693,2007,B_2001_2010,1
2373,136,17.44,0.4635,13690,816,0.362,2007,B_2001_2010,1
1817,103,17.58,0.4953,10359,556,0.3291,2007,B_2001_2010,0
12537,642,19.34,0.1196,73599,3165,0.2647,2007,B_2001_2010,0
5261,255,20.58,0.2471,30502,1222,0.2448,2007,B_2001_2010,0
3922,154,25.4,0.2805,22567,934,0.2517,2007,B_2001_2010,1
4822,237,20.16,0.3526,29209,1061,0.2362,2007,B_2001_2010,0
4697,241,19.5,0.1065,28622,1062,0.2433,2007,B_2001_2010,1
4505,216,20.68,0.2886,26553,1194,0.283,2007,B_2001_2010,1
2328,113,20.5,0.3866,13456,778,0.3509,2007,B_2001_2010,1
2539,144,17.73,0.2757,14677,887,0.3698,2007,B_2001_2010,1
7490,288,25.88,0.1469,42649,1424,0.2009,2007,B_2001_2010,1
1539,94,16.37,0.7147,9111,601,0.412,2007,B_2001_2010,1
3473,188,18.36,0.3167,20940,1115,0.3403,2007,B_2001_2010,0
5392,219,24.51,0.1855,31395,1471,0.2817,2007,B_2001_2010,0
3892,189,20.49,0.334,24503,1074,0.2975,2007,B_2001_2010,0
4950,236,21.04,0.2626,30338,1416,0.3075,2007,B_2001_2010,0
1640,108,15.33,0.6707,9999,486,0.3128,2007,B_2001_2010,2
3445,163,21.01,0.2903,21063,894,0.2795,2007,B_2001_2010,2
6693,339,19.52,0.1942,39320,1338,0.2107,2007,B_2001_2010,0
5309,296,18.04,0.2449,31904,1243,0.2479,2007,B_2001_2010,1
4047,200,20.2,0.2718,23573,948,0.2486,2007,B_2001_2010,1
1545,79,19.73,0.5825,9203,528,0.3644,2007,B_2001_2010,1
655,43,15.09,1.2214,3735,297,0.484,2007,B_2001_2010,1
2230,100,22.31,0.3587,13617,696,0.3354,2007,B_2001_2010,0
2773,143,19.29,0.3967,16490,838,0.3202,2007,B_2001_2010,1
524,36,14.67,1.5267,3041,232,0.4714,2007,B_2001_2010,1
1543,76,20.18,0.7129,9043,589,0.3966,2007,B_2001_2010,1
5297,193,27.5,0.2265,31057,1059,0.2105,2007,B_2001_2010,1
1440,98,14.47,0.625,8613,554,0.4028,2007,B_2001_2010,1
1116,64,17.22,0.9857,6729,505,0.4803,2007,B_2001_2010,1
1516,129,12.02,0.7256,9090,538,0.3793,2007,B_2001_2010,1
2412,131,18.47,0.4146,14420,778,0.3391,2007,B_2001_2010,0
1629,97,16.67,0.5525,9840,615,0.3941,2007,B_2001_2010,1
1961,109,17.94,0.5099,11375,729,0.3906,2007,B_2001_2010,1
2750,156,17.75,0.4,16736,821,0.3138,2007,B_2001_2010,1
1508,82,18.39,0.6631,8816,517,0.3614,2007,B_2001_2010,1
2293,119,19.23,0.6542,13678,801,0.3742,2007,B_2001_2010,1
3828,175,21.87,0.2612,23644,911,0.2529,2007,B_2001_2010,0
940,71,12.87,0.8511,5889,398,0.4521,2008,B_2001_2010,1
7493,353,21.11,0.1601,43232,1890,0.2661,2008,B_2001_2010,0
4033,161,24.9,0.2727,23129,1038,0.2725,2008,B_2001_2010,1
2687,166,16.11,0.3349,15502,979,0.3796,2008,B_2001_2010,1
3001,144,20.72,0.2666,17783,969,0.3402,2008,B_2001_2010,2
8709,338,25.68,0.1608,52181,1887,0.2324,2008,B_2001_2010,1
3704,176,20.98,0.27,21588,1087,0.3056,2008,B_2001_2010,1
6147,284,21.53,0.2278,36131,1338,0.2313,2008,B_2001_2010,0
3431,179,19.46,0.3789,20415,826,0.2527,2008,B_2001_2010,1
3043,173,17.46,0.3286,18374,900,0.3158,2008,B_2001_2010,1
748,37,20.38,0.9358,4582,312,0.4372,2008,B_2001_2010,1
4939,238,20.63,0.2632,29658,1144,0.2468,2008,B_2001_2010,1
4289,147,29.18,0.2565,24681,1149,0.2814,2008,B_2001_2010,1
6974,310,22.34,0.1864,40049,1581,0.2395,2008,B_2001_2010,0
3314,183,18.07,0.3018,18838,976,0.3102,2008,B_2001_2010,1
1574,91,17.44,0.6989,9746,497,0.3272,2008,B_2001_2010,0
1667,85,19.64,0.5999,9859,641,0.4061,2008,B_2001_2010,0
4927,289,17.42,0.2233,29339,972,0.2074,2008,B_2001_2010,0
3284,184,17.77,0.3654,19230,848,0.2719,2008,B_2001_2010,1
2868,162,17.76,0.4184,17888,868,0.3211,2008,B_2001_2010,2
8521,438,19.48,0.1174,50165,1947,0.2398,2008,B_2001_2010,1
4503,287,15.6,0.2221,27041,1250,0.2945,2008,B_2001_2010,0
2982,151,19.64,0.2012,17516,920,0.3253,2008,B_2001_2010,1
12032,541,22.18,0.0831,69598,2152,0.1879,2008,B_2001_2010,1
4317,198,21.57,0.2316,25139,1174,0.2856,2008,B_2001_2010,1
8514,381,22.2,0.1879,49964,1615,0.2008,2008,B_2001_2010,1
2200,114,18.96,0.6364,12593,760,0.3632,2008,B_2001_2010,1
5340,242,22.05,0.206,32584,1168,0.2318,2008,B_2001_2010,1
8515,468,18.23,0.2114,51097,1917,0.2346,2008,B_2001_2010,1
2447,144,16.79,0.3678,14321,842,0.3588,2008,B_2001_2010,1
5151,198,25.9,0.233,31141,1240,0.2547,2008,B_2001_2010,1
3870,169,22.83,0.3101,23047,972,0.263,2008,B_2001_2010,1
1809,93,19.0,0.4975,11108,669,0.3991,2008,B_2001_2010,1
2908,146,19.73,0.2407,17806,817,0.2985,2008,B_2001_2010,0
4365,189,22.9,0.3436,26724,1259,0.3038,2008,B_2001_2010,1
3516,210,16.56,0.1706,20992,893,0.2662,2008,B_2001_2010,2
5844,253,23.01,0.154,33252,1410,0.2575,2008,B_2001_2010,1
5555,289,19.25,0.126,32439,1183,0.2256,2008,B_2001_2010,1
3116,165,18.79,0.2246,18899,825,0.2792,2008,B_2001_2010,2
4575,213,21.17,0.1749,27077,1164,0.2689,2008,B_2001_2010,1
1960,101,19.38,0.2551,11248,598,0.3255,2008,B_2001_2010,0
2971,138,21.38,0.3702,17521,882,0.3127,2008,B_2001_2010,1
1341,73,18.32,0.5966,8003,575,0.4467,2008,B_2001_2010,0
11097,489,22.6,0.2523,66919,2205,0.213,2008,B_2001_2010,1
2288,103,22.02,0.4371,14091,742,0.3418,2008,B_2001_2010,0
3516,179,19.6,0.4835,20757,1020,0.3066,2008,B_2001_2010,0
2875,110,26.05,0.4174,16968,836,0.2984,2008,B_2001_2010,0
2332,113,20.46,0.4717,13715,667,0.3023,2008,B_2001_2010,1
4242,193,21.8,0.3536,24935,1023,0.2548,2008,B_2001_2010,2
9097,364,24.8,0.1759,53975,1743,0.2047,2008,B_2001_2010,1
3423,141,24.22,0.2629,20530,1054,0.3243,2008,B_2001_2010,1
7008,328,21.28,0.2711,40731,1843,0.275,2008,B_2001_2010,0
4246,235,17.93,0.2826,24701,1147,0.2826,2008,B_2001_2010,1
4373,192,22.64,0.3659,26441,1045,0.2547,2008,B_2001_2010,1
1678,85,19.76,0.5364,9988,562,0.3552,2008,B_2001_2010,1
3916,184,21.24,0.3575,23241,1194,0.3205,2008,B_2001_2010,1
1540,73,20.9,0.3247,8976,578,0.3955,2008,B_2001_2010,1
3787,179,21.21,0.4489,22400,1113,0.3058,2008,B_2001_2010,1
846,54,15.5,1.182,4880,370,0.4681,2008,B_2001_2010,1
12319,548,22.21,0.1542,73812,2875,0.2458,2008,B_2001_2010,1
2780,134,20.28,0.4676,16722,952,0.3615,2008,B_2001_2010,1
1502,70,21.26,0.6658,8992,583,0.4041,2008,B_2001_2010,1
7430,310,23.75,0.1884,45176,1764,0.2537,2008,B_2001_2010,1
2664,115,23.29,0.3003,15183,738,0.2943,2008,B_2001_2010,0
6450,341,18.84,0.155,36966,1461,0.2417,2008,B_2001_2010,0
2302,102,22.45,0.3041,13426,746,0.3393,2008,B_2001_2010,1
3177,122,25.93,0.3148,18490,913,0.3022,2008,B_2001_2010,0
2614,115,22.68,0.3443,14813,931,0.3722,2008,B_2001_2010,0
5721,262,21.62,0.2972,34095,1425,0.2625,2008,B_2001_2010,1
5292,235,22.36,0.2268,32574,1282,0.2557,2008,B_2001_2010,0
4791,216,21.93,0.2713,28451,1350,0.2935,2008,B_2001_2010,0
8180,360,22.58,0.1956,49548,2142,0.2727,2008,B_2001_2010,1
2012,106,18.8,0.3479,11818,645,0.3345,2008,B_2001_2010,1
5044,263,18.97,0.2181,29839,1407,0.2976,2008,B_2001_2010,1
394,22,18.18,1.7766,2300,219,0.5863,2008,B_2001_2010,1
5415,209,25.79,0.2955,31131,1278,0.2493,2008,B_2001_2010,1
3603,160,22.33,0.3886,21315,1027,0.3011,2008,B_2001_2010,1
2664,118,22.55,0.4129,15468,757,0.3007,2008,B_2001_2010,1
4890,280,17.34,0.2863,27768,1310,0.2822,2008,B_2001_2010,1
2290,85,26.73,0.4803,13060,644,0.2996,2008,B_2001_2010,1
5675,204,27.64,0.1938,33531,1299,0.2396,2008,B_2001_2010,0
3243,128,25.22,0.2775,19766,1022,0.3309,2008,B_2001_2010,1
3509,168,20.93,0.228,20407,867,0.2625,2008,B_2001_2010,2
3110,114,27.09,0.3215,17737,877,0.2958,2008,B_2001_2010,1
16570,821,20.09,0.0905,99980,3406,0.2196,2008,B_2001_2010,1
5386,285,18.85,0.2042,31988,1508,0.2952,2008,B_2001_2010,1
22473,1066,20.95,0.0845,128895,3742,0.1794,2008,B_2001_2010,0
3137,126,24.78,0.3188,18266,1096,0.3653,2008,B_2001_2010,0
3465,167,20.62,0.404,20509,1007,0.3102,2008,B_2001_2010,1
7029,334,20.96,0.1707,41177,1651,0.2493,2008,B_2001_2010,0
6453,333,19.25,0.1705,38614,1529,0.2514,2008,B_2001_2010,1
6700,358,18.66,0.2985,39569,1572,0.2506,2008,B_2001_2010,0
4966,251,19.79,0.2014,28767,1232,0.2622,2008,B_2001_2010,1
1733,109,16.1,0.3462,9950,575,0.348,2008,B_2001_2010,1
976,38,25.84,1.2295,5743,426,0.46,2008,B_2001_2010,1
3914,172,22.62,0.2299,22949,1102,0.2961,2008,B_2001_2010,0
5022,231,21.55,0.2389,29665,1254,0.263,2008,B_2001_2010,2
3486,175,19.84,0.3155,20620,998,0.3009,2008,B_2001_2010,1
5426,214,25.47,0.1659,32188,1148,0.2236,2008,B_2001_2010,1
3414,139,24.55,0.2343,20429,800,0.2487,2008,B_2001_2010,1
3402,220,15.1,0.3821,20317,1006,0.3125,2008,B_2001_2010,0
3708,213,17.45,0.2967,21967,957,0.2713,2008,B_2001_2010,1
3655,212,17.01,0.383,21352,1040,0.2969,2008,B_2001_2010,1
3374,163,20.65,0.2667,20118,1022,0.3186,2008,B_2001_2010,1
5485,219,24.99,0.2917,32566,1206,0.2319,2008,B_2001_2010,1
5542,218,25.38,0.1444,33142,1253,0.2431,2008,B_2001_2010,0
2032,97,20.94,0.6398,11921,683,0.3504,2008,B_2001_2010,1
6315,321,19.65,0.2059,37038,1485,0.2491,2008,B_2001_2010,1
3930,179,21.69,0.229,23614,1162,0.3153,2008,B_2001_2010,1
5270,229,22.92,0.1518,30767,1203,0.24,2008,B_2001_2010,1
5106,239,21.39,0.2742,29784,1225,0.2532,2008,B_2001_2010,1
1093,49,22.41,1.4639,6337,415,0.4035,2008,B_2001_2010,1
5321,192,27.62,0.1879,31185,1213,0.2398,2008,B_2001_2010,1
2783,143,19.5,0.5031,16885,880,0.3349,2008,B_2001_2010,1
18355,869,21.08,0.0926,110171,3250,0.1929,2008,B_2001_2010,1
4977,241,20.48,0.1808,28839,1249,0.2672,2008,B_2001_2010,1
6726,404,16.52,0.2676,40597,1577,0.2528,2008,B_2001_2010,0
3639,134,27.12,0.3023,21599,960,0.277,2008,B_2001_2010,1
3212,118,27.19,0.3425,18914,777,0.2568,2008,B_2001_2010,1
6328,346,18.13,0.2845,38029,1755,0.2911,2008,B_2001_2010,1
6353,254,24.78,0.1889,38128,1542,0.2534,2008,B_2001_2010,1
3972,147,26.85,0.2518,22872,856,0.2246,2008,B_2001_2010,0
8312,385,21.47,0.1684,48337,1782,0.2259,2008,B_2001_2010,1
6745,315,21.39,0.1631,39391,1723,0.2691,2008,B_2001_2010,1
2206,129,16.81,0.272,12539,717,0.34,2008,B_2001_2010,0
11561,521,22.11,0.0865,70014,2110,0.1928,2008,B_2001_2010,0
2090,93,22.42,0.3828,12342,754,0.3766,2008,B_2001_2010,1
751,34,22.03,1.0652,4372,292,0.4194,2008,B_2001_2010,0
1443,75,18.97,0.4158,8614,567,0.4082,2008,B_2001_2010,1
4121,172,23.99,0.2427,24772,973,0.2504,2008,B_2001_2010,1
2119,102,20.75,0.3303,12819,726,0.3605,2008,B_2001_2010,1
3695,145,25.26,0.1894,21001,921,0.2633,2008,B_2001_2010,1
3095,118,26.15,0.4847,18418,830,0.2782,2008,B_2001_2010,1
8823,374,23.46,0.1813,51214,1948,0.2318,2008,B_2001_2010,1
10660,478,22.21,0.1782,63411,2209,0.2178,2008,B_2001_2010,0
1439,83,17.29,0.417,8190,606,0.4427,2008,B_2001_2010,0
18321,770,23.82,0.1037,109445,3648,0.2136,2008,B_2001_2010,1
2754,117,23.38,0.4357,16158,892,0.341,2008,B_2001_2010,1
6351,307,20.45,0.1417,37149,1580,0.2623,2008,B_2001_2010,0
1973,102,19.03,0.5575,11576,700,0.369,2008,B_2001_2010,1
3309,131,25.31,0.3626,19984,897,0.2886,2008,B_2001_2010,1
3503,221,15.7,0.2569,20607,1088,0.326,2008,B_2001_2010,2
4876,175,27.67,0.1846,28194,1183,0.2562,2008,B_2001_2010,1
1825,102,17.67,0.3288,10421,646,0.3764,2008,B_2001_2010,1
2502,134,18.58,0.3597,14280,781,0.3273,2008,B_2001_2010,1
3494,119,29.23,0.2003,20358,957,0.2882,2008,B_2001_2010,1
3012,156,19.26,0.3652,18004,973,0.345,2008,B_2001_2010,1
3979,153,25.97,0.4021,23822,1295,0.3395,2008,B_2001_2010,1
11305,483,23.18,0.115,69572,2172,0.2054,2008,B_2001_2010,0
1888,102,18.34,0.5826,11065,660,0.3655,2008,B_2001_2010,1
2529,90,28.14,0.3954,14417,751,0.314,2008,B_2001_2010,0
3483,177,19.59,0.3445,20877,944,0.2897,2008,B_2001_2010,1
2909,166,17.38,0.275,17436,732,0.2637,2008,B_2001_2010,1
3860,236,16.26,0.3368,23452,1140,0.3163,2008,B_2001_2010,0
4155,206,20.06,0.1925,25369,1095,0.2799,2008,B_2001_2010,1
5677,285,19.98,0.2642,33396,1320,0.2454,2008,B_2001_2010,1
4179,135,30.96,0.2872,23685,837,0.2113,2008,B_2001_2010,1
2127,111,19.32,0.5172,12881,666,0.3315,2008,B_2001_2010,0
2876,128,22.47,0.2434,16520,768,0.2837,2008,B_2001_2010,0
3914,134,29.13,0.2299,22870,925,0.2489,2008,B_2001_2010,1
2705,133,20.23,0.4436,15953,807,0.3128,2008,B_2001_2010,1
2788,115,24.09,0.3228,16654,848,0.3178,2008,B_2001_2010,2
5603,285,19.43,0.1785,34026,1563,0.2927,2008,B_2001_2010,1
9344,481,19.36,0.1498,55901,2115,0.2405,2008,B_2001_2010,1
1389,90,15.53,0.432,8127,545,0.4125,2008,B_2001_2010,0
2498,153,16.22,0.3603,14258,885,0.3711,2008,B_2001_2010,1
4236,162,26.09,0.2597,24403,1206,0.297,2008,B_2001_2010,1
8711,428,20.29,0.264,51877,1954,0.2379,2008,B_2001_2010,1
1529,90,16.78,0.4578,9133,633,0.4369,2008,B_2001_2010,1
2559,100,25.46,0.4689,15879,873,0.356,2008,B_2001_2010,1
4640,255,18.03,0.2586,27455,1268,0.289,2008,B_2001_2010,1
6559,276,23.62,0.183,38663,1567,0.2528,2008,B_2001_2010,1
5873,318,18.39,0.2043,34510,1538,0.2758,2008,B_2001_2010,0
12695,547,23.21,0.1182,76162,2450,0.2046,2008,B_2001_2010,1
2492,103,24.1,0.4013,14666,872,0.3668,2008,B_2001_2010,1
3516,170,20.65,0.3413,21243,1132,0.3385,2008,B_2001_2010,1
2694,137,19.78,0.297,15626,781,0.3059,2008,B_2001_2010,1
1816,98,18.47,0.6057,10804,679,0.3921,2008,B_2001_2010,1
2249,121,18.35,0.3112,12862,672,0.3139,2008,B_2001_2010,0
4997,211,23.64,0.1601,29497,1167,0.2415,2008,B_2001_2010,1
16319,587,27.76,0.1409,98504,2838,0.1825,2008,B_2001_2010,1
7266,304,23.79,0.2202,42496,1530,0.222,2008,B_2001_2010,2
5431,285,18.88,0.2578,32358,1220,0.2381,2008,B_2001_2010,1
1182,58,20.33,0.5076,6802,445,0.3883,2008,B_2001_2010,0
3479,197,17.7,0.2874,20883,1066,0.3245,2008,B_2001_2010,1
2199,124,17.47,0.4093,12958,770,0.3711,2008,B_2001_2010,1
4981,210,23.67,0.3413,28821,1319,0.2797,2008,B_2001_2010,0
3864,163,23.52,0.3882,22878,1106,0.3023,2008,B_2001_2010,2
21935,1030,21.2,0.0821,131774,3762,0.1849,2008,B_2001_2010,0
2961,147,19.99,0.3377,17847,1027,0.3607,2008,B_2001_2010,1
2623,133,19.48,0.4956,15672,829,0.3305,2008,B_2001_2010,1
3142,109,28.8,0.4137,18310,680,0.2298,2008,B_2001_2010,0
1657,90,18.62,0.4225,9930,485,0.3186,2008,B_2001_2010,0
6103,284,21.26,0.1311,36121,1478,0.2586,2008,B_2001_2010,1
1466,68,21.49,0.7503,8731,513,0.3718,2008,B_2001_2010,1
5214,247,21.02,0.2301,30837,1122,0.2363,2008,B_2001_2010,0
4756,210,22.52,0.3364,28682,1097,0.2452,2008,B_2001_2010,0
10624,420,25.2,0.273,63133,2259,0.2281,2008,B_2001_2010,1
9955,332,29.92,0.1607,59227,1985,0.2121,2008,B_2001_2010,1
2566,139,18.49,0.5066,15671,777,0.3211,2008,B_2001_2010,1
4338,175,24.66,0.3688,25296,1072,0.2593,2008,B_2001_2010,1
4215,225,18.66,0.2847,24483,1192,0.2977,2008,B_2001_2010,1
3661,195,18.57,0.1639,21152,1122,0.3218,2008,B_2001_2010,0
4158,183,22.55,0.2405,26168,1505,0.3814,2008,B_2001_2010,1
5167,236,21.61,0.2322,30016,1143,0.2319,2008,B_2001_2010,2
2515,120,20.84,0.5169,15182,741,0.3089,2008,B_2001_2010,1
1381,82,16.9,0.7241,8166,503,0.3838,2008,B_2001_2010,1
3375,157,21.59,0.3852,20843,959,0.2969,2008,B_2001_2010,0
2859,123,23.11,0.3498,16555,741,0.2788,2008,B_2001_2010,2
7309,341,21.1,0.2052,43528,1422,0.2086,2008,B_2001_2010,1
13335,597,22.47,0.15,78511,2198,0.1753,2008,B_2001_2010,1
3822,206,18.42,0.2093,21936,1029,0.2826,2008,B_2001_2010,2
4338,224,19.31,0.2536,25163,1278,0.3089,2008,B_2001_2010,1
5199,262,19.72,0.25,30295,1328,0.2685,2008,B_2001_2010,1
1204,67,17.73,0.4983,6919,494,0.4311,2008,B_2001_2010,1
5265,218,24.11,0.2849,31100,1202,0.2416,2008,B_2001_2010,0
1113,55,20.04,0.5391,6821,458,0.4313,2008,B_2001_2010,1
2020,124,16.18,0.4455,11729,835,0.4356,2008,B_2001_2010,1
4118,195,21.04,0.2914,24207,1151,0.306,2008,B_2001_2010,1
7380,312,23.94,0.2168,44506,1173,0.1695,2008,B_2001_2010,2
1460,85,16.94,0.6849,8779,564,0.4055,2008,B_2001_2010,0
2186,156,14.1,0.5489,13189,748,0.355,2008,B_2001_2010,1
2302,118,19.4,0.5647,13911,736,0.3423,2008,B_2001_2010,2
5565,263,21.07,0.3235,33587,1302,0.2487,2008,B_2001_2010,1
1435,93,15.31,0.6272,8447,557,0.4111,2008,B_2001_2010,1
2191,125,17.46,0.4108,13070,781,0.3733,2008,B_2001_2010,1
9253,473,19.49,0.1513,54653,1994,0.2301,2008,B_2001_2010,1
6446,271,23.71,0.2792,39262,1551,0.2558,2008,B_2001_2010,1
3047,158,19.2,0.4595,17854,952,0.3279,2008,B_2001_2010,0
4764,224,21.17,0.2729,27397,1227,0.2725,2008,B_2001_2010,1
8027,323,24.76,0.1495,47062,1578,0.21,2008,B_2001_2010,1
4274,201,20.98,0.3276,25733,1154,0.285,2008,B_2001_2010,0
3327,155,21.22,0.3006,19159,873,0.2747,2008,B_2001_2010,0
4731,213,22.25,0.1902,27949,1140,0.2526,2008,B_2001_2010,0
7691,345,22.12,0.208,46087,1519,0.2105,2008,B_2001_2010,2
2012,94,21.43,0.5467,11650,719,0.3762,2008,B_2001_2010,1
3476,149,23.51,0.2589,20482,842,0.2535,2008,B_2001_2010,0
5883,276,21.2,0.204,35321,1492,0.2708,2008,B_2001_2010,0
1597,80,19.99,0.3757,9376,560,0.3682,2008,B_2001_2010,1
1849,76,24.26,0.8112,10875,645,0.364,2008,B_2001_2010,1
5001,218,22.95,0.24,28885,1317,0.2795,2008,B_2001_2010,0
7215,312,23.03,0.194,43088,1734,0.2554,2008,B_2001_2010,2
5320,265,19.83,0.188,31499,1700,0.3346,2008,B_2001_2010,0
16081,827,19.52,0.0871,98622,2871,0.1914,2008,B_2001_2010,1
3804,109,34.74,0.3943,23128,933,0.255,2008,B_2001_2010,0
1349,68,19.78,0.6672,8326,519,0.4025,2008,B_2001_2010,1
5546,245,22.5,0.1983,33281,1477,0.2842,2008,B_2001_2010,1
11051,547,20.12,0.1448,65926,2418,0.2379,2008,B_2001_2010,0
1982,97,20.49,0.4541,11567,717,0.3824,2008,B_2001_2010,1
6015,305,19.55,0.1663,35230,1451,0.2565,2008,B_2001_2010,0
2838,103,27.67,0.4933,16552,863,0.3164,2008,B_2001_2010,1
3753,162,22.99,0.3464,21572,967,0.2736,2008,B_2001_2010,0
1959,109,17.64,0.4084,11752,699,0.3793,2008,B_2001_2010,1
5494,242,22.81,0.2548,33012,1232,0.2363,2008,B_2001_2010,1
5632,279,20.02,0.2841,34164,1367,0.2571,2008,B_2001_2010,1
8184,407,20.14,0.1711,49825,1514,0.1979,2008,B_2001_2010,1
3166,151,20.89,0.3159,18403,937,0.3124,2008,B_2001_2010,1
5874,239,24.5,0.2043,33610,1257,0.2276,2008,B_2001_2010,1
6933,318,21.67,0.1731,40905,1614,0.2461,2008,B_2001_2010,0
7582,361,20.96,0.211,44539,1812,0.2535,2008,B_2001_2010,1
6848,279,24.39,0.219,40723,1660,0.2554,2008,B_2001_2010,1
2245,141,15.79,0.49,13756,756,0.355,2008,B_2001_2010,1
6028,269,22.39,0.1327,37069,1312,0.2303,2008,B_2001_2010,1
4786,242,19.79,0.2507,27986,1301,0.2833,2008,B_2001_2010,1
4142,191,21.68,0.338,24676,1259,0.3187,2008,B_2001_2010,1
1978,66,30.0,0.455,11303,565,0.3064,2008,B_2001_2010,1
4110,150,27.27,0.2433,23866,1080,0.2725,2009,B_2001_2010,2
1834,95,19.17,0.3272,10633,643,0.3691,2009,B_2001_2010,1
12425,650,19.18,0.0724,75513,2056,0.1762,2009,B_2001_2010,2
3583,199,18.14,0.1675,22002,819,0.2397,2009,B_2001_2010,0
4063,198,20.55,0.4184,24378,1122,0.2902,2009,B_2001_2010,0
8108,206,39.27,0.2097,45955,1425,0.1844,2009,B_2001_2010,1
3083,156,19.49,0.1946,18348,825,0.2809,2009,B_2001_2010,2
2919,104,27.95,0.3426,17086,888,0.3213,2009,B_2001_2010,1
10223,569,18.01,0.1174,60815,2162,0.223,2009,B_2001_2010,2
721,42,17.21,1.5257,4323,325,0.4785,2009,B_2001_2010,0
3787,157,24.14,0.2641,22152,1061,0.2897,2009,B_2001_2010,2
3087,131,23.58,0.3563,18572,918,0.311,2009,B_2001_2010,1
8076,377,21.32,0.161,47687,1897,0.2483,2009,B_2001_2010,0
7438,386,19.52,0.1076,44198,1684,0.2376,2009,B_2001_2010,1
2771,145,18.9,0.2165,16349,848,0.3298,2009,B_2001_2010,1
16705,717,23.23,0.1497,102616,3245,0.2065,2009,B_2001_2010,1
6134,282,21.78,0.2282,36213,1277,0.2173,2010,B_2001_2010,1
7314,438,16.66,0.1367,42444,1711,0.2435,2010,B_2001_2010,0
2861,152,18.75,0.2796,18242,834,0.303,2010,B_2001_2010,1
5557,315,17.49,0.108,32216,1452,0.2739,2010,B_2001_2010,0
4964,236,21.11,0.2015,29692,1250,0.2619,2010,B_2001_2010,1
2431,141,17.08,0.2468,14526,822,0.3538,2010,B_2001_2010,2
4127,183,22.28,0.2908,24233,1134,0.2893,2010,B_2001_2010,1
8003,415,19.18,0.1374,47051,1906,0.2505,2010,B_2001_2010,0
7444,497,15.02,0.1478,44035,1743,0.2453,2010,B_2001_2010,1
504,45,11.51,0.7937,3101,224,0.4782,2010,B_2001_2010,2
4879,255,19.08,0.2255,28478,1232,0.2652,2010,B_2001_2010,1
21022,819,25.65,0.0904,124449,2993,0.1544,2010,B_2001_2010,1
4151,250,16.33,0.2168,25996,1109,0.2828,2010,B_2001_2010,1
4346,168,25.74,0.3451,25615,1192,0.2874,2010,B_2001_2010,1
4540,185,24.65,0.1982,26134,971,0.2271,2010,B_2001_2010,1
5520,287,19.33,0.2355,33765,1390,0.2641,2010,B_2001_2010,1
9717,519,18.76,0.1338,59633,2510,0.2756,2010,B_2001_2010,0
3795,181,20.82,0.2635,22087,1035,0.2848,2010,B_2001_2010,0
1786,85,20.82,0.4479,11300,575,0.3376,2010,B_2001_2010,1
1645,72,22.53,0.6079,9548,528,0.3343,2010,B_2001_2010,1
2987,149,19.89,0.3013,17807,840,0.2939,2010,B_2001_2010,0
6480,292,21.99,0.2469,39526,1589,0.2588,2010,B_2001_2010,1
3831,189,20.32,0.2349,23424,950,0.2608,2010,B_2001_2010,1
10600,449,23.68,0.1415,63605,1939,0.1944,2010,B_2001_2010,0
9743,400,24.45,0.1437,58094,1776,0.1918,2010,B_2001_2010,0
2740,119,23.15,0.4015,16118,731,0.2828,2010,B_2001_2010,0
5125,203,25.38,0.2341,30586,1320,0.2712,2010,B_2001_2010,1
2806,137,20.42,0.2495,16883,829,0.314,2010,B_2001_2010,0
22538,789,28.61,0.0887,136779,3293,0.155,2010,B_2001_2010,2
5592,338,16.33,0.2146,33415,1595,0.2988,2010,B_2001_2010,1
12961,955,13.44,0.1234,76266,2853,0.2318,2010,B_2001_2010,0
8412,390,21.44,0.107,48861,1852,0.23,2010,B_2001_2010,1
2732,101,27.15,0.366,15607,701,0.269,2010,B_2001_2010,1
5521,180,30.61,0.2174,32595,1097,0.2067,2010,B_2001_2010,1
3519,187,18.47,0.2273,20354,1075,0.3171,2010,B_2001_2010,1
2500,95,26.02,0.44,14416,654,0.2684,2010,B_2001_2010,1
8864,395,22.47,0.2144,53037,1782,0.2105,2010,B_2001_2010,1
3385,174,19.44,0.3545,20084,1003,0.3123,2010,B_2001_2010,1
3764,146,25.83,0.186,22111,932,0.259,2010,B_2001_2010,1
2931,108,26.98,0.3412,16983,846,0.2958,2010,B_2001_2010,1
3308,125,26.39,0.2418,18971,782,0.247,2010,B_2001_2010,1
3362,215,15.5,0.3569,19815,987,0.3087,2010,B_2001_2010,1
8496,345,24.54,0.1059,50129,1889,0.2316,2010,B_2001_2010,0
6884,263,26.1,0.1743,41877,1498,0.2272,2010,B_2001_2010,1
3726,196,19.13,0.3221,21934,944,0.2646,2010,B_2001_2010,0
6648,314,21.13,0.2557,39863,1609,0.2565,2010,B_2001_2010,1
6701,292,22.83,0.1791,40416,1455,0.2301,2010,B_2001_2010,1
3294,203,16.17,0.425,19828,981,0.3148,2010,B_2001_2010,1
5896,268,22.01,0.2374,36725,1333,0.2405,2010,B_2001_2010,0
11949,429,27.92,0.1172,71416,2145,0.1905,2010,B_2001_2010,1
2127,119,17.96,0.4701,12610,715,0.3592,2010,B_2001_2010,1
1149,60,18.95,0.6092,6789,468,0.423,2010,B_2001_2010,1
3598,206,17.53,0.3891,21765,975,0.2849,2010,B_2001_2010,1
852,47,18.02,0.8216,4965,372,0.4554,2010,B_2001_2010,1
7454,300,24.88,0.2012,45540,1573,0.2211,2010,B_2001_2010,1
13678,648,21.1,0.1535,82882,2934,0.2253,2010,B_2001_2010,1
2029,81,25.11,0.2464,11547,670,0.3504,2010,B_2001_2010,1
2994,177,16.79,0.2338,17389,956,0.331,2010,B_2001_2010,1
20606,1198,17.24,0.0582,123849,3117,0.1584,2010,B_2001_2010,1
4294,234,18.24,0.2795,25163,1178,0.2871,2010,B_2001_2010,1
4691,268,17.38,0.2771,28544,1241,0.278,2010,B_2001_2010,1
1020,57,17.98,0.6863,6007,396,0.401,2010,B_2001_2010,1
3126,144,21.72,0.2239,17464,918,0.3055,2010,B_2001_2010,1
8684,292,29.75,0.1727,52441,1734,0.2136,2010,B_2001_2010,0
15060,517,29.08,0.093,89213,2256,0.161,2010,B_2001_2010,0
2332,150,15.53,0.3859,14079,812,0.3658,2010,B_2001_2010,0
447,24,18.62,1.3423,2671,219,0.5235,2010,B_2001_2010,1
4526,231,19.6,0.2209,27026,1085,0.2539,2010,B_2001_2010,1
6211,290,21.49,0.2415,35800,1403,0.238,2010,B_2001_2010,2
1889,83,22.46,0.5823,11150,529,0.3002,2010,B_2001_2010,1
4005,222,17.97,0.1998,23889,1098,0.2871,2010,B_2001_2010,0
9269,312,29.55,0.1187,54580,1742,0.1982,2010,B_2001_2010,1
3166,196,16.01,0.2527,18739,972,0.3228,2010,B_2001_2010,0
4967,278,17.76,0.2013,30051,1322,0.2813,2010,B_2001_2010,0
3712,171,21.64,0.3772,22896,1098,0.3101,2010,B_2001_2010,1
3149,163,19.13,0.2858,19594,954,0.315,2010,B_2001_2010,1
3160,141,22.42,0.3165,18424,849,0.2842,2010,B_2001_2010,1
11300,393,28.63,0.1858,68567,2192,0.2038,2010,B_2001_2010,1
5392,264,20.35,0.2596,31321,1343,0.2635,2010,B_2001_2010,1
2886,163,17.28,0.4505,16925,978,0.3531,2010,B_2001_2010,0
5735,246,23.22,0.1918,32941,1368,0.2486,2010,B_2001_2010,0
2857,112,25.44,0.35,16850,661,0.2496,2010,B_2001_2010,0
6220,369,16.68,0.2572,37475,1530,0.2605,2010,B_2001_2010,1
1557,83,18.58,0.3854,9155,556,0.3744,2010,B_2001_2010,0
8824,378,23.34,0.1927,52286,1821,0.2152,2010,B_2001_2010,2
4759,164,29.02,0.1891,27486,1118,0.2452,2010,B_2001_2010,0
6210,305,20.22,0.2254,36682,1492,0.252,2010,B_2001_2010,1
4867,237,20.52,0.2671,29023,1220,0.2653,2010,B_2001_2010,1
10563,725,14.59,0.142,60466,2214,0.222,2010,B_2001_2010,1
9792,408,23.99,0.1225,58560,1886,0.2029,2010,B_2001_2010,1
6191,329,18.68,0.2423,37428,1674,0.2865,2010,B_2001_2010,1
12241,424,28.9,0.0572,74186,1953,0.1696,2010,B_2001_2010,1
2392,104,22.82,0.4599,13757,749,0.3269,2010,B_2001_2010,1
12794,730,17.47,0.1485,74294,2182,0.1822,2010,B_2001_2010,0
5931,287,20.82,0.1517,34174,1340,0.2391,2010,B_2001_2010,1
5539,267,20.4,0.325,33045,1559,0.2968,2010,B_2001_2010,1
9180,336,27.31,0.1307,54230,1964,0.2252,2010,B_2001_2010,0
6098,219,27.79,0.164,37344,1375,0.2363,2010,B_2001_2010,0
2967,111,26.9,0.2359,17480,732,0.2605,2010,B_2001_2010,1
6734,299,22.6,0.1485,39807,1296,0.2045,2010,B_2001_2010,0
1689,95,17.74,0.6513,9893,621,0.3843,2010,B_2001_2010,2
15163,951,16.15,0.1451,89428,2547,0.1767,2010,B_2001_2010,0
4179,209,20.04,0.2872,24712,1124,0.2819,2010,B_2001_2010,1
4905,248,19.77,0.265,29888,1469,0.3189,2010,B_2001_2010,1
10601,438,24.27,0.1604,62976,2193,0.2173,2010,B_2001_2010,0
7324,431,17.01,0.1638,43325,1792,0.2564,2010,B_2001_2010,0
4528,214,21.07,0.4417,27245,1224,0.2851,2010,B_2001_2010,1
6784,243,27.87,0.1916,41051,1365,0.2142,2010,B_2001_2010,1
2455,90,27.22,0.4481,14327,694,0.2949,2010,B_2001_2010,1
1539,79,19.34,0.9097,9179,659,0.4438,2010,B_2001_2010,1
4362,193,22.54,0.4127,26206,1253,0.2996,2010,B_2001_2010,1
4667,187,25.06,0.2571,27795,1077,0.243,2010,B_2001_2010,1
5207,244,21.15,0.2113,30926,1322,0.2717,2010,B_2001_2010,0
2119,95,22.58,0.3303,12397,644,0.3129,2010,B_2001_2010,1
4141,175,23.69,0.2898,24339,1033,0.2618,2010,B_2001_2010,0
6460,353,18.04,0.3096,39559,1439,0.2375,2010,B_2001_2010,0
1537,69,22.07,0.8458,9233,524,0.3604,2010,B_2001_2010,0
7490,378,19.83,0.1869,43458,1786,0.2509,2010,B_2001_2010,0
3794,194,19.35,0.2636,22468,1015,0.2831,2010,B_2001_2010,0
6060,215,28.05,0.1815,35315,1235,0.2139,2010,B_2001_2010,1
6422,351,18.11,0.1869,38944,1393,0.2322,2010,B_2001_2010,0
8530,399,21.49,0.2579,50820,1999,0.2463,2010,B_2001_2010,0
3880,276,13.93,0.232,22041,1174,0.3155,2010,B_2001_2010,0
3360,119,28.09,0.3571,20093,907,0.281,2010,B_2001_2010,1
4734,198,23.73,0.2535,27636,1076,0.2372,2010,B_2001_2010,1
5054,306,16.37,0.3759,30332,1391,0.2911,2010,B_2001_2010,1
6236,291,21.34,0.1604,36175,1550,0.2607,2010,B_2001_2010,0
15990,755,20.95,0.0625,91410,2726,0.1772,2010,B_2001_2010,0
3520,160,22.06,0.3409,20391,900,0.2693,2010,B_2001_2010,1
3785,224,16.71,0.3435,22335,1091,0.3009,2010,B_2001_2010,1
10993,416,26.41,0.1183,62902,1662,0.1584,2010,B_2001_2010,1
4666,235,19.68,0.1715,27119,1353,0.3054,2010,B_2001_2010,0
6980,339,20.63,0.1576,39804,1606,0.2414,2010,B_2001_2010,0
4122,177,23.1,0.2911,24167,1140,0.2943,2010,B_2001_2010,1
4965,256,19.33,0.2417,31243,1538,0.3233,2010,B_2001_2010,1
5529,304,18.16,0.1447,31573,1339,0.2534,2010,B_2001_2010,0
2504,135,18.34,0.2396,14516,829,0.3466,2010,B_2001_2010,1
3185,128,24.82,0.314,19208,913,0.3014,2010,B_2001_2010,1
9887,397,24.79,0.2225,58056,1948,0.211,2010,B_2001_2010,0
5367,294,18.09,0.2236,31324,1264,0.2497,2010,B_2001_2010,0
3748,192,19.6,0.2401,22408,1006,0.2812,2010,B_2001_2010,1
6462,212,30.45,0.1857,38056,1306,0.212,2010,B_2001_2010,1
1200,93,13.16,0.3333,7162,468,0.4025,2010,B_2001_2010,1
1555,92,17.15,0.5788,9503,528,0.3659,2010,B_2001_2010,1
17273,743,23.03,0.1158,104365,3385,0.2082,2010,B_2001_2010,1
49343,2335,21.12,0.0466,285025,6199,0.133,2010,B_2001_2010,0
25902,982,26.2,0.0772,159255,3360,0.1386,2010,B_2001_2010,1
16544,706,23.44,0.1148,99312,2480,0.1598,2010,B_2001_2010,1
16922,812,20.84,0.0473,99857,2778,0.1733,2010,B_2001_2010,2
1451,81,17.67,0.4135,8696,553,0.397,2010,B_2001_2010,1
2765,155,17.7,0.5063,16799,905,0.3472,2010,B_2001_2010,1
6896,369,18.76,0.203,43045,1357,0.2091,2010,B_2001_2010,1
8252,374,21.9,0.1575,50370,1927,0.2466,2010,B_2001_2010,0
1824,87,20.74,0.4386,11161,625,0.3591,2010,B_2001_2010,1
3425,165,20.7,0.2628,20659,933,0.2829,2010,B_2001_2010,1
2457,118,21.03,0.2849,14041,690,0.2926,2010,B_2001_2010,1
4858,169,28.44,0.1647,28653,1028,0.2194,2010,B_2001_2010,0
2631,120,21.95,0.3041,15779,810,0.3273,2010,B_2001_2010,1
4425,242,18.02,0.4294,26355,1227,0.2884,2010,B_2001_2010,0
4655,178,25.88,0.2793,27011,1036,0.2314,2010,B_2001_2010,1
3810,210,18.15,0.3937,23067,1110,0.3052,2010,B_2001_2010,0
3066,113,26.91,0.2609,17896,754,0.2609,2010,B_2001_2010,0
3149,174,17.86,0.2858,18736,874,0.2918,2010,B_2001_2010,1
175,20,8.55,3.4286,1013,115,0.7143,2010,B_2001_2010,1
4989,196,25.28,0.2405,31175,1175,0.2524,2010,B_2001_2010,0
6341,362,17.61,0.205,38473,1446,0.2421,2010,B_2001_2010,0
3309,152,21.61,0.4533,20241,874,0.2777,2010,B_2001_2010,1
5262,300,17.51,0.2661,31828,1402,0.2805,2010,B_2001_2010,1
3582,145,24.83,0.3071,20829,787,0.2267,2010,B_2001_2010,1
6072,259,23.37,0.1482,34766,1517,0.2617,2010,B_2001_2010,0
4890,261,18.49,0.2045,28556,1230,0.263,2010,B_2001_2010,0
10719,531,20.09,0.084,62074,2030,0.1968,2010,B_2001_2010,0
3426,169,20.2,0.3211,20659,974,0.3015,2010,B_2001_2010,0
2917,138,21.19,0.3085,17531,822,0.2945,2010,B_2001_2010,1
8087,361,22.25,0.1855,48500,2128,0.2739,2010,B_2001_2010,1
4030,205,19.87,0.1985,24761,858,0.2241,2010,B_2001_2010,1
8967,545,16.51,0.1338,53142,1755,0.2058,2010,B_2001_2010,1
5339,209,25.46,0.1311,32928,950,0.1894,2010,B_2001_2010,1
3142,182,17.24,0.3501,18531,1035,0.3425,2010,B_2001_2010,1
7002,338,20.75,0.2428,41849,1478,0.2228,2010,B_2001_2010,1
3040,155,19.39,0.4934,18080,975,0.3372,2010,B_2001_2010,1
4224,172,24.53,0.2367,25427,1191,0.2945,2010,B_2001_2010,0
1942,86,22.58,0.3605,12061,635,0.3424,2010,B_2001_2010,1
3336,160,20.88,0.2698,19535,879,0.277,2010,B_2001_2010,0
5411,205,26.3,0.1663,32544,1288,0.2491,2010,B_2001_2010,0
13737,547,25.01,0.1019,81750,2412,0.1877,2010,B_2001_2010,1
12127,488,24.7,0.1072,74098,2136,0.1892,2010,B_2001_2010,1
4441,178,24.94,0.2702,25745,944,0.2261,2010,B_2001_2010,1
8149,304,26.84,0.2577,49392,1823,0.2356,2010,B_2001_2010,1
4811,228,21.04,0.291,29086,1288,0.2806,2010,B_2001_2010,2
2451,166,14.65,0.3672,15137,783,0.3333,2010,B_2001_2010,0
6397,319,19.98,0.1407,37509,1589,0.2612,2010,B_2001_2010,0
3183,131,24.06,0.1885,19684,1005,0.3324,2010,B_2001_2010,0
2600,127,20.5,0.4231,14849,834,0.3335,2010,B_2001_2010,0
5318,264,20.06,0.2445,31185,1216,0.2399,2010,B_2001_2010,1
6507,285,22.68,0.1076,37512,1320,0.2124,2010,B_2001_2010,0
6071,282,21.5,0.1482,36427,1568,0.2736,2010,B_2001_2010,1
5499,231,23.78,0.2,33047,1378,0.2642,2010,B_2001_2010,1
2601,115,22.76,0.4229,15701,680,0.2726,2010,B_2001_2010,1
1995,113,17.57,0.4511,12055,789,0.414,2010,B_2001_2010,1
7078,340,20.75,0.1837,42117,1519,0.227,2010,B_2001_2010,0
3955,141,28.03,0.2781,23769,943,0.2475,2011,C_2011_2020,1
6717,254,26.4,0.2233,42718,1665,0.2593,2011,C_2011_2020,0
13470,676,19.71,0.1039,77501,2881,0.2238,2011,C_2011_2020,0
14915,675,22.18,0.1408,91566,2989,0.2113,2011,C_2011_2020,1
7058,405,17.41,0.1984,40714,1544,0.2283,2011,C_2011_2020,1
8602,374,22.89,0.1279,50318,1781,0.2154,2011,C_2011_2020,0
3973,138,28.72,0.3272,23822,979,0.2633,2011,C_2011_2020,1
3995,167,23.87,0.2753,24604,1179,0.3146,2011,C_2011_2020,1
3691,168,22.14,0.3522,21737,1006,0.2842,2011,C_2011_2020,1
10044,372,26.98,0.1294,61566,1635,0.176,2011,C_2011_2020,0
4810,228,20.95,0.2703,28905,1312,0.2904,2011,C_2011_2020,1
1144,57,20.11,0.9615,6818,499,0.4598,2011,C_2011_2020,1
6156,353,17.45,0.2599,37052,1624,0.2762,2011,C_2011_2020,1
4199,178,23.47,0.3334,24829,1111,0.2748,2011,C_2011_2020,1
16189,537,29.96,0.1112,99067,2837,0.1835,2011,C_2011_2020,1
9669,475,20.21,0.1965,59782,2203,0.2414,2011,C_2011_2020,0
2453,118,20.64,0.53,14372,613,0.2658,2011,C_2011_2020,1
8922,315,28.41,0.213,52621,1627,0.1911,2011,C_2011_2020,0
7549,371,20.32,0.2252,44983,1690,0.2342,2011,C_2011_2020,1
5628,216,25.96,0.2132,33436,1277,0.2406,2011,C_2011_2020,1
4791,305,15.78,0.2922,29781,964,0.2139,2011,C_2011_2020,1
2545,162,15.62,0.275,14656,846,0.3446,2011,C_2011_2020,0
1182,59,20.12,0.7614,6833,442,0.3968,2011,C_2011_2020,1
3107,125,24.7,0.3219,19465,905,0.3061,2011,C_2011_2020,1
8361,364,22.91,0.1914,51420,1789,0.2281,2011,C_2011_2020,0
8315,315,26.53,0.2044,49476,1725,0.2201,2011,C_2011_2020,0
2173,123,17.68,0.2301,12993,681,0.3295,2011,C_2011_2020,1
3305,188,17.64,0.2723,19550,1047,0.3313,2011,C_2011_2020,1
3216,163,19.76,0.2177,19015,805,0.2677,2011,C_2011_2020,2
3874,177,22.02,0.2581,23032,1160,0.3134,2011,C_2011_2020,1
4179,212,19.47,0.1914,25206,1047,0.2673,2011,C_2011_2020,1
2236,132,16.95,0.3578,13566,650,0.3041,2011,C_2011_2020,0
5723,312,18.15,0.2446,34646,1201,0.2226,2011,C_2011_2020,0
2324,138,17.07,0.3012,13852,700,0.3141,2011,C_2011_2020,1
4673,181,25.7,0.2568,28408,1152,0.2583,2011,C_2011_2020,1
4792,196,24.38,0.1878,29157,1311,0.2853,2011,C_2011_2020,1
3823,187,20.3,0.4447,22822,1200,0.3309,2011,C_2011_2020,1
4157,180,23.14,0.1924,24847,963,0.2437,2011,C_2011_2020,2
2437,110,21.76,0.3283,14870,899,0.3857,2011,C_2011_2020,0
12331,525,23.62,0.1216,73764,2409,0.2063,2011,C_2011_2020,0
6434,335,19.24,0.2642,38969,1332,0.2167,2011,C_2011_2020,0
8998,454,19.72,0.1222,51467,1941,0.2267,2011,C_2011_2020,0
4450,243,18.39,0.2022,26847,1342,0.3146,2011,C_2011_2020,1
6695,301,22.12,0.1494,37957,1423,0.2227,2011,C_2011_2020,1
3205,137,23.09,0.1872,18765,807,0.2665,2011,C_2011_2020,0
3261,133,24.32,0.2453,18695,868,0.2809,2011,C_2011_2020,0
5872,308,19.05,0.2214,34768,1366,0.2413,2011,C_2011_2020,1
3463,158,21.89,0.4043,20440,787,0.2391,2011,C_2011_2020,1
4014,192,20.91,0.2242,24108,1334,0.3453,2011,C_2011_2020,1
34907,1569,22.17,0.0802,210614,5456,0.1661,2011,C_2011_2020,0
5204,239,22.1,0.1729,31363,1169,0.2379,2011,C_2011_2020,1
1484,114,13.17,0.7412,8941,467,0.3315,2011,C_2011_2020,0
9413,433,21.64,0.1594,56294,2095,0.2328,2011,C_2011_2020,1
7984,331,24.2,0.1002,50021,1864,0.2456,2011,C_2011_2020,2
11445,453,25.38,0.1922,68862,2181,0.2009,2011,C_2011_2020,1
7341,382,19.07,0.1498,42608,1794,0.2554,2011,C_2011_2020,1
5484,205,27.04,0.2006,32440,1111,0.2112,2011,C_2011_2020,0
4978,285,17.47,0.3013,30252,1376,0.2911,2011,C_2011_2020,0
5185,291,17.72,0.27,30927,1345,0.2768,2011,C_2011_2020,1
3914,186,20.85,0.281,23477,1358,0.3628,2011,C_2011_2020,0
5782,299,19.25,0.173,33865,1508,0.2733,2011,C_2011_2020,0
6029,346,17.3,0.282,35478,1550,0.2699,2011,C_2011_2020,1
1256,64,19.86,0.8758,7530,498,0.4172,2011,C_2011_2020,2
9309,485,19.36,0.1289,54681,1837,0.2094,2011,C_2011_2020,0
3347,154,21.88,0.3884,19816,998,0.3149,2011,C_2011_2020,1
659,28,23.79,1.3657,3826,303,0.481,2011,C_2011_2020,1
4881,265,17.97,0.2254,28537,1416,0.3051,2011,C_2011_2020,1
5331,284,18.8,0.2063,32739,1419,0.2864,2011,C_2011_2020,0
7329,358,20.47,0.1364,42933,1613,0.2314,2011,C_2011_2020,2
3795,177,21.44,0.2899,22450,1081,0.2949,2011,C_2011_2020,2
4161,208,19.99,0.3605,24474,1133,0.2889,2011,C_2011_2020,1
1053,54,19.41,0.7597,6026,399,0.3922,2011,C_2011_2020,1
4651,263,17.5,0.258,27596,1292,0.2922,2011,C_2011_2020,1
1769,78,22.59,0.5088,10531,627,0.3708,2011,C_2011_2020,1
1922,86,22.2,0.3642,11535,564,0.3096,2011,C_2011_2020,0
2653,93,28.52,0.3769,15483,726,0.2868,2011,C_2011_2020,0
2545,103,24.7,0.3143,15015,744,0.3073,2011,C_2011_2020,1
3095,198,15.49,0.3554,17901,980,0.3305,2011,C_2011_2020,0
5765,259,22.23,0.1908,33004,1361,0.2474,2011,C_2011_2020,0
13038,566,23.14,0.1227,77212,2444,0.1973,2011,C_2011_2020,0
2776,237,11.8,0.4323,16277,936,0.3555,2011,C_2011_2020,0
3397,169,19.89,0.3533,20029,1068,0.3303,2011,C_2011_2020,1
5564,273,20.3,0.3235,33553,1234,0.232,2011,C_2011_2020,1
8923,458,19.42,0.1457,52941,2025,0.2387,2011,C_2011_2020,1
5762,230,25.0,0.243,34179,1539,0.2817,2011,C_2011_2020,0
7157,344,20.78,0.1258,41937,1586,0.2371,2011,C_2011_2020,2
4643,221,20.94,0.1508,27669,1032,0.2345,2011,C_2011_2020,1
10912,450,24.36,0.1008,66050,2154,0.2085,2011,C_2011_2020,1
7591,353,21.77,0.1317,45505,1430,0.1998,2011,C_2011_2020,1
4883,165,29.58,0.2253,29071,1314,0.2797,2011,C_2011_2020,1
6155,294,20.8,0.2275,37795,1345,0.2327,2011,C_2011_2020,1
11095,547,20.38,0.2163,65890,2137,0.2017,2011,C_2011_2020,0
2587,107,24.01,0.4252,15015,846,0.3405,2011,C_2011_2020,1
4252,171,25.05,0.1176,25409,932,0.2324,2011,C_2011_2020,1
8427,458,18.38,0.1661,51453,1821,0.2272,2011,C_2011_2020,1
3722,171,21.79,0.2418,21671,1061,0.2988,2011,C_2011_2020,0
1693,100,16.74,0.4135,9697,667,0.4099,2011,C_2011_2020,1
5015,319,15.54,0.2193,30263,1401,0.2971,2011,C_2011_2020,0
7215,459,15.69,0.1802,42880,1808,0.2629,2011,C_2011_2020,1
1764,83,21.28,0.3968,10454,569,0.3379,2011,C_2011_2020,1
5566,270,20.56,0.2336,32650,1560,0.2916,2011,C_2011_2020,1
7687,401,19.16,0.1561,45854,1842,0.2519,2011,C_2011_2020,1
9331,353,26.39,0.0965,55428,1642,0.1866,2011,C_2011_2020,1
8771,456,19.29,0.1254,53685,1890,0.2272,2011,C_2011_2020,1
3363,144,23.26,0.2974,20101,896,0.2762,2011,C_2011_2020,1
4136,248,16.65,0.3143,24257,1288,0.3264,2011,C_2011_2020,0
7218,303,23.8,0.2078,42553,1578,0.2296,2011,C_2011_2020,1
7055,263,26.78,0.1276,40561,1068,0.1576,2011,C_2011_2020,0
11702,678,17.27,0.1795,70310,2467,0.2236,2011,C_2011_2020,0
2024,98,20.45,0.4447,12409,711,0.3681,2011,C_2011_2020,1
3216,156,20.54,0.1866,18402,892,0.291,2011,C_2011_2020,1
8400,306,27.48,0.1071,52111,1383,0.1731,2011,C_2011_2020,1
4013,189,21.28,0.1246,24116,953,0.2482,2011,C_2011_2020,0
4521,272,16.72,0.3097,27239,1280,0.2977,2011,C_2011_2020,1
2620,141,18.43,0.3053,15500,871,0.3473,2011,C_2011_2020,1
22013,840,26.21,0.109,132502,3527,0.1683,2011,C_2011_2020,1
6636,285,23.25,0.211,40152,1661,0.2658,2011,C_2011_2020,1
637,33,19.24,1.0989,3713,304,0.5212,2011,C_2011_2020,1
10986,499,21.93,0.1365,65036,2519,0.2406,2011,C_2011_2020,1
3885,207,18.63,0.1802,22106,970,0.2597,2011,C_2011_2020,0
12018,475,25.28,0.1498,71327,2226,0.1968,2011,C_2011_2020,2
5780,281,20.67,0.1903,35296,1261,0.2304,2011,C_2011_2020,0
2312,115,19.89,0.3893,13880,817,0.3685,2011,C_2011_2020,1
3330,134,24.9,0.3604,19524,883,0.2793,2011,C_2011_2020,1
6132,208,29.75,0.1631,35942,1106,0.1867,2011,C_2011_2020,1
1529,64,23.8,0.3924,9036,505,0.3492,2011,C_2011_2020,2
3146,174,17.79,0.2543,18371,990,0.3303,2011,C_2011_2020,1
4783,218,21.82,0.4181,28490,1310,0.2896,2011,C_2011_2020,1
11180,428,26.13,0.1968,64741,2340,0.2194,2011,C_2011_2020,1
3497,163,21.52,0.2574,20697,1044,0.3106,2011,C_2011_2020,1
4199,167,25.21,0.3096,24581,1109,0.2772,2011,C_2011_2020,0
5167,313,16.59,0.2516,29762,1211,0.2481,2011,C_2011_2020,1
7609,295,25.83,0.1446,45280,1713,0.2401,2011,C_2011_2020,0
4154,187,22.12,0.1685,24751,1289,0.3238,2011,C_2011_2020,1
1176,75,15.57,0.4252,7029,496,0.4345,2011,C_2011_2020,1
15038,688,22.04,0.0931,88957,2446,0.1714,2011,C_2011_2020,2
6210,314,19.73,0.1288,37732,1378,0.2388,2011,C_2011_2020,2
4515,211,21.51,0.3101,28601,1253,0.2966,2011,C_2011_2020,1
4018,203,19.9,0.3235,23465,1011,0.2666,2011,C_2011_2020,1
20620,903,22.87,0.1115,123195,2866,0.1484,2011,C_2011_2020,1
12427,522,23.63,0.1207,73448,2412,0.2041,2011,C_2011_2020,1
2288,118,19.44,0.3934,13470,737,0.3378,2011,C_2011_2020,1
2045,89,22.91,0.4401,12189,606,0.3086,2011,C_2011_2020,1
5253,258,20.22,0.3427,31436,1735,0.3457,2011,C_2011_2020,1
3687,195,18.9,0.2712,22268,1194,0.3404,2011,C_2011_2020,1
1954,98,19.85,0.4606,11982,686,0.3715,2011,C_2011_2020,1
3789,205,18.32,0.3167,22092,1087,0.3288,2011,C_2011_2020,1
1821,102,18.02,0.5491,10901,566,0.3234,2011,C_2011_2020,1
1940,116,17.17,0.4639,11529,513,0.2778,2011,C_2011_2020,1
7645,268,28.59,0.1046,45829,1350,0.1882,2011,C_2011_2020,1
6042,288,20.82,0.1821,35999,1751,0.304,2011,C_2011_2020,0
3223,163,19.75,0.4344,20734,950,0.3072,2011,C_2011_2020,1
1572,69,22.74,0.5089,9076,613,0.4059,2011,C_2011_2020,0
2035,111,18.31,0.6388,11953,839,0.4319,2011,C_2011_2020,0
2880,104,27.46,0.3472,16471,859,0.3139,2011,C_2011_2020,1
5275,319,16.57,0.1896,30794,1421,0.2817,2011,C_2011_2020,1
2692,85,31.71,0.2972,15834,642,0.2519,2011,C_2011_2020,1
15003,893,16.74,0.1666,88196,3070,0.2154,2011,C_2011_2020,1
3499,169,20.83,0.4001,21240,984,0.2961,2011,C_2011_2020,1
3487,172,20.36,0.3441,21192,961,0.2894,2011,C_2011_2020,1
4440,242,18.25,0.2027,26010,1123,0.2642,2011,C_2011_2020,0
6695,305,21.78,0.1643,39266,1700,0.2656,2011,C_2011_2020,0
2420,136,17.73,0.3306,14474,802,0.345,2011,C_2011_2020,0
14892,735,20.16,0.1477,88993,2900,0.2091,2011,C_2011_2020,0
4868,212,22.97,0.2671,29542,1083,0.2352,2011,C_2011_2020,1
12826,689,18.59,0.0858,75371,2623,0.2148,2011,C_2011_2020,0
3476,135,25.7,0.3165,20293,912,0.2745,2011,C_2011_2020,1
4853,264,18.36,0.1855,28891,1298,0.2784,2011,C_2011_2020,1
1008,72,14.14,0.496,6202,437,0.4524,2011,C_2011_2020,1
2420,158,15.34,0.3306,14622,824,0.3574,2011,C_2011_2020,0
3508,131,26.67,0.3136,20963,1083,0.3235,2011,C_2011_2020,1
2049,129,15.84,0.5368,12357,676,0.3397,2011,C_2011_2020,1
2459,115,21.26,0.488,14192,748,0.3168,2011,C_2011_2020,1
2074,91,22.47,0.675,12451,707,0.3602,2011,C_2011_2020,1
3793,144,26.28,0.29,22869,1138,0.3148,2011,C_2011_2020,1
1698,75,22.57,0.4711,10229,629,0.3899,2011,C_2011_2020,1
12730,638,20.03,0.11,76825,2506,0.2093,2011,C_2011_2020,1
1505,74,20.22,0.6645,8996,527,0.3721,2011,C_2011_2020,1
11037,510,21.61,0.154,65626,2124,0.2046,2011,C_2011_2020,1
762,44,17.64,1.3123,4501,317,0.4357,2011,C_2011_2020,0
3317,138,23.8,0.3015,20040,1062,0.3443,2011,C_2011_2020,1
4683,214,22.04,0.2776,27778,1150,0.2577,2011,C_2011_2020,1
7111,308,23.17,0.2109,43682,1654,0.2464,2011,C_2011_2020,1
7709,364,21.25,0.1946,46513,1524,0.2116,2011,C_2011_2020,1
2532,118,21.54,0.2765,14737,796,0.3278,2011,C_2011_2020,1
1066,75,14.25,0.7505,6244,441,0.4484,2011,C_2011_2020,0
2669,153,17.55,0.4121,15583,731,0.287,2012,C_2011_2020,1
11677,554,20.9,0.1199,69574,2036,0.1873,2012,C_2011_2020,1
3710,129,28.48,0.2156,21920,674,0.19,2012,C_2011_2020,2
25293,956,26.49,0.0751,159247,3658,0.1538,2012,C_2011_2020,0
6558,342,19.18,0.183,38430,1613,0.2569,2012,C_2011_2020,1
10565,488,21.62,0.142,61795,2133,0.2125,2012,C_2011_2020,0
5346,262,20.19,0.1684,31041,1397,0.2731,2012,C_2011_2020,0
4246,199,21.18,0.2826,26261,1001,0.2473,2012,C_2011_2020,0
4379,174,25.02,0.2284,26273,1376,0.3279,2012,C_2011_2020,1
10812,456,23.54,0.1387,60851,2110,0.2031,2012,C_2011_2020,1
3036,126,24.09,0.1976,17401,770,0.2638,2012,C_2011_2020,1
2935,176,16.71,0.2044,17342,885,0.3182,2012,C_2011_2020,1
11217,474,23.53,0.1426,65938,2246,0.2104,2012,C_2011_2020,1
2518,115,21.95,0.3574,14996,743,0.3201,2012,C_2011_2020,1
3783,174,21.82,0.2643,22642,969,0.2715,2012,C_2011_2020,0
7666,297,25.67,0.1826,43845,1477,0.2047,2012,C_2011_2020,1
6050,329,18.32,0.1818,34838,1522,0.2641,2012,C_2011_2020,0
4530,167,27.02,0.1766,26331,1036,0.2377,2012,C_2011_2020,2
10044,573,17.24,0.1593,61157,2057,0.218,2012,C_2011_2020,0
1217,51,23.65,0.6574,7369,518,0.4478,2012,C_2011_2020,1
10644,547,19.32,0.1503,63526,2416,0.2432,2012,C_2011_2020,0
1874,114,16.52,0.5336,11358,576,0.318,2012,C_2011_2020,1
5466,246,22.15,0.1829,31220,1473,0.2808,2012,C_2011_2020,1
3428,147,23.31,0.2334,19913,875,0.2681,2012,C_2011_2020,1
1911,116,16.53,0.4186,10996,656,0.3585,2012,C_2011_2020,0
3188,175,18.13,0.3137,19330,933,0.3124,2012,C_2011_2020,1
11017,376,29.17,0.1271,65556,2051,0.1966,2012,C_2011_2020,0
5839,282,20.54,0.2398,33843,1428,0.2574,2012,C_2011_2020,1
6200,243,25.45,0.2581,36426,1397,0.2368,2012,C_2011_2020,0
2616,137,18.93,0.4587,16209,879,0.3517,2012,C_2011_2020,1
2739,126,21.64,0.3651,16284,831,0.3195,2012,C_2011_2020,0
32706,1594,20.47,0.0489,200814,3837,0.1276,2012,C_2011_2020,0
5149,252,20.31,0.2331,29558,1176,0.2402,2012,C_2011_2020,1
15875,636,24.81,0.063,92272,2204,0.1466,2012,C_2011_2020,1
2998,171,17.33,0.3002,17314,982,0.3402,2012,C_2011_2020,0
11557,515,22.35,0.1471,69411,2415,0.2187,2012,C_2011_2020,1
10433,457,22.62,0.115,61684,2356,0.2374,2012,C_2011_2020,0
1954,66,29.62,0.4094,11217,601,0.3193,2012,C_2011_2020,1
8334,424,19.72,0.168,52879,1971,0.2502,2012,C_2011_2020,1
7677,326,23.32,0.2345,45988,2157,0.2937,2012,C_2011_2020,1
14755,695,21.26,0.1423,88421,2859,0.2038,2012,C_2011_2020,1
5358,289,18.48,0.2613,32805,1473,0.2917,2012,C_2011_2020,1
1270,54,23.52,0.3937,7221,457,0.378,2012,C_2011_2020,0
1879,118,15.98,0.3725,11034,725,0.4023,2012,C_2011_2020,0
6073,297,20.31,0.2141,35597,1433,0.2465,2012,C_2011_2020,0
5294,198,26.71,0.1889,31344,1237,0.2463,2012,C_2011_2020,1
2199,77,28.53,0.5457,12631,669,0.3201,2012,C_2011_2020,1
1457,87,16.7,0.4804,8400,509,0.3713,2012,C_2011_2020,2
3386,172,19.76,0.2953,19829,822,0.2537,2012,C_2011_2020,0
890,61,13.8,0.5618,5185,351,0.4112,2012,C_2011_2020,1
2450,122,20.09,0.449,14512,692,0.2939,2012,C_2011_2020,1
2947,142,20.58,0.4411,17302,937,0.3319,2012,C_2011_2020,1
3915,143,27.36,0.2043,24532,988,0.27,2012,C_2011_2020,1
1595,67,23.72,0.627,9172,496,0.3323,2012,C_2011_2020,1
8393,436,19.16,0.2025,49367,1744,0.2197,2012,C_2011_2020,0
9569,421,22.48,0.115,55119,2029,0.2223,2012,C_2011_2020,0
3174,183,17.49,0.4411,18727,993,0.327,2012,C_2011_2020,1
4913,250,19.64,0.1628,29097,1539,0.3306,2012,C_2011_2020,2
14531,734,19.71,0.1583,85078,2777,0.204,2012,C_2011_2020,2
2846,135,20.94,0.3514,16594,928,0.3377,2012,C_2011_2020,0
2420,105,22.81,0.2479,15288,786,0.3434,2012,C_2011_2020,2
7648,368,20.68,0.1308,44131,1759,0.2424,2012,C_2011_2020,0
5273,188,27.86,0.3034,32129,1331,0.2678,2012,C_2011_2020,0
5265,275,19.13,0.095,32104,1470,0.2908,2012,C_2011_2020,2
4227,174,24.06,0.2129,24611,1179,0.2886,2012,C_2011_2020,1
1890,90,21.01,0.5291,11361,695,0.3873,2012,C_2011_2020,0
14365,710,20.38,0.0766,87956,2505,0.1845,2012,C_2011_2020,0
8078,389,20.85,0.1857,47179,1651,0.2137,2012,C_2011_2020,1
11453,419,27.1,0.1572,67239,1888,0.1725,2012,C_2011_2020,1
7118,315,22.56,0.1545,43876,1477,0.2207,2012,C_2011_2020,1
7390,363,20.25,0.1083,42532,1703,0.2403,2012,C_2011_2020,0
5518,238,23.13,0.2175,32598,1245,0.2376,2012,C_2011_2020,2
2103,128,16.51,0.3329,13026,688,0.3414,2012,C_2011_2020,0
1273,85,15.11,0.707,7588,535,0.4344,2012,C_2011_2020,0
2481,164,15.17,0.2418,14559,812,0.3422,2012,C_2011_2020,1
2527,107,23.67,0.2374,14626,809,0.3364,2012,C_2011_2020,1
2714,125,21.61,0.2948,15810,786,0.3036,2012,C_2011_2020,1
15103,846,17.78,0.1192,87878,2863,0.2007,2012,C_2011_2020,1
6922,365,18.72,0.2167,41106,1389,0.215,2012,C_2011_2020,2
5908,305,19.43,0.1354,34681,1452,0.2596,2012,C_2011_2020,1
1256,47,26.6,0.8758,7503,513,0.4275,2012,C_2011_2020,1
11658,670,17.32,0.0772,68024,2402,0.2149,2012,C_2011_2020,0
3198,151,21.21,0.3127,18692,961,0.3127,2012,C_2011_2020,0
3542,208,17.15,0.3388,21170,889,0.2648,2012,C_2011_2020,1
13012,549,23.53,0.1768,75758,2514,0.2023,2012,C_2011_2020,0
4852,212,22.89,0.2267,28799,1122,0.2451,2012,C_2011_2020,1
15331,637,23.97,0.0978,91997,2678,0.1843,2012,C_2011_2020,0
8867,402,22.5,0.0677,51258,1276,0.1517,2012,C_2011_2020,1
22090,880,24.94,0.0815,136180,3563,0.1735,2012,C_2011_2020,2
5054,242,20.86,0.1979,30409,1145,0.238,2012,C_2011_2020,0
7470,325,22.86,0.1606,46465,1797,0.2545,2012,C_2011_2020,1
5956,215,27.6,0.1343,34923,1357,0.2408,2012,C_2011_2020,1
6546,354,18.62,0.168,38850,1510,0.242,2012,C_2011_2020,0
8990,388,22.94,0.1335,53077,2162,0.2514,2012,C_2011_2020,1
1614,108,14.72,0.4957,9602,557,0.3618,2012,C_2011_2020,1
9790,542,17.73,0.1226,57663,2048,0.222,2012,C_2011_2020,2
3298,161,20.37,0.2122,19038,958,0.3053,2012,C_2011_2020,0
6374,240,26.42,0.251,37302,1286,0.2131,2012,C_2011_2020,1
3819,168,22.77,0.288,22551,939,0.2563,2012,C_2011_2020,1
3553,123,28.66,0.2533,20563,899,0.2654,2012,C_2011_2020,1
1996,86,23.21,0.3507,11856,586,0.3151,2012,C_2011_2020,1
3616,227,15.89,0.3042,21291,1108,0.3194,2012,C_2011_2020,0
3619,148,24.24,0.3592,21663,1077,0.3128,2012,C_2011_2020,1
4789,210,22.63,0.2088,28063,1060,0.232,2012,C_2011_2020,0
18303,617,29.63,0.082,107983,2716,0.158,2012,C_2011_2020,0
6253,206,30.28,0.1439,35881,1336,0.2217,2012,C_2011_2020,1
6060,293,20.54,0.1815,35760,1628,0.2823,2012,C_2011_2020,0
12458,559,22.34,0.1525,75765,2420,0.2032,2012,C_2011_2020,0
3996,187,21.1,0.2503,23103,1063,0.2778,2012,C_2011_2020,0
3299,172,19.19,0.3334,19423,955,0.3043,2012,C_2011_2020,1
10449,364,28.63,0.1053,60691,1993,0.1994,2012,C_2011_2020,1
4530,289,15.78,0.1987,26306,1271,0.2943,2012,C_2011_2020,0
5039,192,26.1,0.258,30000,1327,0.2774,2012,C_2011_2020,1
5736,254,22.52,0.1918,33681,1304,0.2418,2012,C_2011_2020,1
11039,512,21.54,0.154,64506,2222,0.2151,2012,C_2011_2020,1
4762,199,23.87,0.294,28611,1354,0.2995,2012,C_2011_2020,1
3256,148,22.11,0.3993,19397,846,0.2724,2012,C_2011_2020,1
17671,747,23.57,0.1019,106069,2703,0.1629,2012,C_2011_2020,1
4087,259,15.54,0.1957,23890,1254,0.323,2012,C_2011_2020,0
1762,85,20.21,0.681,10405,638,0.3888,2012,C_2011_2020,1
3739,204,18.23,0.2942,21677,1001,0.2824,2012,C_2011_2020,2
4045,176,22.98,0.3956,24327,1079,0.2784,2012,C_2011_2020,1
6470,301,21.32,0.1855,37391,1636,0.2668,2012,C_2011_2020,0
74349,2873,25.95,0.0296,454999,6805,0.0989,2012,C_2011_2020,0
3490,191,18.28,0.3438,21535,945,0.2877,2012,C_2011_2020,1
6690,249,26.67,0.2392,40534,1233,0.1931,2012,C_2011_2020,1
3493,150,23.11,0.2863,20820,1026,0.3052,2012,C_2011_2020,1
4198,195,21.33,0.2144,24227,1263,0.3142,2012,C_2011_2020,1
5351,260,20.34,0.2056,31467,1273,0.2499,2012,C_2011_2020,0
3182,146,21.73,0.1886,18658,1095,0.3558,2012,C_2011_2020,1
6247,316,19.79,0.1601,36310,1463,0.244,2012,C_2011_2020,0
3485,186,18.79,0.2296,20490,947,0.2841,2012,C_2011_2020,1
5335,213,24.89,0.2249,33230,1210,0.2455,2012,C_2011_2020,1
3814,145,26.16,0.3408,22982,849,0.2318,2012,C_2011_2020,1
3802,161,23.55,0.263,22103,1052,0.2891,2012,C_2011_2020,2
3750,193,19.45,0.32,21962,1026,0.2867,2012,C_2011_2020,0
15668,734,21.12,0.0766,91276,2741,0.184,2012,C_2011_2020,0
4658,201,23.18,0.2362,27966,1328,0.2997,2012,C_2011_2020,0
5821,224,25.88,0.1546,33913,1278,0.2307,2012,C_2011_2020,0
5509,222,24.76,0.2178,32534,1321,0.2509,2012,C_2011_2020,0
1426,59,23.71,0.561,8129,477,0.3527,2012,C_2011_2020,2
8441,429,19.81,0.2251,51604,1993,0.2521,2012,C_2011_2020,1
7594,267,28.3,0.1449,46030,1457,0.2061,2012,C_2011_2020,1
2203,112,19.52,0.4993,13222,756,0.3581,2012,C_2011_2020,1
6021,282,21.15,0.2491,35099,1485,0.2581,2012,C_2011_2020,1
4862,314,15.61,0.2468,29395,1321,0.2869,2012,C_2011_2020,1
3986,174,22.75,0.3261,23863,973,0.2599,2012,C_2011_2020,1
2529,106,23.78,0.4745,15395,881,0.3673,2012,C_2011_2020,1
2106,94,22.51,0.4748,12502,760,0.3808,2012,C_2011_2020,1
3941,201,19.48,0.3552,23468,1147,0.3053,2012,C_2011_2020,1
5867,230,25.4,0.2045,34262,1251,0.2264,2012,C_2011_2020,1
4996,235,21.11,0.3002,29644,1200,0.256,2012,C_2011_2020,0
17576,787,22.25,0.074,102281,3079,0.1876,2012,C_2011_2020,1
5063,197,25.56,0.2568,29373,1308,0.2714,2012,C_2011_2020,1
1847,101,18.08,0.4873,11017,720,0.4077,2012,C_2011_2020,0
4808,181,26.56,0.208,28191,1191,0.2592,2012,C_2011_2020,1
3224,199,16.24,0.2792,19089,918,0.2962,2012,C_2011_2020,1
2559,135,18.69,0.2735,14794,744,0.3013,2012,C_2011_2020,0
4717,259,18.42,0.212,29361,1260,0.282,2012,C_2011_2020,0
1510,83,17.99,0.3974,9036,577,0.4007,2012,C_2011_2020,1
3656,122,29.76,0.2188,20943,870,0.2497,2012,C_2011_2020,0
15000,837,17.81,0.1,91274,2189,0.1554,2012,C_2011_2020,1
15460,625,24.67,0.1294,95318,2669,0.1814,2012,C_2011_2020,1
4605,172,26.98,0.2389,27959,989,0.2245,2012,C_2011_2020,1
13402,758,17.91,0.1418,79916,2147,0.1675,2012,C_2011_2020,0
5182,197,26.19,0.3281,29976,1188,0.2401,2012,C_2011_2020,2
7303,312,23.38,0.2602,44845,1781,0.2572,2012,C_2011_2020,1
1420,63,22.29,0.5634,8321,501,0.3711,2012,C_2011_2020,1
7493,412,18.04,0.2269,44652,1735,0.2442,2012,C_2011_2020,0
2464,110,22.08,0.3653,14116,855,0.3592,2013,C_2011_2020,0
2882,142,20.29,0.3817,17534,799,0.2887,2013,C_2011_2020,0
4146,207,20.05,0.2653,24370,1083,0.2728,2013,C_2011_2020,1
8390,364,22.89,0.1549,49491,1716,0.2167,2013,C_2011_2020,2
8828,412,21.34,0.2605,51854,1780,0.2139,2013,C_2011_2020,0
5581,244,22.78,0.2509,33308,1444,0.2711,2013,C_2011_2020,1
3839,159,24.01,0.3126,22608,1097,0.3022,2013,C_2011_2020,1
7173,275,25.93,0.1952,42011,1639,0.2371,2013,C_2011_2020,1
19053,1152,16.46,0.0787,114296,2995,0.1681,2013,C_2011_2020,0
2175,99,21.74,0.3678,12711,849,0.4078,2013,C_2011_2020,0
2146,115,18.43,0.466,12743,695,0.3388,2013,C_2011_2020,0
3125,112,27.72,0.32,18075,804,0.2707,2013,C_2011_2020,1
2289,122,18.49,0.2621,13918,682,0.3089,2013,C_2011_2020,2
4578,243,18.66,0.1747,27553,1132,0.2573,2013,C_2011_2020,2
3738,222,16.69,0.214,22524,817,0.2338,2013,C_2011_2020,2
6783,281,24.05,0.1769,39230,1266,0.1953,2013,C_2011_2020,1
34851,1767,19.63,0.0516,209025,4704,0.1421,2013,C_2011_2020,2
24126,932,25.9,0.0663,142082,3122,0.1391,2013,C_2011_2020,1
13357,418,31.75,0.0973,78723,1939,0.1536,2013,C_2011_2020,1
5607,210,26.57,0.1962,32108,1109,0.2135,2013,C_2011_2020,1
3325,136,24.24,0.3308,18796,923,0.2926,2013,C_2011_2020,1
3317,149,21.99,0.3316,18964,938,0.2948,2013,C_2011_2020,0
2435,121,19.85,0.4107,14914,939,0.4049,2013,C_2011_2020,0
852,47,18.06,0.7042,5141,306,0.385,2013,C_2011_2020,1
5240,271,19.3,0.2099,31405,1272,0.2555,2013,C_2011_2020,2
10403,452,22.91,0.1923,61707,2133,0.2168,2013,C_2011_2020,1
3336,180,18.58,0.4496,20295,931,0.2902,2013,C_2011_2020,1
6992,358,19.45,0.1573,42825,1651,0.2527,2013,C_2011_2020,1
5687,328,17.3,0.3341,33604,1550,0.2838,2013,C_2011_2020,0
8024,404,19.79,0.2991,48518,1716,0.2236,2013,C_2011_2020,0
2532,131,19.39,0.3949,15403,858,0.3558,2013,C_2011_2020,1
5155,280,18.34,0.2522,31030,1399,0.2826,2013,C_2011_2020,1
5459,243,22.28,0.2015,31261,1298,0.2497,2013,C_2011_2020,0
2569,131,19.46,0.506,15242,853,0.3429,2013,C_2011_2020,1
11706,567,20.54,0.094,71928,2183,0.1949,2013,C_2011_2020,0
22584,857,26.22,0.0753,134953,2966,0.1419,2013,C_2011_2020,1
13615,539,25.18,0.1542,81889,2460,0.1893,2013,C_2011_2020,1
3641,152,23.91,0.3021,21689,949,0.2788,2013,C_2011_2020,1
2882,150,18.84,0.3123,17290,977,0.355,2013,C_2011_2020,0
7468,250,29.78,0.1607,45303,1310,0.1893,2013,C_2011_2020,1
5485,228,23.92,0.1459,32453,1170,0.2257,2013,C_2011_2020,1
2165,101,21.52,0.2309,12664,612,0.2993,2013,C_2011_2020,0
3417,169,20.17,0.439,21218,957,0.2976,2013,C_2011_2020,0
3272,156,20.99,0.2445,19584,933,0.2986,2013,C_2011_2020,1
9254,340,27.11,0.1837,53890,1709,0.1948,2013,C_2011_2020,1
4942,228,21.5,0.2631,29802,1380,0.2922,2013,C_2011_2020,1
2194,89,24.38,0.3646,12814,732,0.345,2013,C_2011_2020,0
3510,171,20.42,0.3419,20643,890,0.2684,2013,C_2011_2020,1
3058,120,25.35,0.327,17755,828,0.2789,2013,C_2011_2020,0
4780,213,22.49,0.2092,27995,1186,0.2579,2013,C_2011_2020,1
1578,88,17.97,0.3802,9586,442,0.3004,2013,C_2011_2020,0
2806,148,18.73,0.4277,16309,862,0.3211,2013,C_2011_2020,1
2674,123,21.52,0.2992,15786,877,0.3422,2013,C_2011_2020,2
8190,337,24.09,0.1343,48027,1547,0.2001,2013,C_2011_2020,0
5198,358,14.75,0.1347,31612,1555,0.3136,2013,C_2011_2020,1
3470,128,26.9,0.2305,20577,787,0.2409,2013,C_2011_2020,0
3603,179,20.0,0.2775,20450,1015,0.2948,2013,C_2011_2020,1
4028,169,23.73,0.2234,23805,1191,0.3044,2013,C_2011_2020,0
6524,355,18.33,0.1839,38117,1593,0.2564,2013,C_2011_2020,1
7507,418,17.81,0.1066,45088,1686,0.2358,2013,C_2011_2020,1
2452,171,14.44,0.2447,14800,884,0.3707,2013,C_2011_2020,2
1125,56,19.82,0.5333,6510,398,0.3707,2013,C_2011_2020,1
11683,414,28.14,0.1198,71911,2422,0.222,2013,C_2011_2020,0
4323,176,24.66,0.2082,25516,987,0.2424,2013,C_2011_2020,1
2698,119,22.53,0.3706,15944,857,0.3354,2013,C_2011_2020,1
6417,289,22.24,0.1558,38428,1414,0.2305,2013,C_2011_2020,0
2845,135,21.0,0.3515,16543,784,0.2903,2013,C_2011_2020,1
4529,234,19.32,0.2208,26337,1157,0.272,2013,C_2011_2020,1
2157,98,21.94,0.51,12800,673,0.3241,2013,C_2011_2020,1
6373,229,27.76,0.1883,37638,1560,0.2529,2013,C_2011_2020,1
1590,67,23.69,0.566,9310,486,0.3138,2013,C_2011_2020,1
5202,299,17.38,0.173,29977,1351,0.2745,2013,C_2011_2020,0
3186,158,20.09,0.2511,18844,801,0.263,2013,C_2011_2020,1
2286,140,15.94,0.35,13465,831,0.3771,2013,C_2011_2020,0
701,38,18.13,0.9986,4055,331,0.4893,2013,C_2011_2020,1
5432,242,22.56,0.1841,32087,1182,0.2283,2013,C_2011_2020,1
2492,163,15.21,0.5217,14900,802,0.3379,2013,C_2011_2020,2
2791,132,21.14,0.3225,16423,873,0.3275,2013,C_2011_2020,0
6686,312,21.29,0.1645,39015,1694,0.2614,2013,C_2011_2020,0
2158,123,17.39,0.4634,12550,797,0.3892,2013,C_2011_2020,0
9760,269,36.0,0.2357,57352,1554,0.1691,2013,C_2011_2020,0
7310,327,22.4,0.301,44204,1742,0.2557,2013,C_2011_2020,1
1597,73,21.79,0.4383,9391,551,0.3638,2013,C_2011_2020,1
4016,181,22.1,0.3237,24637,1006,0.2657,2013,C_2011_2020,1
2343,97,23.99,0.3841,14077,803,0.3589,2013,C_2011_2020,0
19434,762,25.4,0.0875,117622,3445,0.187,2013,C_2011_2020,2
5954,257,22.97,0.2015,34300,1232,0.2182,2013,C_2011_2020,1
7370,314,23.34,0.1628,43150,1764,0.2482,2013,C_2011_2020,0
4118,214,19.11,0.3885,24075,1226,0.3123,2013,C_2011_2020,1
719,56,12.96,0.9736,4345,288,0.4256,2013,C_2011_2020,1
7812,379,20.46,0.1408,47325,1983,0.2697,2013,C_2011_2020,0
2063,113,18.28,0.5332,12310,668,0.3408,2013,C_2011_2020,1
1470,124,11.9,0.4762,9011,660,0.4673,2013,C_2011_2020,1
1600,81,19.59,0.5,9652,625,0.4106,2013,C_2011_2020,1
4791,240,20.13,0.1252,28215,1010,0.2196,2013,C_2011_2020,1
3553,151,23.4,0.2815,20970,1020,0.2986,2013,C_2011_2020,1
2326,150,15.63,0.3009,13872,735,0.3328,2013,C_2011_2020,1
5450,260,20.52,0.1835,32148,1468,0.2851,2013,C_2011_2020,0
2569,124,20.85,0.3893,14970,820,0.3344,2013,C_2011_2020,1
3395,158,21.28,0.324,20623,835,0.2586,2013,C_2011_2020,1
4815,259,18.49,0.2492,29634,1247,0.2719,2013,C_2011_2020,0
4342,169,25.59,0.1842,25328,1170,0.2787,2013,C_2011_2020,1
6692,273,24.31,0.1345,38757,1513,0.2398,2013,C_2011_2020,1
4470,220,20.31,0.3132,26241,1132,0.2694,2013,C_2011_2020,1
8887,407,21.7,0.1013,53198,1494,0.1784,2013,C_2011_2020,0
6002,287,20.8,0.1333,35822,1412,0.2489,2013,C_2011_2020,1
3208,159,20.25,0.1559,19064,1017,0.3376,2013,C_2011_2020,2
3525,186,19.04,0.3121,21310,1181,0.3472,2013,C_2011_2020,0
8442,493,16.91,0.1421,50064,1966,0.2446,2013,C_2011_2020,1
16091,714,22.41,0.0808,97129,2710,0.1807,2013,C_2011_2020,0
2128,111,19.16,0.5169,12564,629,0.3139,2013,C_2011_2020,1
2616,112,23.28,0.4205,15530,709,0.2894,2013,C_2011_2020,1
5227,215,24.42,0.1148,31575,1177,0.2349,2013,C_2011_2020,0
528,29,18.07,1.8939,3198,267,0.5379,2013,C_2011_2020,0
2708,118,22.89,0.2585,15620,786,0.3039,2013,C_2011_2020,1
319,25,12.6,1.5674,1935,172,0.5768,2013,C_2011_2020,1
9066,443,20.16,0.1765,54742,1727,0.2013,2013,C_2011_2020,0
7773,467,16.51,0.2058,47436,1891,0.2561,2013,C_2011_2020,1
6861,326,20.7,0.1749,41052,1672,0.2559,2013,C_2011_2020,1
6453,278,23.04,0.2015,36885,1454,0.2396,2013,C_2011_2020,1
4772,230,20.61,0.1886,27867,1084,0.2389,2013,C_2011_2020,2
4670,236,19.61,0.2141,26837,1105,0.2458,2013,C_2011_2020,1
1725,104,16.52,0.4058,10645,600,0.3675,2013,C_2011_2020,1
4418,166,26.61,0.249,25717,968,0.2309,2013,C_2011_2020,1
4951,153,32.22,0.303,29636,1251,0.2773,2013,C_2011_2020,1
5606,238,23.32,0.2497,32715,1268,0.2383,2013,C_2011_2020,0
4096,226,18.12,0.1953,24354,1332,0.3376,2013,C_2011_2020,0
11169,510,21.85,0.0627,66588,2188,0.2072,2013,C_2011_2020,1
4443,198,22.32,0.2251,26970,1031,0.246,2013,C_2011_2020,0
604,66,9.3,1.4901,3684,284,0.5017,2013,C_2011_2020,1
6039,268,22.48,0.1656,35293,1302,0.2272,2013,C_2011_2020,0
6737,255,26.36,0.2078,40990,1467,0.232,2013,C_2011_2020,0
3735,212,17.84,0.1874,22063,954,0.2715,2013,C_2011_2020,1
3793,137,27.63,0.3691,23007,1001,0.2774,2013,C_2011_2020,1
3218,119,26.82,0.3108,18547,703,0.2318,2013,C_2011_2020,1
1776,71,24.59,0.5631,10308,630,0.3699,2013,C_2011_2020,1
6361,230,27.58,0.1572,37926,1226,0.2009,2013,C_2011_2020,0
3691,139,26.35,0.298,21873,1178,0.33,2013,C_2011_2020,1
2407,134,17.54,0.3324,13741,768,0.3394,2013,C_2011_2020,0
12484,536,23.36,0.1041,75209,1921,0.1645,2013,C_2011_2020,0
7209,257,27.99,0.1665,41904,1609,0.2333,2013,C_2011_2020,1
806,44,18.55,0.8685,4813,354,0.4702,2013,C_2011_2020,1
6776,280,24.14,0.2214,40170,1664,0.2584,2013,C_2011_2020,1
4802,239,20.06,0.2291,29249,1132,0.2499,2013,C_2011_2020,1
3023,133,22.77,0.1985,17381,842,0.2928,2013,C_2011_2020,1
4228,178,23.54,0.3548,25073,1134,0.2881,2013,C_2011_2020,0
5466,466,11.65,0.1829,30754,1214,0.2327,2013,C_2011_2020,1
3722,178,20.92,0.3224,22428,1063,0.2993,2013,C_2011_2020,1
18362,802,22.76,0.0599,108611,2589,0.1483,2013,C_2011_2020,1
2407,123,19.63,0.457,14427,817,0.3523,2013,C_2011_2020,1
2130,125,16.98,0.4225,12610,747,0.361,2013,C_2011_2020,0
1427,61,23.21,0.5606,8307,445,0.328,2013,C_2011_2020,1
2094,109,18.95,0.382,12410,730,0.3653,2013,C_2011_2020,2
3280,132,24.66,0.2744,19383,938,0.2997,2013,C_2011_2020,1
3675,209,17.47,0.381,22132,932,0.2697,2013,C_2011_2020,1
6693,310,21.52,0.2839,40290,1478,0.2343,2013,C_2011_2020,1
4174,174,23.91,0.2875,24896,1060,0.2652,2013,C_2011_2020,1
4011,173,23.17,0.2493,22894,905,0.2361,2013,C_2011_2020,1
3035,168,17.82,0.4283,18183,890,0.311,2013,C_2011_2020,1
4515,212,20.98,0.2879,27189,1169,0.2726,2013,C_2011_2020,1
10616,545,19.4,0.1036,64984,2024,0.199,2013,C_2011_2020,2
5034,213,23.58,0.3377,29786,964,0.2046,2013,C_2011_2020,1
2688,144,18.47,0.2604,15696,915,0.3683,2013,C_2011_2020,0
5295,207,25.44,0.2833,31867,1562,0.3046,2013,C_2011_2020,2
4095,143,28.6,0.3175,24372,912,0.2337,2013,C_2011_2020,0
33574,1365,24.5,0.0953,200185,6033,0.1901,2013,C_2011_2020,1
3122,221,14.36,0.3523,18395,899,0.3027,2013,C_2011_2020,1
3525,216,16.4,0.3121,21319,1015,0.2999,2013,C_2011_2020,0
3507,215,16.19,0.2281,20877,1023,0.3071,2013,C_2011_2020,2
2723,148,18.39,0.2571,16300,871,0.3349,2013,C_2011_2020,2
6809,275,24.64,0.2056,39551,1341,0.2078,2013,C_2011_2020,1
7308,290,24.91,0.1368,42809,1423,0.2066,2013,C_2011_2020,1
7457,273,27.23,0.1743,44001,1527,0.2152,2013,C_2011_2020,1
5556,349,15.92,0.27,33356,1475,0.2786,2013,C_2011_2020,1
7747,407,18.84,0.2582,46106,1815,0.2454,2013,C_2011_2020,0
3231,124,25.8,0.3405,18887,983,0.3157,2013,C_2011_2020,2
1088,66,16.36,1.011,6714,430,0.4265,2013,C_2011_2020,0
5393,209,25.74,0.1669,33675,1277,0.2568,2013,C_2011_2020,1
8391,346,24.26,0.1549,49300,1446,0.1842,2013,C_2011_2020,1
3710,196,18.84,0.3235,22450,1003,0.2841,2013,C_2011_2020,0
4327,177,24.18,0.2311,26764,1177,0.2856,2013,C_2011_2020,0
5538,295,18.82,0.1806,32437,1310,0.2524,2013,C_2011_2020,2
8348,330,25.2,0.1437,50887,1542,0.1954,2013,C_2011_2020,0
3400,158,21.39,0.2647,20158,903,0.2821,2013,C_2011_2020,0
4026,266,15.15,0.3477,24352,1168,0.301,2013,C_2011_2020,0
1418,78,17.81,0.7052,8783,560,0.4126,2014,C_2011_2020,1
812,48,16.9,0.7389,4955,369,0.4791,2014,C_2011_2020,0
1931,75,25.43,0.6732,11697,615,0.3345,2014,C_2011_2020,0
3046,143,21.44,0.3283,17757,892,0.306,2014,C_2011_2020,1
1767,99,17.9,0.3396,10389,670,0.4029,2014,C_2011_2020,1
7735,301,25.65,0.1164,46900,1685,0.2312,2014,C_2011_2020,0
4443,319,13.79,0.2701,25807,1212,0.2867,2014,C_2011_2020,0
5490,248,22.15,0.2004,32537,1245,0.2397,2014,C_2011_2020,1
2842,138,20.78,0.5278,16807,770,0.2899,2014,C_2011_2020,1
5117,203,25.0,0.2736,29903,1492,0.3064,2014,C_2011_2020,1
2123,107,19.8,0.5181,12692,613,0.3029,2014,C_2011_2020,1
3439,156,21.89,0.2908,20472,901,0.2762,2014,C_2011_2020,2
3250,203,15.56,0.3077,18800,1047,0.3357,2014,C_2011_2020,0
3189,142,22.36,0.3763,18805,942,0.3067,2014,C_2011_2020,1
3361,171,19.5,0.1785,19654,960,0.3005,2014,C_2011_2020,0
11751,471,24.76,0.1106,70198,2331,0.2104,2014,C_2011_2020,1
3363,174,19.3,0.2379,20316,1045,0.325,2014,C_2011_2020,1
2432,147,16.22,0.3701,14222,783,0.3347,2014,C_2011_2020,0
1592,74,21.28,0.5653,9148,673,0.4384,2014,C_2011_2020,0
10387,553,18.92,0.1733,63290,2038,0.2069,2014,C_2011_2020,0
1522,90,16.9,0.5256,9047,575,0.3936,2014,C_2011_2020,1
4979,246,20.07,0.3414,30346,1631,0.3446,2014,C_2011_2020,1
5631,230,24.17,0.2486,34589,1535,0.284,2014,C_2011_2020,1
2226,81,27.25,0.6289,13156,667,0.3226,2014,C_2011_2020,1
2455,123,19.97,0.4073,15180,768,0.3312,2014,C_2011_2020,1
3672,169,21.62,0.2179,20864,930,0.2691,2014,C_2011_2020,1
7880,361,21.66,0.1396,46618,1834,0.2495,2014,C_2011_2020,1
12455,542,23.0,0.0803,73654,2299,0.1956,2014,C_2011_2020,0
2757,104,26.19,0.2539,16415,699,0.2702,2014,C_2011_2020,0
3418,167,20.44,0.2926,20520,936,0.2882,2014,C_2011_2020,1
1873,100,18.65,0.7475,11048,584,0.3316,2014,C_2011_2020,1
4768,186,25.53,0.2936,27759,1075,0.2343,2014,C_2011_2020,1
13889,674,20.65,0.0864,81446,2417,0.1822,2014,C_2011_2020,0
1922,128,15.04,0.3122,11698,606,0.3314,2014,C_2011_2020,1
2482,112,22.16,0.4835,14106,676,0.2937,2014,C_2011_2020,0
3475,158,21.89,0.3453,20715,989,0.3027,2014,C_2011_2020,0
17683,920,19.28,0.0905,103850,2920,0.177,2014,C_2011_2020,2
13443,622,21.56,0.1413,81383,2891,0.2301,2014,C_2011_2020,0
9055,429,20.89,0.254,54238,2011,0.233,2014,C_2011_2020,1
5818,198,29.4,0.2406,35152,1400,0.2546,2014,C_2011_2020,1
4852,227,21.19,0.2061,28722,1300,0.2826,2014,C_2011_2020,2
1148,59,19.44,0.6098,6769,420,0.3902,2014,C_2011_2020,1
982,65,14.98,0.611,5679,442,0.4735,2014,C_2011_2020,1
3149,116,26.99,0.3493,18244,805,0.2706,2014,C_2011_2020,1
9542,394,24.25,0.1362,56516,2076,0.2307,2014,C_2011_2020,1
3934,182,21.62,0.305,23308,1096,0.3005,2014,C_2011_2020,1
2669,122,21.86,0.4496,15751,842,0.3327,2014,C_2011_2020,1
6893,306,22.55,0.2031,41093,1572,0.2434,2014,C_2011_2020,1
8666,393,22.04,0.15,51927,1736,0.2124,2014,C_2011_2020,0
3772,155,24.25,0.2386,22719,1007,0.2808,2014,C_2011_2020,0
6551,235,27.91,0.1069,37930,1348,0.2162,2014,C_2011_2020,1
2239,123,18.38,0.6253,13647,780,0.3613,2014,C_2011_2020,1
7492,360,20.68,0.1869,43173,1508,0.2113,2014,C_2011_2020,2
3550,147,24.37,0.3099,20806,875,0.2645,2014,C_2011_2020,1
2301,111,20.58,0.8257,13432,655,0.302,2014,C_2011_2020,1
1593,67,23.43,0.3766,9400,530,0.3484,2014,C_2011_2020,1
28482,1121,25.34,0.0597,170326,4266,0.1605,2014,C_2011_2020,2
8969,372,23.95,0.1784,53936,1877,0.2224,2014,C_2011_2020,2
5150,241,21.06,0.1748,28588,1293,0.2621,2014,C_2011_2020,1
11496,508,22.81,0.0957,67910,1838,0.1684,2014,C_2011_2020,0
1256,77,16.08,0.7962,7390,553,0.4745,2014,C_2011_2020,1
1994,119,16.57,0.5015,11408,674,0.349,2014,C_2011_2020,1
10103,475,21.17,0.0693,59616,1904,0.2005,2014,C_2011_2020,0
5302,229,22.9,0.132,31871,1256,0.2488,2014,C_2011_2020,1
3327,176,18.78,0.2705,19561,958,0.3045,2014,C_2011_2020,1
3314,201,16.5,0.3018,19517,901,0.2879,2014,C_2011_2020,1
8051,349,22.84,0.1242,47702,1668,0.2244,2014,C_2011_2020,2
2268,92,24.4,0.5291,13622,775,0.3549,2014,C_2011_2020,1
5046,338,15.03,0.1585,30680,1355,0.2838,2014,C_2011_2020,1
8194,317,25.84,0.1098,50776,1317,0.1738,2014,C_2011_2020,1
3969,174,22.76,0.2016,23353,1114,0.2905,2014,C_2011_2020,1
1692,86,19.79,0.591,9828,602,0.3741,2014,C_2011_2020,1
1524,56,27.16,0.4593,8596,521,0.3583,2014,C_2011_2020,0
2180,121,17.86,0.367,13205,674,0.3298,2014,C_2011_2020,0
7895,422,18.63,0.1393,46468,1928,0.259,2014,C_2011_2020,2
2661,128,20.66,0.451,16212,926,0.3743,2014,C_2011_2020,0
2434,148,16.36,0.2876,14490,799,0.3431,2014,C_2011_2020,0
1290,87,14.99,0.3876,7933,512,0.4209,2014,C_2011_2020,1
5741,250,22.92,0.1916,32726,1306,0.2379,2014,C_2011_2020,1
3566,177,20.01,0.3365,20569,1016,0.2973,2014,C_2011_2020,0
3959,222,17.78,0.3284,23211,1110,0.297,2014,C_2011_2020,1
1229,54,22.81,0.4068,7332,490,0.4174,2014,C_2011_2020,2
2771,122,22.83,0.397,16491,855,0.3309,2014,C_2011_2020,1
3458,153,22.54,0.2892,20169,1088,0.3355,2014,C_2011_2020,1
3094,160,19.05,0.3232,18065,1022,0.3423,2014,C_2011_2020,1
2348,132,17.46,0.4259,13331,630,0.2888,2014,C_2011_2020,2
1479,79,18.78,0.6761,8759,484,0.3408,2014,C_2011_2020,1
2625,113,23.13,0.381,15069,739,0.2933,2014,C_2011_2020,1
4461,182,24.33,0.1793,26296,1158,0.2757,2014,C_2011_2020,0
4568,245,18.58,0.197,27633,1341,0.3095,2014,C_2011_2020,1
5246,186,28.12,0.2669,31303,1246,0.2486,2014,C_2011_2020,0
2355,79,29.59,0.4246,13876,606,0.273,2014,C_2011_2020,2
5879,274,21.47,0.2211,34914,1336,0.2397,2014,C_2011_2020,1
9445,365,25.77,0.1059,57109,1663,0.1917,2014,C_2011_2020,0
7161,296,24.0,0.1955,41128,1468,0.2177,2014,C_2011_2020,1
5511,335,16.27,0.1996,32958,1311,0.25,2014,C_2011_2020,1
4711,170,27.46,0.2123,28110,1350,0.2974,2014,C_2011_2020,0
8623,339,25.42,0.1624,51620,1680,0.2053,2014,C_2011_2020,1
6632,283,23.34,0.2413,39139,1665,0.267,2014,C_2011_2020,1
3891,145,26.57,0.1799,23163,949,0.2596,2014,C_2011_2020,0
4772,171,27.85,0.461,28590,1151,0.2546,2014,C_2011_2020,1
4078,217,18.77,0.1471,24403,1078,0.2837,2014,C_2011_2020,1
627,39,16.15,1.5949,3859,318,0.5311,2014,C_2011_2020,1
4083,208,19.56,0.2449,24439,970,0.2496,2014,C_2011_2020,2
2369,130,18.05,0.3377,14477,717,0.3217,2014,C_2011_2020,1
3607,240,14.91,0.2772,20866,1123,0.3244,2014,C_2011_2020,0
2106,92,22.84,0.2374,12310,671,0.3362,2014,C_2011_2020,2
3932,132,29.58,0.3815,23089,964,0.2612,2014,C_2011_2020,1
1612,93,17.23,0.6203,9449,588,0.379,2014,C_2011_2020,0
3441,156,21.99,0.3487,20364,805,0.2505,2014,C_2011_2020,1
4132,205,20.0,0.363,23491,1053,0.2686,2014,C_2011_2020,0
3685,128,28.53,0.2714,21765,887,0.2518,2014,C_2011_2020,1
19824,1063,18.74,0.0757,123407,2794,0.1489,2014,C_2011_2020,1
3469,115,30.23,0.2594,19987,945,0.2813,2014,C_2011_2020,0
2530,116,21.74,0.2767,14349,674,0.2767,2014,C_2011_2020,1
9857,394,24.98,0.2333,59839,2007,0.2152,2014,C_2011_2020,1
6024,282,21.41,0.1992,36493,1515,0.2659,2014,C_2011_2020,1
9238,453,20.41,0.1299,53524,1889,0.2196,2014,C_2011_2020,2
5572,229,24.26,0.2692,33770,1405,0.2705,2014,C_2011_2020,0
3092,132,23.36,0.3881,17865,821,0.2788,2014,C_2011_2020,1
10341,484,21.37,0.1451,60321,1760,0.179,2014,C_2011_2020,1
1529,70,21.67,0.327,8795,566,0.3872,2014,C_2011_2020,0
7127,320,22.22,0.1684,42417,1888,0.2767,2014,C_2011_2020,1
1707,93,18.41,0.5272,10395,545,0.3427,2014,C_2011_2020,1
5231,267,19.67,0.3059,30524,1186,0.2405,2014,C_2011_2020,1
2230,85,25.94,0.5381,13207,739,0.3448,2014,C_2011_2020,1
5396,223,24.19,0.1668,31036,1390,0.2691,2014,C_2011_2020,0
14780,694,21.3,0.088,89027,2380,0.1733,2014,C_2011_2020,1
4595,223,20.47,0.1959,26302,1065,0.2457,2014,C_2011_2020,0
1703,71,23.73,0.5285,10298,671,0.4105,2014,C_2011_2020,1
8461,431,19.58,0.1655,50013,1878,0.2369,2014,C_2011_2020,0
2157,137,15.42,0.4172,13477,772,0.3839,2014,C_2011_2020,1
975,69,14.0,0.5128,6061,366,0.4021,2014,C_2011_2020,1
5218,264,19.86,0.2108,30938,1270,0.2555,2014,C_2011_2020,0
4661,190,24.58,0.3004,27423,1131,0.2532,2014,C_2011_2020,1
2850,146,19.29,0.2456,16620,876,0.3214,2014,C_2011_2020,1
3918,230,17.17,0.2552,23657,1111,0.3012,2014,C_2011_2020,1
3094,148,20.88,0.2262,18404,902,0.3067,2014,C_2011_2020,1
6552,330,19.78,0.1832,39662,1731,0.2752,2014,C_2011_2020,2
2639,89,29.55,0.4547,15093,715,0.2853,2014,C_2011_2020,1
6610,402,16.4,0.1664,37788,1526,0.2421,2014,C_2011_2020,2
3037,109,27.84,0.3293,17114,836,0.2881,2014,C_2011_2020,1
9470,409,23.13,0.1162,55601,1743,0.1935,2014,C_2011_2020,1
2481,96,25.82,0.2418,14686,809,0.3402,2014,C_2011_2020,2
6633,350,18.76,0.1809,40293,1396,0.2222,2014,C_2011_2020,1
3786,184,20.72,0.317,22939,972,0.2707,2014,C_2011_2020,1
1441,77,18.78,0.8328,8483,569,0.4115,2014,C_2011_2020,0
11240,459,24.38,0.1068,64914,2027,0.1897,2014,C_2011_2020,0
1379,91,15.11,0.4351,8065,526,0.4083,2014,C_2011_2020,1
4801,178,26.89,0.2499,28456,1261,0.2739,2014,C_2011_2020,1
1926,101,19.14,0.5711,11506,502,0.2788,2014,C_2011_2020,1
8989,384,23.45,0.2114,54081,1681,0.1977,2014,C_2011_2020,0
9084,427,21.13,0.1211,53462,2187,0.2519,2014,C_2011_2020,1
5940,240,24.74,0.202,35628,1487,0.2653,2014,C_2011_2020,1
3465,155,22.34,0.3175,20268,987,0.2987,2014,C_2011_2020,1
2360,103,22.78,0.4237,14439,766,0.339,2014,C_2011_2020,1
3693,185,20.02,0.2166,23286,1004,0.2949,2014,C_2011_2020,1
4238,200,20.94,0.3303,24644,1108,0.2749,2014,C_2011_2020,1
2394,121,19.88,0.2924,14235,752,0.3308,2014,C_2011_2020,1
6122,267,22.96,0.2123,36732,1487,0.2581,2014,C_2011_2020,1
3088,130,23.58,0.3238,17583,928,0.3122,2014,C_2011_2020,1
2260,111,20.4,0.3982,13522,596,0.2783,2014,C_2011_2020,1
7308,328,22.23,0.2326,43136,1578,0.2296,2014,C_2011_2020,1
9322,386,23.98,0.1287,55379,1738,0.2001,2014,C_2011_2020,0
13218,413,31.89,0.1437,77066,2313,0.1882,2014,C_2011_2020,1
6844,295,23.16,0.1753,41744,1596,0.2494,2014,C_2011_2020,1
2186,82,26.55,0.4575,12773,764,0.3618,2014,C_2011_2020,1
6760,267,25.11,0.2515,39870,1709,0.2624,2014,C_2011_2020,2
11037,333,33.05,0.1993,65512,2434,0.2322,2014,C_2011_2020,1
2042,91,22.66,0.6366,12197,666,0.3428,2014,C_2011_2020,1
1288,75,17.25,0.5435,7801,460,0.3719,2014,C_2011_2020,1
9086,371,24.43,0.2751,55184,2359,0.2782,2014,C_2011_2020,0
62974,2436,25.78,0.0365,367088,7179,0.1213,2014,C_2011_2020,2
7588,352,21.45,0.224,46439,1752,0.2459,2014,C_2011_2020,1
5017,240,20.83,0.1196,30481,1367,0.285,2014,C_2011_2020,1
4534,191,23.8,0.2426,27710,1027,0.2397,2014,C_2011_2020,2
6141,233,26.37,0.1954,36938,1321,0.2303,2014,C_2011_2020,0
3242,140,23.11,0.3085,19208,954,0.3112,2014,C_2011_2020,1
13255,744,17.79,0.1056,79378,2267,0.1833,2014,C_2011_2020,0
17046,742,22.83,0.1115,101194,2896,0.1802,2014,C_2011_2020,1
1904,114,16.74,0.6303,11150,655,0.3603,2014,C_2011_2020,1
3140,130,23.79,0.2866,18923,846,0.2834,2014,C_2011_2020,1
10920,367,29.67,0.1282,64511,2155,0.2115,2014,C_2011_2020,0
6016,245,24.33,0.2493,35280,1333,0.2374,2014,C_2011_2020,0
4736,255,18.65,0.2534,29560,1183,0.2652,2014,C_2011_2020,1
6954,309,22.17,0.2157,40470,1425,0.218,2014,C_2011_2020,1
6387,239,26.73,0.1409,37435,1199,0.1996,2014,C_2011_2020,0
3508,203,17.15,0.171,20506,1061,0.3204,2014,C_2011_2020,0
14489,733,19.57,0.1518,86085,2492,0.1838,2014,C_2011_2020,0
1952,103,18.83,0.5123,11597,666,0.3607,2014,C_2011_2020,1
12055,445,27.03,0.1327,71398,1867,0.1625,2014,C_2011_2020,0
7125,392,18.11,0.2105,41525,1634,0.2429,2014,C_2011_2020,0
3033,137,22.09,0.3627,17774,825,0.2878,2014,C_2011_2020,1
3316,168,19.71,0.3016,19428,973,0.3097,2014,C_2011_2020,1
7015,287,24.51,0.2423,41486,1648,0.2473,2014,C_2011_2020,2
1847,101,18.35,0.3249,10669,576,0.3286,2014,C_2011_2020,2
5307,262,20.32,0.1696,33006,1249,0.2529,2014,C_2011_2020,1
2765,118,23.41,0.434,16106,854,0.3237,2014,C_2011_2020,1
4083,162,25.22,0.2694,24313,1276,0.3279,2014,C_2011_2020,1
6979,248,28.0,0.2293,41497,1438,0.2184,2014,C_2011_2020,0
6699,297,22.59,0.1791,40284,1431,0.2223,2014,C_2011_2020,2
4452,207,21.52,0.2695,26303,1047,0.2509,2014,C_2011_2020,1
1276,83,15.22,0.7837,7470,493,0.4044,2014,C_2011_2020,2
5216,235,22.11,0.1342,31148,1355,0.2709,2014,C_2011_2020,1
9173,355,25.63,0.1308,54903,1574,0.1873,2014,C_2011_2020,1
4112,262,15.63,0.3891,24486,958,0.25,2014,C_2011_2020,2
6327,334,18.98,0.2055,37929,1403,0.2328,2014,C_2011_2020,1
2764,129,21.51,0.3618,16940,822,0.3122,2015,C_2011_2020,1
3869,145,26.73,0.2326,22609,972,0.2631,2015,C_2011_2020,1
10922,458,23.93,0.1831,66849,2226,0.219,2015,C_2011_2020,1
5314,185,28.76,0.207,32235,1203,0.2399,2015,C_2011_2020,1
5488,233,23.58,0.1822,33460,1208,0.2289,2015,C_2011_2020,1
2251,161,14.15,0.311,13664,735,0.3465,2015,C_2011_2020,1
3201,154,20.82,0.2499,18687,994,0.323,2015,C_2011_2020,1
4907,243,20.06,0.3057,29321,1185,0.2574,2015,C_2011_2020,1
3617,167,21.58,0.3594,21442,980,0.2875,2015,C_2011_2020,2
3376,172,19.65,0.2666,20067,867,0.271,2015,C_2011_2020,2
6913,316,21.96,0.2893,41485,1349,0.2087,2015,C_2011_2020,1
7320,294,25.0,0.2732,43757,1667,0.24,2015,C_2011_2020,1
4569,227,20.2,0.197,26889,1195,0.2756,2015,C_2011_2020,0
4671,243,19.22,0.1285,27653,1142,0.2565,2015,C_2011_2020,2
3191,147,21.54,0.2194,19583,982,0.3215,2015,C_2011_2020,0
1758,89,19.48,0.4551,10393,602,0.3549,2015,C_2011_2020,2
7914,390,20.4,0.2148,46468,1642,0.2237,2015,C_2011_2020,1
2899,147,19.78,0.3105,17420,891,0.3246,2015,C_2011_2020,1
1779,120,15.05,0.3373,10850,636,0.3755,2015,C_2011_2020,1
3474,164,21.13,0.2591,20363,899,0.2743,2015,C_2011_2020,1
13762,482,28.45,0.0945,82853,2263,0.1752,2015,C_2011_2020,1
6001,230,26.0,0.2166,34953,1366,0.238,2015,C_2011_2020,1
2534,142,17.93,0.3946,15359,881,0.3631,2015,C_2011_2020,1
8181,363,22.71,0.0978,49708,1464,0.1886,2015,C_2011_2020,0
2846,104,27.49,0.3514,17083,735,0.2667,2015,C_2011_2020,1
5095,270,18.98,0.1963,30659,1101,0.2308,2015,C_2011_2020,1
4954,214,23.25,0.222,30412,1229,0.2622,2015,C_2011_2020,1
6738,313,21.58,0.1336,41387,1578,0.251,2015,C_2011_2020,1
2878,122,23.56,0.3475,16844,900,0.3277,2015,C_2011_2020,0
19377,764,25.29,0.0826,118186,2957,0.1644,2015,C_2011_2020,1
3937,164,23.85,0.254,23411,1095,0.2913,2015,C_2011_2020,1
1576,88,17.98,0.3807,9519,601,0.3953,2015,C_2011_2020,0
4097,223,18.22,0.3661,24819,1189,0.3095,2015,C_2011_2020,1
1889,93,20.26,0.3706,11464,612,0.3383,2015,C_2011_2020,1
2169,95,22.75,0.461,12653,681,0.3301,2015,C_2011_2020,1
5664,330,17.16,0.2648,35062,1430,0.2775,2015,C_2011_2020,2
745,52,14.38,1.0738,4489,341,0.4779,2015,C_2011_2020,1
1661,91,18.15,0.4816,9513,570,0.3564,2015,C_2011_2020,1
1262,58,21.62,0.6339,7487,499,0.4081,2015,C_2011_2020,2
10418,505,20.59,0.1632,61630,1968,0.1988,2015,C_2011_2020,0
1938,98,19.84,0.516,11400,693,0.3725,2015,C_2011_2020,0
6340,247,25.61,0.2681,38046,1440,0.241,2015,C_2011_2020,0
2985,113,26.37,0.335,17854,965,0.3363,2015,C_2011_2020,1
1945,86,22.49,0.4627,11455,711,0.3799,2015,C_2011_2020,1
18986,850,22.34,0.0948,111659,2821,0.1593,2015,C_2011_2020,1
950,61,15.8,0.9474,5609,409,0.4579,2015,C_2011_2020,0
2989,167,17.78,0.2676,17496,918,0.3229,2015,C_2011_2020,0
5480,283,19.48,0.2007,33472,1193,0.2321,2015,C_2011_2020,0
3179,150,21.24,0.3146,18633,885,0.2925,2015,C_2011_2020,2
2141,117,18.22,0.4204,12613,697,0.3405,2015,C_2011_2020,1
1995,106,18.7,0.5514,11616,661,0.3529,2015,C_2011_2020,1
5343,239,22.54,0.262,31574,990,0.196,2015,C_2011_2020,0
6170,346,18.0,0.1945,36830,1353,0.2324,2015,C_2011_2020,0
13506,581,23.05,0.0666,78525,2237,0.1759,2015,C_2011_2020,0
4977,239,20.79,0.2009,29983,1367,0.2899,2015,C_2011_2020,1
1457,70,20.79,0.6177,8978,587,0.4187,2015,C_2011_2020,1
3133,142,22.01,0.2553,18821,1003,0.3361,2015,C_2011_2020,1
10997,457,23.78,0.0818,63140,2039,0.1934,2015,C_2011_2020,0
3293,176,18.51,0.3037,19782,1011,0.324,2015,C_2011_2020,1
4178,232,18.23,0.1915,24758,1144,0.286,2015,C_2011_2020,1
2077,90,23.12,0.3852,12459,660,0.3279,2015,C_2011_2020,1
3320,140,23.78,0.2711,19946,945,0.2991,2015,C_2011_2020,1
5136,239,21.53,0.2531,30358,1216,0.2558,2015,C_2011_2020,0
2848,196,14.66,0.2809,17473,923,0.3441,2015,C_2011_2020,2
2316,155,15.03,0.2591,13681,625,0.2837,2015,C_2011_2020,0
16618,616,27.03,0.1204,100003,2770,0.179,2015,C_2011_2020,0
6887,336,20.53,0.2178,40779,1531,0.2355,2015,C_2011_2020,0
13231,541,24.52,0.0983,83672,2423,0.201,2015,C_2011_2020,1
1298,59,21.86,0.7704,7670,484,0.3945,2015,C_2011_2020,0
4249,223,19.04,0.2353,24578,1203,0.2977,2015,C_2011_2020,2
1585,90,17.63,0.4416,9190,567,0.3735,2015,C_2011_2020,1
2628,122,21.46,0.3805,15504,802,0.3257,2015,C_2011_2020,0
2243,138,16.19,0.4458,13409,796,0.3758,2015,C_2011_2020,1
5527,255,21.5,0.1086,31762,1224,0.2327,2015,C_2011_2020,1
3317,143,23.25,0.3618,19807,898,0.2837,2015,C_2011_2020,1
4756,203,23.26,0.1472,27048,1262,0.282,2015,C_2011_2020,1
6908,236,29.11,0.2171,40726,1616,0.2455,2015,C_2011_2020,1
4274,240,17.76,0.1638,25222,1016,0.2487,2015,C_2011_2020,2
1936,88,22.14,0.5165,11452,581,0.3187,2015,C_2011_2020,1
7695,474,16.3,0.1429,45290,1667,0.2292,2015,C_2011_2020,1
10847,463,23.33,0.1475,66052,2408,0.2332,2015,C_2011_2020,1
2951,123,24.03,0.4066,18142,787,0.2785,2015,C_2011_2020,1
2868,135,21.19,0.3835,17576,885,0.3285,2015,C_2011_2020,1
9427,340,27.62,0.1273,56172,2171,0.2414,2015,C_2011_2020,1
2608,134,19.33,0.4218,15896,722,0.2914,2015,C_2011_2020,1
2245,116,19.52,0.2673,14059,652,0.3082,2015,C_2011_2020,1
6734,310,21.52,0.2228,39120,1514,0.2363,2015,C_2011_2020,0
12565,486,25.89,0.1194,76041,2163,0.1827,2015,C_2011_2020,0
6126,152,40.33,0.3265,36451,1037,0.1778,2015,C_2011_2020,0
3268,174,18.82,0.3366,19205,860,0.2766,2015,C_2011_2020,1
2134,109,19.69,0.5155,12540,592,0.2938,2015,C_2011_2020,1
2664,123,21.63,0.4505,15933,777,0.3078,2015,C_2011_2020,1
2478,112,22.04,0.4036,14885,844,0.3539,2015,C_2011_2020,1
2278,116,19.61,0.4829,13375,786,0.3644,2015,C_2011_2020,1
4723,222,21.15,0.2329,27374,1366,0.307,2015,C_2011_2020,1
8432,358,23.45,0.1542,49330,1869,0.2328,2015,C_2011_2020,0
4141,191,21.7,0.2656,24502,1204,0.3004,2015,C_2011_2020,1
4005,221,18.03,0.2247,23287,1005,0.2649,2015,C_2011_2020,0
1438,68,21.12,0.5563,8598,441,0.3185,2015,C_2011_2020,1
2440,134,18.1,0.5328,14306,846,0.3602,2015,C_2011_2020,1
1690,92,18.38,0.355,9824,641,0.3911,2015,C_2011_2020,1
17510,784,22.23,0.1085,101992,2567,0.1566,2015,C_2011_2020,1
7656,310,24.36,0.1306,46253,1310,0.1859,2015,C_2011_2020,1
7581,280,27.17,0.1847,45980,1386,0.1918,2015,C_2011_2020,0
1411,88,15.74,0.567,8604,537,0.4103,2015,C_2011_2020,1
9375,422,22.12,0.1707,56590,2146,0.2422,2015,C_2011_2020,0
3325,138,23.99,0.3308,19209,615,0.1973,2015,C_2011_2020,1
2125,142,15.13,0.4706,12630,718,0.3548,2015,C_2011_2020,1
7301,283,25.8,0.1781,42970,1500,0.2209,2015,C_2011_2020,1
10678,513,20.85,0.1311,62265,2152,0.2129,2015,C_2011_2020,1
5400,268,20.09,0.1667,32538,1345,0.2672,2015,C_2011_2020,0
6359,342,18.4,0.1415,37925,1481,0.245,2015,C_2011_2020,2
2637,106,24.96,0.4171,15868,832,0.3318,2015,C_2011_2020,1
16298,727,22.42,0.1104,95353,2672,0.1735,2015,C_2011_2020,0
2479,125,19.97,0.3227,14999,712,0.3025,2015,C_2011_2020,1
6357,223,28.35,0.2517,37004,1317,0.2174,2015,C_2011_2020,1
9157,467,19.59,0.1092,55549,1915,0.2294,2015,C_2011_2020,1
5394,251,21.55,0.1854,33187,1216,0.2388,2015,C_2011_2020,1
14176,435,32.74,0.1058,84741,1798,0.1353,2015,C_2011_2020,0
3343,156,21.14,0.329,19677,1203,0.3739,2015,C_2011_2020,1
3038,130,23.42,0.2962,18947,983,0.3354,2015,C_2011_2020,0
3459,178,19.46,0.2602,20671,998,0.3027,2015,C_2011_2020,1
1335,85,15.84,0.5993,7860,564,0.4375,2015,C_2011_2020,1
5347,202,26.5,0.1683,31403,1275,0.2519,2015,C_2011_2020,1
3743,153,24.44,0.2672,22143,999,0.2816,2015,C_2011_2020,0
4199,174,24.1,0.2858,24495,1112,0.276,2015,C_2011_2020,0
12723,461,27.59,0.11,78326,2262,0.1893,2015,C_2011_2020,0
4073,215,18.78,0.221,23733,951,0.2463,2015,C_2011_2020,1
9753,415,23.54,0.1538,58350,2112,0.2294,2015,C_2011_2020,0
1778,103,17.07,0.5624,10962,579,0.342,2015,C_2011_2020,1
3464,213,16.48,0.3176,21373,1071,0.3225,2015,C_2011_2020,2
1880,85,22.27,0.3191,12039,607,0.3399,2015,C_2011_2020,0
8047,398,20.39,0.1118,47948,1635,0.2172,2015,C_2011_2020,0
3653,165,21.93,0.2737,20939,802,0.2294,2015,C_2011_2020,2
1639,69,23.57,0.4881,9967,563,0.3581,2015,C_2011_2020,1
4668,202,23.09,0.3213,28844,1144,0.2603,2015,C_2011_2020,0
2447,119,20.5,0.3678,14554,772,0.3384,2015,C_2011_2020,1
2536,120,21.18,0.276,15484,860,0.3549,2015,C_2011_2020,2
1930,78,24.62,0.4663,11503,616,0.3311,2015,C_2011_2020,1
7191,330,21.85,0.2364,43382,1781,0.2603,2015,C_2011_2020,1
7253,322,22.42,0.2206,43431,1637,0.2395,2015,C_2011_2020,1
1129,56,19.98,0.7086,6769,368,0.3392,2015,C_2011_2020,0
14907,716,20.75,0.161,87664,2470,0.1754,2015,C_2011_2020,0
3657,152,23.95,0.2188,21611,1140,0.321,2015,C_2011_2020,0
6679,290,23.0,0.1497,40591,1264,0.199,2015,C_2011_2020,0
22294,1030,21.65,0.0763,134383,3584,0.1725,2015,C_2011_2020,1
5854,284,20.54,0.1708,33886,1646,0.2952,2015,C_2011_2020,0
5023,174,28.94,0.2389,29629,990,0.2082,2015,C_2011_2020,1
3658,196,18.48,0.2734,21272,1033,0.295,2015,C_2011_2020,1
3156,128,24.62,0.4119,18810,1067,0.3527,2015,C_2011_2020,0
8884,363,24.34,0.1463,53027,1926,0.23,2015,C_2011_2020,0
10282,440,23.42,0.1362,64224,1747,0.181,2015,C_2011_2020,1
2428,137,17.86,0.3707,14529,691,0.2978,2015,C_2011_2020,1
1162,63,18.37,0.6885,7233,488,0.4441,2015,C_2011_2020,0
4544,224,20.24,0.3301,27151,1177,0.2749,2015,C_2011_2020,2
12523,557,22.54,0.0878,75842,2515,0.216,2015,C_2011_2020,1
4694,214,21.95,0.1917,27912,1130,0.2556,2015,C_2011_2020,1
6615,286,22.93,0.1965,39908,1486,0.2364,2015,C_2011_2020,1
2090,90,23.19,0.3349,12393,663,0.3354,2015,C_2011_2020,1
1016,66,15.71,0.689,6396,352,0.3701,2015,C_2011_2020,0
1996,78,25.5,0.5511,11628,627,0.3312,2015,C_2011_2020,0
5300,214,24.83,0.283,31017,1414,0.2811,2015,C_2011_2020,1
5787,331,17.51,0.2246,35655,1538,0.282,2015,C_2011_2020,1
4968,319,15.48,0.1812,29914,1241,0.2631,2015,C_2011_2020,0
1704,110,15.55,0.4695,10496,638,0.392,2015,C_2011_2020,0
13846,595,23.31,0.1733,82549,2377,0.1832,2015,C_2011_2020,1
3597,168,21.38,0.4448,20793,898,0.263,2015,C_2011_2020,2
4068,168,24.23,0.2212,24658,988,0.2591,2015,C_2011_2020,2
8581,315,27.18,0.1282,51949,1636,0.2039,2015,C_2011_2020,0
4397,214,20.61,0.2957,25630,1435,0.3389,2015,C_2011_2020,1
2051,85,24.09,0.3901,12120,725,0.3657,2015,C_2011_2020,1
2376,94,25.36,0.2946,13425,694,0.3072,2015,C_2011_2020,2
3564,161,21.99,0.3367,21035,996,0.2946,2015,C_2011_2020,1
7535,255,29.62,0.1991,44744,1981,0.273,2015,C_2011_2020,1
688,55,12.64,1.3081,4169,321,0.5102,2015,C_2011_2020,1
4253,179,23.72,0.3057,24918,1062,0.2605,2015,C_2011_2020,0
4703,243,19.43,0.2126,28041,957,0.2179,2015,C_2011_2020,1
3213,145,22.26,0.3735,20003,708,0.2384,2015,C_2011_2020,1
4123,155,26.47,0.2911,24508,1127,0.2915,2015,C_2011_2020,1
3445,221,15.53,0.3193,20265,980,0.2981,2015,C_2011_2020,1
3392,153,22.18,0.3243,19803,953,0.2925,2015,C_2011_2020,1
3326,144,23.02,0.3608,19468,989,0.3154,2015,C_2011_2020,1
4314,175,24.45,0.3245,25772,1294,0.3139,2015,C_2011_2020,1
4971,271,18.18,0.2615,29816,1286,0.2742,2015,C_2011_2020,2
10549,442,23.76,0.1232,62054,1961,0.1958,2015,C_2011_2020,1
2745,230,12.02,0.3279,17555,749,0.2918,2015,C_2011_2020,0
4233,182,23.16,0.2362,24717,956,0.2353,2015,C_2011_2020,1
4590,218,20.94,0.3268,27512,1247,0.2847,2015,C_2011_2020,1
2322,106,21.71,0.4307,13740,679,0.3144,2015,C_2011_2020,0
2119,188,11.3,0.4719,12819,695,0.3412,2015,C_2011_2020,0
1677,83,20.16,0.5963,9775,552,0.3447,2015,C_2011_2020,1
2652,135,19.7,0.3394,15485,861,0.3431,2015,C_2011_2020,1
3788,172,21.89,0.2904,22267,1203,0.3297,2015,C_2011_2020,1
1294,50,26.08,0.6955,7783,513,0.4165,2015,C_2011_2020,1
1683,83,20.31,0.5942,9745,639,0.3963,2015,C_2011_2020,1
2048,119,17.05,0.4395,12595,728,0.376,2015,C_2011_2020,1
3034,135,22.41,0.3626,18237,959,0.3266,2015,C_2011_2020,1
5301,253,20.92,0.2452,31548,1594,0.3139,2015,C_2011_2020,1
3913,168,23.24,0.3578,23893,1148,0.3064,2015,C_2011_2020,0
5488,230,23.91,0.3098,32322,1275,0.248,2015,C_2011_2020,0
7304,309,23.6,0.178,43306,1508,0.2174,2015,C_2011_2020,1
988,60,16.72,0.8097,6040,397,0.4221,2015,C_2011_2020,1
6383,216,29.42,0.188,38782,1277,0.2164,2015,C_2011_2020,0
2077,88,23.43,0.337,12852,769,0.3876,2015,C_2011_2020,0
4060,159,25.44,0.2217,24697,1054,0.2764,2015,C_2011_2020,0
2228,128,17.48,0.5386,14131,635,0.3012,2015,C_2011_2020,2
1858,127,14.78,0.2691,11075,633,0.3595,2015,C_2011_2020,1
6158,314,19.43,0.2436,36839,1211,0.2083,2015,C_2011_2020,1
1710,98,17.46,0.4678,10301,605,0.3754,2015,C_2011_2020,1
2221,150,14.87,0.2701,13530,822,0.3881,2015,C_2011_2020,1
3883,207,18.73,0.2318,23365,1028,0.2763,2015,C_2011_2020,0
8739,353,24.61,0.2174,51358,1832,0.2238,2015,C_2011_2020,1
11735,511,22.86,0.1363,70101,2555,0.2303,2015,C_2011_2020,0
3300,146,22.63,0.3333,20038,926,0.3027,2015,C_2011_2020,1
12846,481,26.67,0.1713,76018,2409,0.1989,2015,C_2011_2020,1
7295,368,19.69,0.1645,43398,1830,0.2632,2015,C_2011_2020,1
2090,126,16.48,0.4785,12531,728,0.367,2015,C_2011_2020,2
11138,485,22.96,0.1347,66785,1855,0.179,2015,C_2011_2020,1
1941,96,20.27,0.3606,11378,667,0.3601,2015,C_2011_2020,1
2849,123,23.24,0.2808,17205,785,0.2962,2015,C_2011_2020,0
4375,203,21.19,0.1143,26398,1119,0.2672,2015,C_2011_2020,0
5418,252,21.48,0.2584,32175,1373,0.2652,2015,C_2011_2020,1
4645,158,29.27,0.2153,28938,1255,0.2837,2015,C_2011_2020,1
1990,76,25.99,0.3015,11539,564,0.3025,2015,C_2011_2020,1
3547,188,18.76,0.3665,20956,1053,0.3101,2015,C_2011_2020,1
1669,69,24.23,0.5392,10210,475,0.2984,2015,C_2011_2020,2
2092,97,21.45,0.3824,12694,672,0.3399,2015,C_2011_2020,1
12449,545,22.86,0.1446,76881,2455,0.2083,2015,C_2011_2020,0
5064,183,27.52,0.1975,29532,1245,0.2601,2015,C_2011_2020,1
2110,128,16.55,0.4265,12347,703,0.354,2015,C_2011_2020,1
3316,179,18.56,0.2714,20668,977,0.3091,2015,C_2011_2020,2
16154,597,27.03,0.0929,96822,2520,0.1649,2015,C_2011_2020,0
1860,133,14.09,0.4839,12125,620,0.3602,2015,C_2011_2020,1
3879,181,21.51,0.3094,22706,1087,0.2921,2015,C_2011_2020,1
7835,383,20.5,0.1659,46605,1705,0.2295,2015,C_2011_2020,2
9647,356,27.22,0.1659,55888,1698,0.186,2015,C_2011_2020,1
2761,142,19.59,0.3984,17165,840,0.3234,2015,C_2011_2020,2
2725,114,24.03,0.367,17087,846,0.3262,2015,C_2011_2020,0
3190,125,25.3,0.2821,18838,741,0.2464,2015,C_2011_2020,0
2661,109,24.21,0.3382,15814,802,0.3175,2016,C_2011_2020,1
5074,249,20.33,0.2562,30836,1374,0.2901,2016,C_2011_2020,0
15735,748,21.11,0.0826,92351,2881,0.1987,2016,C_2011_2020,1
5164,220,23.3,0.2517,29489,1091,0.2225,2016,C_2011_2020,1
7083,306,23.16,0.2118,41920,1597,0.2373,2016,C_2011_2020,1
5336,336,15.84,0.2249,32520,1164,0.2371,2016,C_2011_2020,0
5862,238,24.62,0.2047,34650,1390,0.2526,2016,C_2011_2020,1
4857,274,17.61,0.2471,28417,1143,0.2518,2016,C_2011_2020,0
2101,108,19.49,0.3808,12900,581,0.2927,2016,C_2011_2020,0
2799,101,27.61,0.3573,16483,877,0.3287,2016,C_2011_2020,0
4983,215,23.2,0.281,29754,983,0.2093,2016,C_2011_2020,0
5474,192,28.52,0.2009,32558,1235,0.2428,2016,C_2011_2020,0
6531,328,19.91,0.1684,38268,1460,0.2355,2016,C_2011_2020,1
1091,38,28.74,0.9166,6500,361,0.3492,2016,C_2011_2020,1
6056,303,19.9,0.1982,35957,1612,0.2801,2016,C_2011_2020,2
1462,75,19.36,0.684,8576,544,0.3885,2016,C_2011_2020,1
2422,122,19.77,0.3716,14937,795,0.3481,2016,C_2011_2020,0
1086,80,14.02,0.4604,6848,440,0.4273,2016,C_2011_2020,1
1922,105,18.07,0.5203,11634,593,0.3205,2016,C_2011_2020,0
9421,420,22.51,0.1911,56636,1727,0.1955,2016,C_2011_2020,2
6089,239,25.43,0.1642,36413,1441,0.2493,2016,C_2011_2020,2
3244,206,15.69,0.3083,19748,964,0.3123,2016,C_2011_2020,1
5366,305,17.71,0.2423,33438,1236,0.2467,2016,C_2011_2020,0
2611,144,18.16,0.3447,15951,752,0.3041,2016,C_2011_2020,1
6657,222,29.99,0.1052,39585,1322,0.2118,2016,C_2011_2020,0
5032,243,20.73,0.1789,30858,1386,0.2905,2016,C_2011_2020,0
8592,438,19.6,0.128,49423,1515,0.1862,2016,C_2011_2020,1
4680,167,27.92,0.1496,28164,881,0.2019,2016,C_2011_2020,0
436,27,16.19,1.1468,2594,215,0.5344,2016,C_2011_2020,0
2542,111,22.89,0.3147,14957,770,0.3171,2016,C_2011_2020,1
4524,243,18.59,0.1326,27025,1079,0.2498,2016,C_2011_2020,0
11586,569,20.31,0.0777,67803,2226,0.2022,2016,C_2011_2020,2
5936,240,24.85,0.1516,35717,1336,0.238,2016,C_2011_2020,1
6721,263,25.71,0.1488,39256,1264,0.2007,2016,C_2011_2020,1
240,18,13.06,1.6667,1421,151,0.6875,2016,C_2011_2020,0
2990,173,17.29,0.3344,18395,819,0.296,2016,C_2011_2020,0
11822,495,23.99,0.1776,70624,2491,0.2261,2016,C_2011_2020,0
4355,308,14.07,0.2526,26444,1128,0.2783,2016,C_2011_2020,1
2667,118,22.41,0.375,16010,770,0.3022,2016,C_2011_2020,0
2318,125,18.48,0.3883,13825,770,0.3581,2016,C_2011_2020,0
6755,254,26.57,0.2073,40223,1556,0.2468,2016,C_2011_2020,0
1463,63,23.32,0.4785,8768,527,0.3794,2016,C_2011_2020,1
2076,95,21.88,0.6262,12348,650,0.328,2016,C_2011_2020,1
3705,174,21.32,0.3509,22995,1033,0.2974,2016,C_2011_2020,1
7323,271,26.79,0.1366,44650,1638,0.238,2016,C_2011_2020,0
4110,181,22.67,0.2676,23971,1047,0.2696,2016,C_2011_2020,1
3093,143,21.58,0.3233,18234,952,0.3243,2016,C_2011_2020,0
5139,239,21.5,0.1751,29695,1116,0.2304,2016,C_2011_2020,0
1429,69,20.72,0.6298,8768,612,0.4437,2016,C_2011_2020,2
1390,62,22.16,0.6475,8441,566,0.4245,2016,C_2011_2020,1
1320,72,18.5,0.6061,7829,548,0.4318,2016,C_2011_2020,0
2891,137,20.94,0.3113,16815,930,0.3355,2016,C_2011_2020,0
3345,139,24.05,0.2392,20350,885,0.2861,2016,C_2011_2020,1
5029,255,19.93,0.2386,30486,1365,0.2857,2016,C_2011_2020,0
5660,322,17.51,0.212,33930,1514,0.2806,2016,C_2011_2020,0
5918,318,18.6,0.2366,36811,1312,0.2388,2016,C_2011_2020,2
12312,433,28.49,0.13,72362,2378,0.2061,2016,C_2011_2020,1
2188,112,19.54,0.4113,12610,728,0.3455,2016,C_2011_2020,1
6606,396,16.68,0.1211,38068,1905,0.3041,2016,C_2011_2020,0
5635,300,18.86,0.142,33056,1451,0.2713,2016,C_2011_2020,1
556,42,13.14,0.7194,3311,234,0.4478,2016,C_2011_2020,1
2439,139,17.65,0.287,15027,716,0.3116,2016,C_2011_2020,1
5409,260,21.01,0.2403,32900,1294,0.2518,2016,C_2011_2020,1
5347,317,16.93,0.187,32198,1303,0.2557,2016,C_2011_2020,0
2561,158,16.28,0.3905,14802,761,0.3081,2016,C_2011_2020,1
2717,125,21.69,0.2944,15818,859,0.3331,2016,C_2011_2020,0
53514,2275,23.39,0.043,313223,5830,0.1169,2016,C_2011_2020,1
7102,301,23.61,0.1549,42004,1403,0.2083,2016,C_2011_2020,1
3196,169,18.78,0.4068,19676,905,0.3048,2016,C_2011_2020,0
3713,147,25.05,0.3232,21950,1112,0.317,2016,C_2011_2020,1
3195,144,22.26,0.2504,19098,889,0.2951,2016,C_2011_2020,1
2880,173,16.79,0.2431,18055,786,0.2917,2016,C_2011_2020,1
2821,119,23.79,0.2127,16068,805,0.2988,2016,C_2011_2020,1
3149,148,21.14,0.4446,17663,877,0.2903,2016,C_2011_2020,1
7775,412,18.78,0.2186,47436,1761,0.2486,2016,C_2011_2020,2
4891,225,21.42,0.1431,29261,1126,0.2429,2016,C_2011_2020,1
4464,145,30.74,0.2016,26296,1162,0.2699,2016,C_2011_2020,1
2220,97,22.97,0.4955,13120,644,0.3126,2016,C_2011_2020,1
3554,160,22.11,0.2814,21530,972,0.2873,2016,C_2011_2020,1
7289,337,21.48,0.1784,43768,1713,0.2491,2016,C_2011_2020,1
957,44,21.7,0.7315,5614,374,0.4159,2016,C_2011_2020,2
1871,82,22.89,0.5345,11027,631,0.3511,2016,C_2011_2020,1
3672,185,19.81,0.3268,22849,974,0.281,2016,C_2011_2020,1
6461,306,21.08,0.1548,39111,1622,0.2651,2016,C_2011_2020,1
6104,342,17.82,0.1966,38562,1835,0.3255,2016,C_2011_2020,0
3582,219,16.26,0.2513,20581,887,0.2638,2016,C_2011_2020,1
5622,236,23.81,0.2312,32382,1276,0.243,2016,C_2011_2020,0
25586,1141,22.52,0.086,152933,3448,0.1428,2016,C_2011_2020,0
3068,132,23.27,0.2934,18660,863,0.2907,2016,C_2011_2020,1
5757,219,26.17,0.1042,34113,1151,0.213,2016,C_2011_2020,1
3846,184,20.82,0.208,22494,975,0.2754,2016,C_2011_2020,1
2097,88,23.89,0.2861,12347,608,0.3071,2016,C_2011_2020,0
4988,221,22.65,0.2205,30076,1211,0.2548,2016,C_2011_2020,1
5046,266,18.77,0.1784,29086,1283,0.2673,2016,C_2011_2020,1
2574,152,16.72,0.1943,15315,805,0.3345,2016,C_2011_2020,0
1951,76,25.76,0.5126,11504,620,0.3403,2016,C_2011_2020,1
2153,129,16.62,0.3716,12733,677,0.334,2016,C_2011_2020,0
18620,621,29.99,0.102,112841,2735,0.159,2016,C_2011_2020,0
8742,336,25.87,0.1716,51690,1887,0.2286,2016,C_2011_2020,1
4839,168,28.85,0.2273,27551,1059,0.2323,2016,C_2011_2020,1
1183,54,22.02,0.7608,6796,449,0.4032,2016,C_2011_2020,1
3893,155,25.07,0.1798,22892,1083,0.298,2016,C_2011_2020,2
25811,1198,21.4,0.0736,150740,3394,0.1408,2016,C_2011_2020,0
4576,222,20.64,0.1748,26610,1013,0.2334,2016,C_2011_2020,0
8640,294,29.34,0.1157,50205,1506,0.1847,2016,C_2011_2020,1
9892,520,18.9,0.1719,59772,2002,0.2133,2016,C_2011_2020,1
830,41,20.17,0.7229,5043,349,0.4386,2016,C_2011_2020,1
2503,101,24.51,0.3196,14715,819,0.34,2016,C_2011_2020,2
5734,289,19.88,0.2267,34524,1276,0.2377,2016,C_2011_2020,0
3768,138,27.25,0.2389,20945,975,0.2704,2016,C_2011_2020,0
2829,180,15.82,0.3535,16678,789,0.293,2016,C_2011_2020,1
2095,102,20.4,0.3341,12420,669,0.337,2016,C_2011_2020,0
725,39,18.49,1.1034,4203,355,0.5145,2016,C_2011_2020,1
1642,60,26.95,0.6699,9225,493,0.3185,2016,C_2011_2020,1
6790,326,20.79,0.162,40361,1568,0.242,2016,C_2011_2020,1
3147,142,22.17,0.2224,18149,1010,0.334,2016,C_2011_2020,1
2458,146,17.0,0.4068,15251,746,0.321,2016,C_2011_2020,1
260,15,17.2,2.3077,1594,155,0.6462,2016,C_2011_2020,1
1296,58,22.29,0.6944,7559,517,0.4159,2016,C_2011_2020,1
2154,109,19.65,0.5571,12646,718,0.3519,2016,C_2011_2020,1
5183,239,21.69,0.1736,30093,1156,0.2363,2016,C_2011_2020,0
3414,197,17.29,0.4101,20345,871,0.2689,2016,C_2011_2020,1
3963,190,20.8,0.3533,23186,1073,0.2889,2016,C_2011_2020,1
5690,226,24.96,0.1933,33762,1296,0.2373,2016,C_2011_2020,1
8121,502,16.23,0.197,48456,1603,0.2111,2016,C_2011_2020,1
6543,244,26.74,0.1528,38089,1396,0.2268,2016,C_2011_2020,1
2769,105,26.48,0.3611,16758,671,0.2589,2016,C_2011_2020,1
4938,223,21.99,0.1418,29054,1121,0.2396,2016,C_2011_2020,0
2846,162,17.73,0.3162,16522,840,0.3155,2016,C_2011_2020,1
9670,436,22.19,0.1448,57824,2330,0.2529,2016,C_2011_2020,0
2386,92,25.98,0.4191,14617,705,0.3085,2016,C_2011_2020,1
2101,89,23.57,0.3332,12767,820,0.405,2016,C_2011_2020,2
3176,182,17.43,0.3463,19209,960,0.3234,2016,C_2011_2020,1
1108,78,14.06,0.6318,6282,443,0.4359,2016,C_2011_2020,1
1197,92,12.83,0.4177,7313,510,0.4511,2016,C_2011_2020,0
30486,1212,25.09,0.0853,181460,3928,0.1368,2016,C_2011_2020,0
7544,361,20.88,0.0928,44669,1581,0.2223,2016,C_2011_2020,2
5630,210,26.91,0.2131,33176,1240,0.2329,2016,C_2011_2020,1
3282,144,22.77,0.3047,19361,1029,0.3361,2016,C_2011_2020,0
2638,150,17.72,0.3791,15472,790,0.3199,2016,C_2011_2020,1
8496,371,22.74,0.1766,50178,1561,0.1961,2016,C_2011_2020,1
11974,474,25.2,0.1921,74133,2756,0.2414,2016,C_2011_2020,0
30110,1445,20.8,0.0531,184849,3574,0.1261,2016,C_2011_2020,0
7092,341,20.79,0.2538,42891,1877,0.284,2016,C_2011_2020,0
2472,117,21.03,0.3641,14066,763,0.3244,2016,C_2011_2020,1
1847,102,18.28,0.5414,11069,591,0.3368,2016,C_2011_2020,1
7792,301,25.67,0.2053,46522,1955,0.2624,2016,C_2011_2020,1
7766,324,23.99,0.1674,46546,1358,0.1856,2016,C_2011_2020,0
15333,482,31.75,0.0978,89249,2418,0.1701,2016,C_2011_2020,1
2659,102,25.88,0.3385,15136,637,0.2557,2016,C_2011_2020,1
2526,127,19.58,0.4355,15329,822,0.3369,2016,C_2011_2020,1
7428,267,27.72,0.2289,44071,1683,0.2371,2016,C_2011_2020,1
1536,99,15.66,0.8464,9252,489,0.3372,2016,C_2011_2020,1
5324,275,19.62,0.169,32365,1053,0.2122,2016,C_2011_2020,1
3714,183,20.22,0.2154,21921,985,0.2806,2016,C_2011_2020,0
2518,141,17.84,0.5163,15156,808,0.3336,2016,C_2011_2020,1
10822,412,26.16,0.1294,63106,2333,0.2256,2016,C_2011_2020,1
5743,322,17.7,0.1915,33169,1352,0.248,2016,C_2011_2020,1
37175,1541,24.1,0.0619,225209,4726,0.1345,2016,C_2011_2020,1
4168,228,18.32,0.2879,25244,1151,0.2944,2016,C_2011_2020,1
4304,217,19.73,0.2556,25690,1213,0.2967,2016,C_2011_2020,0
15541,600,25.8,0.103,93512,2353,0.1634,2016,C_2011_2020,2
2333,132,17.66,0.3858,14841,689,0.3176,2016,C_2011_2020,1
2422,116,20.97,0.3303,14353,849,0.3695,2016,C_2011_2020,0
2341,112,20.85,0.4272,14293,665,0.3046,2016,C_2011_2020,1
1578,63,24.97,0.6337,9085,538,0.3568,2016,C_2011_2020,1
7282,287,25.32,0.1099,42557,1387,0.2045,2016,C_2011_2020,0
2450,104,23.53,0.3673,13963,770,0.3306,2016,C_2011_2020,1
3437,157,21.79,0.32,20298,892,0.2755,2016,C_2011_2020,1
2203,118,18.47,0.4085,12744,790,0.3763,2016,C_2011_2020,1
1814,69,26.16,0.3308,10529,574,0.3363,2016,C_2011_2020,1
4743,395,12.29,0.1898,27735,996,0.2248,2016,C_2011_2020,2
3446,141,24.44,0.3772,20846,902,0.2777,2016,C_2011_2020,0
6101,291,20.95,0.2295,35852,1259,0.219,2016,C_2011_2020,0
10022,413,24.21,0.2295,59604,1920,0.2027,2016,C_2011_2020,0
4945,213,23.28,0.182,29910,1125,0.2408,2016,C_2011_2020,0
5894,240,24.44,0.1866,34193,1346,0.2399,2016,C_2011_2020,1
8950,514,17.35,0.1453,53640,1985,0.2389,2016,C_2011_2020,1
2928,133,22.07,0.4098,16891,904,0.3262,2016,C_2011_2020,0
409,28,14.21,1.2225,2517,220,0.5795,2016,C_2011_2020,0
154,15,10.0,1.9481,964,110,0.7662,2016,C_2011_2020,0
3843,174,22.07,0.4163,23549,1084,0.2951,2016,C_2011_2020,1
6768,279,24.26,0.1773,39470,1324,0.2085,2016,C_2011_2020,1
3006,132,22.72,0.3659,17706,837,0.2927,2016,C_2011_2020,1
5480,336,16.38,0.1825,32216,1265,0.2429,2016,C_2011_2020,1
1440,57,25.32,0.5556,8507,500,0.3667,2016,C_2011_2020,1
4531,197,22.99,0.2869,26812,1221,0.2832,2016,C_2011_2020,1
10039,416,24.1,0.1494,58381,2006,0.2167,2016,C_2011_2020,0
5355,251,21.1,0.112,31562,1282,0.2536,2016,C_2011_2020,1
3073,132,23.22,0.3254,18280,926,0.3163,2016,C_2011_2020,2
13416,574,23.44,0.1193,81174,2174,0.1702,2016,C_2011_2020,0
3011,127,23.35,0.3653,18013,832,0.2889,2016,C_2011_2020,1
1063,45,23.56,0.6585,6230,394,0.4036,2016,C_2011_2020,1
3062,173,17.74,0.3266,18376,889,0.307,2016,C_2011_2020,1
8467,287,29.51,0.0945,50238,1620,0.2023,2016,C_2011_2020,1
4975,257,19.18,0.2814,29251,1099,0.2336,2016,C_2011_2020,1
9481,355,26.7,0.1688,55850,1951,0.2188,2016,C_2011_2020,1
2292,104,22.21,0.5672,13682,792,0.3595,2016,C_2011_2020,0
6241,230,27.1,0.1442,36065,1535,0.2568,2016,C_2011_2020,1
3668,173,21.29,0.2181,21831,934,0.2734,2016,C_2011_2020,1
1715,88,19.53,0.5248,10445,623,0.3802,2017,C_2011_2020,0
4349,151,28.5,0.3219,26095,1025,0.2486,2017,C_2011_2020,0
4682,211,22.26,0.2777,27404,1150,0.2582,2017,C_2011_2020,0
3611,156,23.06,0.3323,21373,1080,0.3146,2017,C_2011_2020,1
6292,244,25.7,0.302,36633,1559,0.2599,2017,C_2011_2020,0
6705,255,26.04,0.2088,39716,1635,0.2556,2017,C_2011_2020,1
2262,130,17.62,0.2653,13563,682,0.3214,2017,C_2011_2020,1
2726,90,30.26,0.4769,16064,757,0.2949,2017,C_2011_2020,1
5780,291,19.45,0.2249,34677,1370,0.2503,2017,C_2011_2020,0
396,32,12.41,1.2626,2395,212,0.5606,2017,C_2011_2020,1
1567,94,16.68,0.3191,9660,630,0.4193,2017,C_2011_2020,1
3986,183,21.56,0.276,23329,1127,0.2968,2017,C_2011_2020,2
5041,219,23.06,0.238,30127,1462,0.3047,2017,C_2011_2020,2
1236,52,23.65,0.89,7443,440,0.3722,2017,C_2011_2020,2
429,30,14.07,1.6317,2569,243,0.6224,2017,C_2011_2020,0
14389,575,24.99,0.0695,87525,2677,0.2004,2017,C_2011_2020,0
4250,209,20.19,0.2353,24665,969,0.2426,2017,C_2011_2020,0
4334,191,22.75,0.2538,25588,1169,0.2815,2017,C_2011_2020,0
793,63,12.7,1.1349,5040,371,0.4905,2017,C_2011_2020,1
2427,103,23.51,0.3296,14419,805,0.3498,2017,C_2011_2020,1
1957,91,21.22,0.4088,11547,619,0.3337,2017,C_2011_2020,0
4260,243,17.63,0.2582,26150,978,0.2448,2017,C_2011_2020,1
3537,185,19.3,0.3393,21596,932,0.2805,2017,C_2011_2020,0
1776,85,21.09,0.4505,10688,549,0.3271,2017,C_2011_2020,0
3154,162,19.56,0.3488,18589,936,0.3161,2017,C_2011_2020,1
3618,172,20.96,0.387,20912,942,0.2734,2017,C_2011_2020,1
1639,107,15.48,0.6101,9849,599,0.3838,2017,C_2011_2020,1
1693,102,16.35,0.4135,10161,668,0.4111,2017,C_2011_2020,1
4912,233,21.32,0.1221,29341,1295,0.2771,2017,C_2011_2020,2
12439,560,22.14,0.1125,73186,2377,0.2014,2017,C_2011_2020,0
4298,211,20.45,0.2559,25757,1169,0.2857,2017,C_2011_2020,1
1220,70,17.37,0.6557,7718,432,0.3721,2017,C_2011_2020,1
30587,1323,23.1,0.0817,184172,3835,0.1347,2017,C_2011_2020,2
4677,153,30.22,0.171,19431,727,0.1683,2017,C_2011_2020,0
2879,153,18.92,0.3473,16943,885,0.3227,2017,C_2011_2020,1
3217,182,17.77,0.2798,19834,1034,0.3339,2017,C_2011_2020,1
2895,164,17.66,0.2073,17820,828,0.3067,2017,C_2011_2020,2
5044,218,23.01,0.0991,31230,1270,0.2659,2017,C_2011_2020,0
4033,176,22.95,0.248,24433,999,0.2668,2017,C_2011_2020,0
7827,353,22.36,0.115,46555,1742,0.2378,2017,C_2011_2020,0
1256,63,19.92,0.3981,7244,458,0.3838,2017,C_2011_2020,0
8500,370,22.95,0.1882,50592,1671,0.2094,2017,C_2011_2020,1
2178,130,16.38,0.5051,12603,708,0.3416,2017,C_2011_2020,1
1858,71,26.2,0.4306,11017,592,0.331,2017,C_2011_2020,1
285,29,9.86,1.7544,1803,175,0.6526,2017,C_2011_2020,1
4596,314,14.47,0.1741,26894,1053,0.2419,2017,C_2011_2020,0
3057,167,18.17,0.3271,18149,978,0.3363,2017,C_2011_2020,0
1739,86,20.24,0.5175,10312,595,0.3554,2017,C_2011_2020,0
1337,70,19.19,0.374,7836,510,0.4009,2017,C_2011_2020,1
3309,145,22.77,0.2418,19963,964,0.3119,2017,C_2011_2020,0
5427,285,18.97,0.1658,32543,1324,0.2633,2017,C_2011_2020,0
1929,100,19.49,0.4147,12002,664,0.3582,2017,C_2011_2020,2
2941,169,17.28,0.272,17398,1016,0.3662,2017,C_2011_2020,1
14356,540,26.45,0.1045,85978,2616,0.1923,2017,C_2011_2020,1
1704,105,16.36,0.3521,10128,623,0.382,2017,C_2011_2020,0
4577,283,16.07,0.2185,26611,941,0.2215,2017,C_2011_2020,1
661,56,11.71,0.9077,4039,289,0.469,2017,C_2011_2020,1
3330,225,14.7,0.3003,19700,867,0.2802,2017,C_2011_2020,1
1214,49,24.57,0.659,7344,459,0.3979,2017,C_2011_2020,1
2342,112,20.97,0.3416,13743,707,0.3155,2017,C_2011_2020,1
7414,302,24.62,0.2158,45007,1583,0.2235,2017,C_2011_2020,0
8894,300,29.52,0.1349,51821,1622,0.1929,2017,C_2011_2020,1
2503,114,21.98,0.2397,14717,701,0.2984,2017,C_2011_2020,0
1133,57,19.7,0.7944,6909,467,0.4369,2017,C_2011_2020,1
5885,361,16.3,0.1699,36359,1268,0.2282,2017,C_2011_2020,0
1997,100,19.97,0.4006,11817,689,0.359,2017,C_2011_2020,1
2279,105,21.69,0.3072,13114,719,0.333,2017,C_2011_2020,1
2030,111,18.55,0.2956,12183,589,0.303,2017,C_2011_2020,1
3897,196,20.07,0.4619,23476,1019,0.2756,2017,C_2011_2020,1
2126,97,21.85,0.5644,12480,719,0.3575,2017,C_2011_2020,1
2436,115,21.09,0.2874,14150,698,0.3067,2017,C_2011_2020,0
2269,73,31.14,0.3526,13128,663,0.3085,2017,C_2011_2020,0
9362,491,19.0,0.1282,55272,1805,0.2067,2017,C_2011_2020,1
1711,77,22.18,0.526,9855,634,0.3939,2017,C_2011_2020,1
2361,109,21.49,0.3388,14505,803,0.3503,2017,C_2011_2020,0
7639,307,24.87,0.1833,46888,1656,0.2342,2017,C_2011_2020,0
11426,542,20.99,0.0875,69052,1966,0.1877,2017,C_2011_2020,0
3331,219,15.2,0.3302,19949,887,0.2828,2017,C_2011_2020,1
2165,138,15.62,0.5081,13046,746,0.357,2017,C_2011_2020,1
4367,227,19.17,0.229,26202,1026,0.2537,2017,C_2011_2020,1
7792,343,22.76,0.1797,48475,1899,0.2585,2017,C_2011_2020,1
5497,277,19.79,0.1819,33007,1344,0.2616,2017,C_2011_2020,1
13208,540,24.32,0.1363,78294,2642,0.2113,2017,C_2011_2020,1
2128,147,14.44,0.7049,12880,725,0.367,2017,C_2011_2020,1
2992,140,21.36,0.4345,18135,820,0.2948,2017,C_2011_2020,0
1382,72,19.07,0.7959,8221,499,0.3864,2017,C_2011_2020,0
2956,138,21.37,0.3045,17687,829,0.2994,2017,C_2011_2020,1
5789,335,17.24,0.2246,34007,1618,0.2944,2017,C_2011_2020,1
2546,105,24.19,0.2749,15087,770,0.3201,2017,C_2011_2020,1
2630,100,26.27,0.4563,15119,696,0.2776,2017,C_2011_2020,1
2249,163,13.92,0.6225,13707,763,0.3624,2017,C_2011_2020,2
11798,554,21.22,0.1526,68516,2207,0.1985,2017,C_2011_2020,0
3498,148,23.68,0.2573,20447,1058,0.3159,2017,C_2011_2020,1
6622,355,18.62,0.1057,40475,1686,0.2679,2017,C_2011_2020,0
7844,313,25.05,0.153,46234,1791,0.2362,2017,C_2011_2020,1
5387,255,21.12,0.2042,30964,1279,0.2491,2017,C_2011_2020,1
1982,66,30.05,0.4541,11274,633,0.336,2017,C_2011_2020,1
6027,207,28.89,0.2157,34591,1290,0.226,2017,C_2011_2020,0
1638,97,16.81,0.5495,9484,555,0.3663,2017,C_2011_2020,0
7488,242,30.97,0.2671,44035,1590,0.2253,2017,C_2011_2020,1
2879,118,24.4,0.4168,16646,690,0.2556,2017,C_2011_2020,1
3934,144,27.26,0.1779,23749,1042,0.2875,2017,C_2011_2020,0
1164,108,11.19,0.5155,7103,435,0.3952,2017,C_2011_2020,2
3381,200,17.03,0.2958,19729,830,0.2612,2017,C_2011_2020,1
4870,193,25.28,0.1643,29199,1251,0.2698,2017,C_2011_2020,1
4697,235,19.77,0.1277,27443,1149,0.2597,2017,C_2011_2020,0
16067,560,28.63,0.1245,96371,2781,0.1917,2017,C_2011_2020,1
5572,178,31.11,0.1795,31580,1146,0.2188,2017,C_2011_2020,1
3190,210,15.06,0.3448,19111,956,0.3144,2017,C_2011_2020,2
12171,584,21.02,0.1315,77860,2058,0.1811,2017,C_2011_2020,1
2096,101,20.38,0.334,12853,699,0.3578,2017,C_2011_2020,1
2794,150,18.77,0.4295,16983,854,0.3218,2017,C_2011_2020,1
2915,135,21.48,0.4803,17518,922,0.3304,2017,C_2011_2020,1
3733,158,23.49,0.4554,23211,1285,0.3603,2017,C_2011_2020,1
4612,199,23.11,0.1735,26892,1151,0.2617,2017,C_2011_2020,1
3373,181,18.49,0.3261,20093,948,0.3006,2017,C_2011_2020,1
4563,232,19.72,0.2411,26748,1066,0.2496,2017,C_2011_2020,1
6072,297,20.4,0.28,36363,1427,0.2503,2017,C_2011_2020,0
5231,283,18.34,0.1721,30076,1252,0.25,2017,C_2011_2020,0
8919,426,20.88,0.1458,52681,1658,0.1978,2017,C_2011_2020,1
2411,149,15.89,0.4148,14982,735,0.3239,2017,C_2011_2020,1
2603,123,21.26,0.2689,15492,725,0.2939,2017,C_2011_2020,0
3542,151,23.23,0.3106,21447,1057,0.3128,2017,C_2011_2020,1
3308,209,16.16,0.4232,19870,1015,0.3213,2017,C_2011_2020,2
4509,180,24.94,0.1109,26662,1078,0.2539,2017,C_2011_2020,0
2454,144,16.95,0.3667,15163,854,0.3688,2017,C_2011_2020,1
3891,178,21.89,0.257,22835,971,0.2601,2017,C_2011_2020,1
4513,209,21.63,0.1773,26386,1160,0.2686,2017,C_2011_2020,2
1685,97,17.25,0.5341,10076,604,0.3774,2017,C_2011_2020,1
2723,150,18.04,0.2203,16135,792,0.3111,2017,C_2011_2020,0
13339,856,15.54,0.1125,80860,2802,0.2241,2017,C_2011_2020,2
2964,113,26.15,0.3374,17687,894,0.3155,2017,C_2011_2020,1
5461,256,21.23,0.1648,31501,1182,0.2307,2017,C_2011_2020,1
5244,202,25.66,0.2479,30731,1217,0.2429,2017,C_2011_2020,1
6444,360,17.96,0.1552,37683,1428,0.2323,2017,C_2011_2020,1
5453,238,22.92,0.1467,31290,1126,0.2188,2017,C_2011_2020,1
1394,67,20.84,0.5739,8496,532,0.3981,2017,C_2011_2020,0
2994,170,17.67,0.3006,17275,679,0.2385,2017,C_2011_2020,0
5492,247,22.17,0.1821,33335,1155,0.2256,2017,C_2011_2020,1
5924,270,21.93,0.1182,36449,1338,0.2378,2017,C_2011_2020,0
7495,324,23.04,0.2268,43869,1618,0.2315,2017,C_2011_2020,0
6759,281,23.92,0.1627,40003,1398,0.2173,2017,C_2011_2020,1
2083,140,14.88,0.3361,12816,649,0.3298,2017,C_2011_2020,1
954,29,32.69,0.3145,5370,380,0.4099,2017,C_2011_2020,0
1304,55,23.73,0.9202,7672,519,0.4126,2017,C_2011_2020,1
1573,66,23.77,0.5086,9104,616,0.4069,2017,C_2011_2020,1
2391,117,20.59,0.5019,13446,691,0.2995,2017,C_2011_2020,1
11210,844,13.34,0.0892,66161,2255,0.2154,2017,C_2011_2020,2
1784,120,14.91,0.5045,10769,668,0.3946,2017,C_2011_2020,1
2755,113,24.42,0.3267,16215,747,0.2849,2017,C_2011_2020,1
2010,104,19.21,0.3483,11654,683,0.3577,2017,C_2011_2020,2
2204,125,17.59,0.4991,12803,753,0.3616,2017,C_2011_2020,1
976,62,15.79,0.9221,5744,430,0.4621,2017,C_2011_2020,1
4950,196,25.31,0.2626,29219,1361,0.2851,2017,C_2011_2020,0
12529,461,27.06,0.2235,74974,2305,0.1933,2017,C_2011_2020,1
7164,351,20.26,0.1954,40974,1549,0.2312,2017,C_2011_2020,1
4375,211,20.44,0.16,25910,1248,0.3033,2017,C_2011_2020,0
3887,192,20.15,0.3602,22921,1065,0.292,2017,C_2011_2020,1
4456,189,23.43,0.2244,26437,1432,0.3346,2017,C_2011_2020,1
1922,87,21.89,0.4683,11332,585,0.321,2017,C_2011_2020,0
14610,625,23.22,0.1095,86871,2404,0.1749,2017,C_2011_2020,1
15266,433,35.22,0.1376,68948,2014,0.1402,2017,C_2011_2020,0
2084,101,20.75,0.3359,12807,719,0.368,2017,C_2011_2020,1
464,22,20.86,0.8621,2794,212,0.4892,2017,C_2011_2020,1
1053,43,24.65,1.4245,6393,392,0.3856,2017,C_2011_2020,1
3623,164,22.02,0.2208,21022,984,0.2848,2017,C_2011_2020,0
744,51,14.59,0.9409,4388,310,0.457,2017,C_2011_2020,1
4316,237,18.09,0.2317,27208,1036,0.257,2017,C_2011_2020,1
626,42,14.86,0.7987,3673,283,0.4792,2017,C_2011_2020,1
1517,72,21.19,0.6592,9383,515,0.352,2017,C_2011_2020,0
8590,451,18.98,0.1513,49677,1879,0.2286,2017,C_2011_2020,0
1002,68,14.79,0.5988,6179,371,0.3942,2017,C_2011_2020,0
6348,306,20.72,0.2205,39056,1336,0.2256,2017,C_2011_2020,0
2391,108,22.13,0.4601,14258,787,0.3446,2017,C_2011_2020,1
3533,199,17.64,0.3114,20810,947,0.2811,2017,C_2011_2020,1
1528,100,15.11,0.4581,9578,439,0.3069,2017,C_2011_2020,0
840,35,24.03,1.0714,5071,373,0.4643,2017,C_2011_2020,1
3688,200,18.34,0.3254,22497,928,0.2674,2017,C_2011_2020,0
7036,255,27.63,0.1563,41919,1653,0.2472,2017,C_2011_2020,2
1578,91,17.48,0.4436,9758,621,0.4081,2017,C_2011_2020,2
12404,583,21.22,0.1129,73401,2368,0.2024,2017,C_2011_2020,1
6257,350,17.92,0.2237,39009,1367,0.2343,2017,C_2011_2020,0
5339,290,18.3,0.206,32096,1318,0.2611,2017,C_2011_2020,1
433,28,15.18,1.1547,2649,234,0.5774,2017,C_2011_2020,0
410,27,15.22,1.9512,2602,219,0.5634,2017,C_2011_2020,1
7262,488,14.9,0.2066,42469,1595,0.2298,2017,C_2011_2020,0
1212,56,21.46,0.7426,7161,466,0.4018,2017,C_2011_2020,1
2872,118,24.33,0.3134,17244,865,0.3148,2017,C_2011_2020,1
5559,238,23.29,0.2159,32964,1071,0.2054,2017,C_2011_2020,1
7665,336,22.8,0.1566,46635,1637,0.2299,2017,C_2011_2020,1
10339,446,23.12,0.1741,63158,2314,0.2404,2017,C_2011_2020,0
2136,161,13.09,0.3745,12539,697,0.3436,2017,C_2011_2020,1
3924,150,25.93,0.2039,23957,1017,0.2765,2017,C_2011_2020,1
2415,109,22.17,0.3313,14458,733,0.3213,2017,C_2011_2020,1
2086,88,23.52,0.6711,12609,807,0.4017,2017,C_2011_2020,1
3192,162,19.6,0.4073,19187,1073,0.3521,2017,C_2011_2020,1
5395,210,25.47,0.3522,32120,1448,0.2808,2017,C_2011_2020,1
7596,287,26.47,0.1448,45097,1685,0.2345,2017,C_2011_2020,0
3613,189,18.96,0.3321,20780,941,0.2765,2017,C_2011_2020,1
32513,1738,18.72,0.0554,185842,4144,0.1341,2017,C_2011_2020,1
1811,104,17.42,0.6626,10707,650,0.3832,2017,C_2011_2020,1
7726,379,20.21,0.1812,48311,1476,0.2089,2017,C_2011_2020,2
7994,398,19.92,0.1001,48375,1433,0.1945,2017,C_2011_2020,1
3208,166,19.3,0.3117,19140,902,0.2971,2017,C_2011_2020,1
1127,67,16.76,0.8873,6704,475,0.4552,2017,C_2011_2020,1
3720,186,20.08,0.2688,22191,873,0.247,2017,C_2011_2020,1
2066,104,19.63,0.4356,12547,575,0.2909,2017,C_2011_2020,1
2748,132,20.7,0.3639,15920,796,0.3031,2017,C_2011_2020,1
3411,137,24.93,0.2345,21042,982,0.2982,2017,C_2011_2020,1
1717,82,20.84,0.4077,9803,566,0.3535,2017,C_2011_2020,0
3732,173,21.51,0.2412,22253,1060,0.2996,2017,C_2011_2020,1
6596,325,20.21,0.1668,38477,1513,0.2447,2017,C_2011_2020,0
7992,461,17.3,0.1877,47816,1707,0.2271,2017,C_2011_2020,1
3790,165,22.81,0.2902,22681,1197,0.329,2017,C_2011_2020,0
3727,197,18.9,0.161,21891,1061,0.2992,2017,C_2011_2020,2
2084,183,11.26,0.4798,13129,546,0.2855,2018,C_2011_2020,1
14033,461,30.38,0.1496,65572,1926,0.1486,2018,C_2011_2020,0
5404,170,31.85,0.2036,21737,765,0.1516,2018,C_2011_2020,1
8586,432,19.92,0.1514,54902,1584,0.1993,2018,C_2011_2020,1
4128,245,16.8,0.2907,24440,1095,0.2796,2018,C_2011_2020,1
3228,157,20.28,0.1859,14929,802,0.267,2018,C_2011_2020,1
1194,66,18.11,0.5025,6905,476,0.4171,2018,C_2011_2020,0
4919,236,20.66,0.2643,28733,1123,0.2374,2018,C_2011_2020,1
5088,165,30.78,0.1572,20256,849,0.1802,2018,C_2011_2020,1
2221,72,30.44,0.4502,13171,657,0.3071,2018,C_2011_2020,1
12309,407,30.19,0.0812,54030,1783,0.1524,2018,C_2011_2020,2
5819,245,23.52,0.2062,28277,975,0.1846,2018,C_2011_2020,1
1860,91,20.42,0.5914,10892,614,0.3489,2018,C_2011_2020,1
3317,148,22.28,0.4824,20644,1043,0.3316,2018,C_2011_2020,1
8817,405,21.71,0.1815,53043,1746,0.2136,2018,C_2011_2020,0
4194,188,22.11,0.1907,25680,1210,0.3045,2018,C_2011_2020,0
1918,84,22.76,0.3128,11283,576,0.3149,2018,C_2011_2020,0
12268,573,21.4,0.1956,74291,2259,0.1969,2018,C_2011_2020,1
22541,870,25.74,0.0665,132679,3333,0.1582,2018,C_2011_2020,0
14239,602,23.53,0.1475,83257,2728,0.2018,2018,C_2011_2020,1
2027,58,34.88,0.4933,8484,476,0.2491,2018,C_2011_2020,1
7978,338,23.5,0.1379,49252,1946,0.2581,2018,C_2011_2020,2
3336,133,25.08,0.1799,20265,836,0.2659,2018,C_2011_2020,1
3025,146,20.88,0.1983,18597,793,0.2803,2018,C_2011_2020,0
4662,219,21.33,0.1502,27806,981,0.2211,2018,C_2011_2020,0
9481,418,22.73,0.0738,44864,1521,0.1742,2018,C_2011_2020,0
3290,157,20.98,0.2432,20018,907,0.2951,2018,C_2011_2020,0
3186,115,27.68,0.2511,14348,625,0.2119,2018,C_2011_2020,0
5656,245,23.02,0.1768,33629,1339,0.2498,2018,C_2011_2020,1
3623,102,35.63,0.276,15540,651,0.1888,2018,C_2011_2020,1
2081,84,24.5,0.5286,12059,716,0.3618,2018,C_2011_2020,1
1418,54,26.06,0.5642,7396,478,0.359,2018,C_2011_2020,0
6578,166,39.43,0.152,25538,1072,0.1712,2018,C_2011_2020,1
1077,68,15.93,0.8357,6681,388,0.3825,2018,C_2011_2020,2
4976,214,23.23,0.2613,28759,1346,0.2858,2018,C_2011_2020,1
3545,156,22.7,0.3949,21546,1055,0.3097,2018,C_2011_2020,1
3354,150,22.26,0.328,19544,854,0.2716,2018,C_2011_2020,1
7548,383,19.59,0.159,45275,1571,0.2211,2018,C_2011_2020,0
2730,108,25.33,0.4396,16788,821,0.3161,2018,C_2011_2020,0
6454,269,23.87,0.1549,37568,1577,0.2561,2018,C_2011_2020,1
23225,965,23.92,0.1292,140946,4225,0.1953,2018,C_2011_2020,1
4748,268,17.79,0.1896,28664,1249,0.2772,2018,C_2011_2020,1
7607,272,27.91,0.1052,32086,1204,0.1679,2018,C_2011_2020,1
2169,154,14.07,0.3227,12906,663,0.3246,2018,C_2011_2020,1
5531,284,19.49,0.1989,33796,1378,0.2652,2018,C_2011_2020,0
4809,190,25.3,0.1871,21780,798,0.1817,2018,C_2011_2020,1
3483,198,17.51,0.2297,20365,898,0.2733,2018,C_2011_2020,0
3204,163,19.66,0.3121,19381,966,0.3193,2018,C_2011_2020,0
3280,165,19.71,0.2439,19644,871,0.2817,2018,C_2011_2020,2
3123,136,22.8,0.2562,14744,775,0.2626,2018,C_2011_2020,0
2902,112,25.92,0.3446,17351,785,0.2881,2018,C_2011_2020,1
11907,607,19.6,0.168,72051,2469,0.2202,2018,C_2011_2020,1
2531,121,21.05,0.3556,15377,710,0.2987,2018,C_2011_2020,0
2006,92,21.82,0.4985,11821,671,0.35,2018,C_2011_2020,1
2264,112,19.98,0.3092,13716,672,0.3079,2018,C_2011_2020,1
9640,453,21.08,0.1245,56475,2114,0.2324,2018,C_2011_2020,1
644,33,19.67,0.9317,3833,276,0.4565,2018,C_2011_2020,1
2075,108,19.25,0.241,12097,677,0.3407,2018,C_2011_2020,1
4604,174,26.39,0.2824,27226,812,0.1872,2018,C_2011_2020,1
1542,70,21.94,0.6485,9218,540,0.3645,2018,C_2011_2020,1
6783,476,14.29,0.1474,40148,1328,0.2068,2018,C_2011_2020,1
3531,177,19.87,0.2266,16579,783,0.2339,2018,C_2011_2020,2
3355,106,31.37,0.2981,15569,603,0.1952,2018,C_2011_2020,1
990,56,17.45,0.8081,6335,398,0.4343,2018,C_2011_2020,2
1157,40,28.55,0.605,5698,395,0.363,2018,C_2011_2020,1
380623,15513,24.55,0.0095,2269482,22155,0.0639,2018,C_2011_2020,1
5928,284,20.76,0.2193,35889,1618,0.2861,2018,C_2011_2020,1
2936,154,18.98,0.3747,16811,793,0.2813,2018,C_2011_2020,1
3327,222,15.2,0.2405,20014,896,0.2801,2018,C_2011_2020,1
1818,101,17.77,0.385,10582,566,0.3251,2018,C_2011_2020,1
9052,361,24.84,0.1768,55149,2008,0.2345,2018,C_2011_2020,0
2728,165,16.55,0.3666,15871,774,0.2988,2018,C_2011_2020,0
5649,249,22.5,0.1593,33080,1473,0.2733,2018,C_2011_2020,0
3759,161,23.32,0.2926,22321,970,0.2719,2018,C_2011_2020,1
617,36,16.94,1.2966,3619,294,0.5073,2018,C_2011_2020,2
2544,93,26.91,0.3931,15466,746,0.305,2018,C_2011_2020,1
9572,354,26.77,0.1463,56647,1551,0.1708,2018,C_2011_2020,1
3136,147,21.23,0.4145,18881,877,0.2959,2018,C_2011_2020,1
937,67,13.85,0.7471,5773,419,0.4728,2018,C_2011_2020,1
2621,155,16.83,0.4578,15879,848,0.3415,2018,C_2011_2020,1
19398,759,25.49,0.0979,115488,2729,0.1505,2018,C_2011_2020,2
12958,713,18.31,0.108,78666,2356,0.1916,2018,C_2011_2020,1
3409,131,25.95,0.2053,21465,774,0.2449,2018,C_2011_2020,1
1481,62,23.85,0.6077,9291,520,0.372,2018,C_2011_2020,1
16461,739,22.28,0.0911,99537,2544,0.1655,2018,C_2011_2020,0
2639,156,16.86,0.2653,15479,758,0.3013,2018,C_2011_2020,1
14643,416,35.11,0.0546,55684,1723,0.1251,2018,C_2011_2020,1
3508,245,14.21,0.3421,19412,899,0.2805,2018,C_2011_2020,0
6479,321,20.07,0.1852,38431,1430,0.2331,2018,C_2011_2020,1
11184,480,23.2,0.0626,66983,1768,0.1697,2018,C_2011_2020,0
2346,159,14.81,0.2558,14171,713,0.3193,2018,C_2011_2020,2
12221,644,18.88,0.1637,66614,2062,0.1826,2018,C_2011_2020,1
2977,187,15.81,0.3023,18167,890,0.3161,2018,C_2011_2020,1
6845,221,30.88,0.1899,30113,1080,0.1721,2018,C_2011_2020,0
7896,250,31.47,0.1773,36359,1546,0.2055,2018,C_2011_2020,1
3080,139,22.1,0.2597,18212,897,0.3101,2018,C_2011_2020,0
1908,81,23.35,0.4717,9375,579,0.3218,2018,C_2011_2020,1
3527,133,26.41,0.1985,20178,868,0.2606,2018,C_2011_2020,0
2634,207,13.09,0.5315,16047,699,0.2813,2018,C_2011_2020,0
4078,215,18.86,0.2207,24104,1151,0.2977,2018,C_2011_2020,0
4252,285,15.16,0.2822,25996,1030,0.2556,2018,C_2011_2020,0
22379,639,35.01,0.0804,90006,2298,0.1085,2018,C_2011_2020,1
11545,533,21.61,0.1472,70810,2344,0.2165,2018,C_2011_2020,1
2111,114,18.26,0.6632,12410,760,0.3828,2018,C_2011_2020,1
947,63,15.17,0.9504,5665,393,0.4361,2018,C_2011_2020,1
8486,388,21.95,0.1178,51145,1659,0.2139,2018,C_2011_2020,1
5627,207,27.21,0.1777,23721,943,0.1774,2018,C_2011_2020,0
8796,475,18.64,0.1251,52581,1669,0.2084,2018,C_2011_2020,0
4530,232,19.56,0.3974,26766,1153,0.2667,2018,C_2011_2020,1
271,22,12.36,2.214,1774,179,0.7048,2018,C_2011_2020,1
1433,70,20.17,0.4187,8421,502,0.3692,2018,C_2011_2020,1
9137,396,22.91,0.1423,54647,1550,0.1799,2018,C_2011_2020,1
17187,606,28.08,0.0815,102085,2357,0.1464,2018,C_2011_2020,1
8034,311,25.66,0.1494,46551,1612,0.2145,2018,C_2011_2020,1
5298,239,21.96,0.1133,32246,1151,0.2288,2018,C_2011_2020,1
12223,482,25.26,0.1145,72299,2158,0.1898,2018,C_2011_2020,1
2696,127,21.28,0.3338,15470,800,0.3119,2018,C_2011_2020,0
6602,311,21.15,0.1212,41300,1335,0.2161,2018,C_2011_2020,1
3533,218,15.98,0.3114,21318,978,0.2975,2018,C_2011_2020,1
2303,143,15.87,0.304,13598,634,0.2927,2018,C_2011_2020,1
3967,136,29.17,0.2269,23456,826,0.2238,2018,C_2011_2020,1
4532,234,19.26,0.1765,27192,1128,0.2628,2018,C_2011_2020,0
14229,624,22.72,0.1335,82864,2524,0.1893,2018,C_2011_2020,0
2480,138,17.8,0.4435,14924,858,0.3609,2018,C_2011_2020,1
1226,81,14.89,0.4894,7344,453,0.3989,2018,C_2011_2020,1
4365,193,22.61,0.2062,25993,1191,0.2857,2018,C_2011_2020,1
4616,167,27.63,0.1516,26651,1036,0.2374,2018,C_2011_2020,1
4993,147,33.83,0.1402,20113,807,0.173,2018,C_2011_2020,2
1716,86,20.08,0.6993,10439,592,0.3607,2018,C_2011_2020,1
251,24,10.21,1.992,1610,173,0.7052,2018,C_2011_2020,1
17278,601,28.5,0.081,85891,1980,0.1249,2018,C_2011_2020,1
5001,216,22.9,0.18,29417,1279,0.2685,2018,C_2011_2020,1
3997,194,20.78,0.1751,23724,943,0.2492,2018,C_2011_2020,1
8396,240,34.97,0.1072,35055,1207,0.1532,2018,C_2011_2020,1
5974,241,24.69,0.1841,34618,1505,0.2635,2018,C_2011_2020,0
2748,133,20.53,0.3639,15826,876,0.3366,2018,C_2011_2020,2
1949,113,17.22,0.3079,11379,674,0.3653,2018,C_2011_2020,0
1897,103,18.28,0.4744,11460,649,0.3606,2018,C_2011_2020,1
4817,348,14.09,0.2076,28754,1140,0.2529,2018,C_2011_2020,1
10375,345,29.88,0.1253,44195,1404,0.1446,2018,C_2011_2020,1
2715,168,16.39,0.3683,16246,863,0.3308,2018,C_2011_2020,1
2200,76,28.55,0.3636,8853,490,0.2382,2018,C_2011_2020,2
17578,511,34.32,0.091,80705,2182,0.1328,2018,C_2011_2020,0
2385,104,22.8,0.7128,14578,753,0.3338,2018,C_2011_2020,1
13434,454,29.47,0.1042,59008,1570,0.1274,2018,C_2011_2020,0
24561,1443,16.97,0.0814,151396,4233,0.1868,2018,C_2011_2020,1
680,32,21.06,0.7353,4128,304,0.475,2018,C_2011_2020,0
1995,95,20.89,0.401,11702,659,0.3454,2018,C_2011_2020,1
3039,156,19.35,0.3291,18308,902,0.3139,2018,C_2011_2020,2
3133,202,15.61,0.3192,19487,857,0.2876,2018,C_2011_2020,2
5610,191,29.41,0.2496,24594,1109,0.2082,2018,C_2011_2020,1
3764,153,24.5,0.3454,19493,1049,0.2912,2018,C_2011_2020,1
2632,88,29.52,0.4559,10616,531,0.2162,2018,C_2011_2020,1
13237,475,27.6,0.0831,60416,1828,0.1479,2018,C_2011_2020,2
5998,332,18.29,0.1667,36643,1260,0.2221,2018,C_2011_2020,1
1337,34,38.79,0.6731,5621,366,0.2969,2018,C_2011_2020,1
2227,100,22.24,0.4041,13561,681,0.322,2018,C_2011_2020,2
756,46,16.54,0.6614,4476,360,0.5026,2018,C_2011_2020,1
21621,844,25.58,0.074,103555,2522,0.1253,2018,C_2011_2020,1
2070,82,25.1,0.2899,9535,546,0.2773,2018,C_2011_2020,0
10307,401,25.55,0.1358,44969,1326,0.1386,2018,C_2011_2020,0
4708,165,28.5,0.1274,22750,841,0.1952,2018,C_2011_2020,0
6261,315,19.75,0.1757,36790,1683,0.2824,2018,C_2011_2020,0
15420,750,20.51,0.1232,90797,3230,0.2213,2018,C_2011_2020,1
2852,104,27.21,0.2805,16952,774,0.2851,2018,C_2011_2020,2
3856,192,19.94,0.3112,22539,1135,0.3104,2018,C_2011_2020,0
797,33,24.15,0.7528,4745,359,0.4768,2018,C_2011_2020,1
1863,118,15.72,0.3221,11293,673,0.379,2018,C_2011_2020,2
4217,248,17.1,0.1897,25105,1086,0.2746,2018,C_2011_2020,1
970,48,20.4,0.5155,5802,400,0.4381,2018,C_2011_2020,1
3441,204,16.89,0.2034,20003,914,0.2825,2018,C_2011_2020,0
4314,154,28.12,0.2086,19104,751,0.1868,2018,C_2011_2020,2
485,35,13.74,1.2371,2966,231,0.5134,2018,C_2011_2020,1
10198,374,27.24,0.1177,62027,1951,0.2047,2018,C_2011_2020,1
6821,329,20.56,0.2199,40310,1548,0.2374,2018,C_2011_2020,2
4897,213,22.7,0.2042,25841,1129,0.2434,2018,C_2011_2020,1
6565,243,26.85,0.2133,30375,1033,0.1729,2018,C_2011_2020,1
2337,128,18.34,0.4279,13892,591,0.27,2018,C_2011_2020,1
2197,72,30.36,0.2731,8466,487,0.2367,2018,C_2011_2020,1
3720,176,21.35,0.2419,21760,889,0.254,2018,C_2011_2020,1
5002,186,26.78,0.1999,22956,925,0.1965,2018,C_2011_2020,2
1089,61,17.49,0.7346,4734,293,0.2929,2018,C_2011_2020,1
4663,187,24.72,0.193,26900,1061,0.2402,2018,C_2011_2020,1
3135,152,20.59,0.3509,18706,795,0.2644,2018,C_2011_2020,1
1711,102,16.9,0.3507,9883,597,0.3688,2018,C_2011_2020,1
8293,334,24.72,0.1326,47532,1617,0.2048,2018,C_2011_2020,1
2502,84,29.64,0.3997,10983,552,0.2394,2018,C_2011_2020,0
7716,252,30.53,0.1944,46364,1651,0.2243,2018,C_2011_2020,0
2764,143,19.29,0.2533,14387,663,0.2645,2018,C_2011_2020,0
3450,221,15.76,0.2899,20897,806,0.2513,2018,C_2011_2020,0
8688,452,19.07,0.2302,52925,2156,0.2632,2018,C_2011_2020,1
1766,104,16.76,0.5096,10401,572,0.342,2018,C_2011_2020,1
1915,93,20.53,0.47,12080,497,0.2778,2018,C_2011_2020,1
5239,317,16.53,0.21,31059,1229,0.2497,2018,C_2011_2020,0
2905,85,34.13,0.3442,11481,540,0.2017,2018,C_2011_2020,1
7221,320,22.44,0.1246,44093,1371,0.2093,2018,C_2011_2020,1
10185,345,29.44,0.1276,53428,1618,0.1733,2018,C_2011_2020,1
4133,207,19.75,0.2903,25420,1016,0.2608,2018,C_2011_2020,0
2280,152,14.92,0.4386,13612,688,0.3189,2018,C_2011_2020,1
2756,122,22.55,0.4717,16717,813,0.3091,2018,C_2011_2020,1
1238,56,21.91,0.8078,7810,477,0.4031,2018,C_2011_2020,0
2892,146,19.71,0.2766,17253,806,0.2943,2018,C_2011_2020,1
1830,77,23.47,0.4918,10905,706,0.406,2018,C_2011_2020,0
105489,4115,25.65,0.0228,638358,9971,0.1011,2018,C_2011_2020,2
5919,328,18.08,0.1858,35096,1292,0.232,2018,C_2011_2020,1
4391,130,33.55,0.3188,19571,844,0.2036,2018,C_2011_2020,1
2694,88,30.5,0.4083,13053,716,0.2825,2018,C_2011_2020,1
4139,219,18.97,0.2658,21491,960,0.2486,2018,C_2011_2020,1
4744,201,23.64,0.1897,27157,1237,0.2717,2018,C_2011_2020,1
3627,157,22.85,0.2481,17130,810,0.2346,2018,C_2011_2020,0
6187,277,22.24,0.1455,37360,1204,0.2072,2018,C_2011_2020,0
2058,161,12.8,0.5345,12630,731,0.3698,2018,C_2011_2020,1
2150,95,22.47,0.4651,12970,692,0.3367,2018,C_2011_2020,0
1315,62,21.23,0.8365,7856,496,0.3962,2018,C_2011_2020,1
1276,71,17.72,0.7837,7320,470,0.3918,2018,C_2011_2020,1
2942,101,29.29,0.3059,12909,538,0.1999,2018,C_2011_2020,0
2979,135,21.91,0.2685,17628,808,0.2914,2018,C_2011_2020,0
4296,172,24.78,0.3259,25618,1046,0.2577,2018,C_2011_2020,0
8338,396,20.91,0.1199,50208,1712,0.2178,2018,C_2011_2020,1
10158,436,23.23,0.1083,59539,1977,0.2089,2018,C_2011_2020,2
8756,436,19.92,0.1256,50536,1796,0.2188,2018,C_2011_2020,0
4254,144,29.51,0.141,18412,868,0.2177,2018,C_2011_2020,1
33414,1343,24.83,0.0628,181710,4433,0.1425,2018,C_2011_2020,1
11533,547,21.07,0.1214,69550,2433,0.2254,2018,C_2011_2020,0
5192,206,25.0,0.2311,30603,1016,0.2086,2018,C_2011_2020,0
6693,324,20.64,0.1644,40765,1439,0.2299,2018,C_2011_2020,0
2576,125,20.69,0.3882,16459,980,0.4064,2018,C_2011_2020,1
11380,342,33.26,0.0879,55453,1503,0.1436,2018,C_2011_2020,1
4126,217,18.93,0.2181,25723,1061,0.2756,2018,C_2011_2020,1
4575,244,18.72,0.2186,27771,1268,0.2953,2018,C_2011_2020,1
991,77,12.64,0.6054,5858,426,0.4601,2018,C_2011_2020,0
2264,104,21.89,0.3534,14036,744,0.3485,2018,C_2011_2020,0
1302,55,23.6,0.6144,7907,479,0.3863,2018,C_2011_2020,1
3357,163,20.74,0.2383,16744,707,0.2303,2018,C_2011_2020,1
2112,99,21.26,0.3788,12781,720,0.3556,2018,C_2011_2020,1
1033,52,20.08,0.6776,6440,385,0.3911,2018,C_2011_2020,1
3904,134,28.76,0.2561,16654,816,0.2216,2018,C_2011_2020,2
1748,56,31.09,0.4577,8743,438,0.2712,2018,C_2011_2020,0
6611,216,30.73,0.3025,40409,1434,0.2316,2018,C_2011_2020,1
1205,60,19.68,0.5809,7132,426,0.366,2018,C_2011_2020,0
36338,1534,23.62,0.066,219271,5245,0.1545,2019,C_2011_2020,1
10588,425,24.7,0.17,63636,2549,0.253,2019,C_2011_2020,2
5059,176,28.62,0.1384,28962,1078,0.2238,2019,C_2011_2020,0
10297,433,23.7,0.136,61885,1979,0.201,2019,C_2011_2020,0
1979,110,17.87,0.4042,11898,664,0.3537,2019,C_2011_2020,0
1667,100,16.71,0.4799,10045,578,0.3659,2019,C_2011_2020,1
19108,959,19.82,0.0785,111850,2683,0.1485,2019,C_2011_2020,1
14614,719,20.3,0.1437,92594,2219,0.1633,2019,C_2011_2020,1
7489,285,26.23,0.1869,43709,1390,0.1942,2019,C_2011_2020,2
4310,291,14.76,0.232,25424,1037,0.2513,2019,C_2011_2020,1
2703,120,22.28,0.407,15909,678,0.2634,2019,C_2011_2020,1
8331,374,22.25,0.132,50525,2165,0.2745,2019,C_2011_2020,1
2904,170,17.25,0.3444,17605,821,0.2982,2019,C_2011_2020,1
4036,139,28.88,0.3469,23886,1112,0.2879,2019,C_2011_2020,0
8950,470,18.96,0.2235,55033,1899,0.2267,2019,C_2011_2020,0
2965,144,20.65,0.3373,18785,728,0.2597,2019,C_2011_2020,1
3676,139,26.27,0.2176,21003,938,0.2652,2019,C_2011_2020,1
5863,225,25.74,0.1706,33635,1361,0.2424,2019,C_2011_2020,1
7273,369,19.81,0.1512,43342,1340,0.195,2019,C_2011_2020,1
5319,212,25.11,0.188,31248,881,0.1748,2019,C_2011_2020,0
29614,1247,23.68,0.0507,173786,4011,0.1448,2019,C_2011_2020,1
7412,294,25.15,0.1484,44490,1333,0.1912,2019,C_2011_2020,1
3077,151,20.34,0.455,18264,817,0.2805,2019,C_2011_2020,1
670,44,14.82,1.194,3882,324,0.503,2019,C_2011_2020,0
3367,180,18.7,0.3267,19736,862,0.2721,2019,C_2011_2020,1
5474,212,25.74,0.1279,31270,1121,0.2145,2019,C_2011_2020,0
4646,146,31.77,0.1937,28506,921,0.2073,2019,C_2011_2020,1
3511,183,19.1,0.3703,21280,953,0.2874,2019,C_2011_2020,0
4479,174,25.51,0.3126,26826,1149,0.2701,2019,C_2011_2020,1
4168,204,20.31,0.2159,25266,913,0.233,2019,C_2011_2020,1
5561,352,15.89,0.2338,33124,1230,0.2352,2019,C_2011_2020,1
5432,327,16.65,0.2577,33175,1448,0.2859,2019,C_2011_2020,1
2868,178,16.09,0.3835,17517,790,0.2897,2019,C_2011_2020,1
7954,355,22.42,0.1257,49255,1229,0.1665,2019,C_2011_2020,1
3306,167,19.65,0.242,19419,864,0.2722,2019,C_2011_2020,1
1958,111,17.62,0.4597,12293,577,0.3085,2019,C_2011_2020,0
1407,60,23.18,0.5686,8383,483,0.3575,2019,C_2011_2020,1
45221,1616,27.99,0.0442,278139,5537,0.1317,2019,C_2011_2020,2
6236,325,19.19,0.2085,37421,1264,0.2166,2019,C_2011_2020,1
1389,62,22.27,0.504,8294,532,0.396,2019,C_2011_2020,2
971,48,20.0,0.9269,5731,389,0.414,2019,C_2011_2020,1
2850,121,23.34,0.3509,16399,924,0.3389,2019,C_2011_2020,1
10492,419,25.05,0.1334,61022,2106,0.2133,2019,C_2011_2020,1
3079,144,21.11,0.2273,18163,869,0.2968,2019,C_2011_2020,0
2451,146,16.81,0.408,14570,703,0.3023,2019,C_2011_2020,1
5159,234,21.95,0.1938,32062,1425,0.2944,2019,C_2011_2020,1
2781,121,22.81,0.3955,16893,671,0.2567,2019,C_2011_2020,0
3409,163,20.94,0.2933,20851,773,0.2414,2019,C_2011_2020,1
5828,212,27.31,0.2231,35223,1132,0.2056,2019,C_2011_2020,0
10266,362,28.31,0.1071,62029,1748,0.1791,2019,C_2011_2020,2
1113,73,15.15,0.7188,6829,445,0.4196,2019,C_2011_2020,0
4646,183,25.19,0.2152,27464,968,0.2238,2019,C_2011_2020,0
14199,620,22.73,0.1056,83957,1848,0.1413,2019,C_2011_2020,1
2707,105,25.61,0.3325,15540,672,0.263,2019,C_2011_2020,0
17221,802,21.37,0.0871,100385,2929,0.178,2019,C_2011_2020,1
12852,502,25.46,0.0934,76656,2146,0.1764,2019,C_2011_2020,1
918,54,17.0,0.7625,5601,406,0.4706,2019,C_2011_2020,1
15669,862,18.13,0.083,92975,2751,0.1886,2019,C_2011_2020,1
4293,218,19.53,0.2562,26165,1103,0.27,2019,C_2011_2020,1
8382,472,17.63,0.1432,47685,1650,0.2103,2019,C_2011_2020,1
8106,348,23.25,0.1234,47005,1605,0.2096,2019,C_2011_2020,0
7126,273,25.96,0.1544,40568,1195,0.1774,2019,C_2011_2020,2
3908,134,29.26,0.2815,22573,735,0.196,2019,C_2011_2020,0
3622,166,21.59,0.3037,21252,988,0.2874,2019,C_2011_2020,1
11231,515,21.75,0.1158,65804,1970,0.1864,2019,C_2011_2020,1
27669,1001,27.71,0.0651,169784,4507,0.1761,2019,C_2011_2020,1
8962,492,18.35,0.1785,53166,1640,0.1935,2019,C_2011_2020,1
4509,255,17.63,0.2883,26334,1105,0.2646,2019,C_2011_2020,1
30327,1484,20.39,0.0824,183625,5096,0.1788,2019,C_2011_2020,2
8777,465,18.89,0.1367,52799,1593,0.1905,2019,C_2011_2020,1
6725,307,21.86,0.1487,40411,1336,0.2128,2019,C_2011_2020,0
3223,152,21.13,0.4034,20211,1220,0.3953,2019,C_2011_2020,1
1581,114,13.64,0.3795,9280,551,0.3662,2019,C_2011_2020,1
8154,301,26.89,0.1472,48795,1767,0.228,2019,C_2011_2020,2
7643,387,19.59,0.2878,44517,1707,0.2343,2019,C_2011_2020,1
1119,44,25.11,0.6256,6583,431,0.4004,2019,C_2011_2020,0
2660,113,23.65,0.4135,15293,732,0.2932,2019,C_2011_2020,0
2340,152,15.38,0.4274,14558,690,0.3085,2019,C_2011_2020,1
5683,327,17.32,0.2463,34463,1217,0.2296,2019,C_2011_2020,1
4642,187,24.67,0.1939,29642,1086,0.249,2019,C_2011_2020,0
6363,190,33.46,0.2829,38169,1433,0.239,2019,C_2011_2020,1
8056,391,20.57,0.2358,48039,1563,0.2067,2019,C_2011_2020,1
2405,97,24.67,0.3742,14621,641,0.2807,2019,C_2011_2020,2
6127,280,21.88,0.1632,36956,1228,0.2123,2019,C_2011_2020,0
5958,324,18.31,0.1846,35318,1396,0.2479,2019,C_2011_2020,2
3790,163,23.08,0.1847,22544,1102,0.305,2019,C_2011_2020,0
2886,110,26.05,0.2772,16600,836,0.3028,2019,C_2011_2020,0
4420,176,25.08,0.2036,27439,1187,0.281,2019,C_2011_2020,1
12733,689,18.49,0.0628,75561,2045,0.1683,2019,C_2011_2020,2
4486,151,29.68,0.4235,26693,1074,0.2512,2019,C_2011_2020,1
1907,95,20.11,0.3671,12322,616,0.3482,2019,C_2011_2020,1
4363,172,25.43,0.2521,25802,1130,0.2737,2019,C_2011_2020,1
2139,104,20.54,0.3273,12778,669,0.3287,2019,C_2011_2020,2
3133,142,22.13,0.2553,17907,923,0.3131,2019,C_2011_2020,1
3906,149,26.11,0.1792,23005,1009,0.2704,2019,C_2011_2020,1
12346,698,17.59,0.1215,76374,2438,0.2121,2019,C_2011_2020,2
1368,70,19.3,0.8041,7922,480,0.3662,2019,C_2011_2020,1
2328,137,16.88,0.3436,13505,764,0.3406,2019,C_2011_2020,0
4632,168,27.6,0.2159,27781,1084,0.2478,2019,C_2011_2020,0
2286,105,21.64,0.4374,13708,677,0.3088,2019,C_2011_2020,1
1476,80,18.45,0.6098,9032,517,0.3645,2019,C_2011_2020,1
5008,202,24.82,0.1997,30022,1021,0.2109,2019,C_2011_2020,1
11093,419,26.36,0.1262,66784,2404,0.23,2019,C_2011_2020,1
5958,261,22.81,0.2014,35804,1352,0.2402,2019,C_2011_2020,1
7972,396,20.1,0.1129,46487,1469,0.1964,2019,C_2011_2020,0
1690,129,13.04,0.5325,9883,547,0.3396,2019,C_2011_2020,0
3848,219,17.55,0.2599,23096,903,0.25,2019,C_2011_2020,1
2393,113,20.91,0.5015,14840,827,0.3644,2019,C_2011_2020,1
5553,254,21.84,0.4142,32804,1320,0.2543,2019,C_2011_2020,1
10902,431,25.19,0.1835,65725,2141,0.2104,2019,C_2011_2020,0
4367,212,20.61,0.2061,26750,1078,0.2597,2019,C_2011_2020,0
5122,277,18.35,0.2343,30524,1406,0.2884,2019,C_2011_2020,1
2946,151,19.47,0.4073,16996,826,0.2963,2019,C_2011_2020,1
3863,205,18.58,0.2848,24487,962,0.2625,2019,C_2011_2020,1
1601,95,16.78,0.4997,9818,632,0.4129,2019,C_2011_2020,1
12515,462,27.05,0.0879,74205,1700,0.1454,2019,C_2011_2020,0
7021,352,19.84,0.2279,43102,1607,0.243,2019,C_2011_2020,0
3261,149,21.8,0.2453,19473,897,0.2858,2019,C_2011_2020,2
9028,407,22.1,0.1772,54612,1854,0.2172,2019,C_2011_2020,1
199,17,11.29,2.0101,1213,116,0.6382,2019,C_2011_2020,0
4003,201,19.85,0.1999,25053,969,0.2576,2019,C_2011_2020,0
3637,197,18.37,0.2475,21175,781,0.2268,2019,C_2011_2020,1
3542,182,19.45,0.367,21419,928,0.2756,2019,C_2011_2020,1
4834,261,18.52,0.2276,27379,1082,0.2348,2019,C_2011_2020,1
2997,171,17.28,0.2669,17805,901,0.314,2019,C_2011_2020,1
5386,274,19.74,0.1857,32386,1016,0.1985,2019,C_2011_2020,2
3954,181,21.73,0.177,23165,1098,0.2949,2019,C_2011_2020,1
4290,232,18.4,0.2331,26563,1025,0.2557,2019,C_2011_2020,0
1256,77,16.01,0.6369,7127,426,0.3631,2019,C_2011_2020,0
13969,635,21.97,0.1647,83944,2123,0.1619,2019,C_2011_2020,0
246,24,10.08,1.626,1461,153,0.6707,2019,C_2011_2020,0
7048,358,19.57,0.1561,39340,1505,0.225,2019,C_2011_2020,1
5359,205,26.06,0.2799,31619,1377,0.2681,2019,C_2011_2020,1
4129,167,24.63,0.218,24613,910,0.2325,2019,C_2011_2020,1
1376,81,16.7,0.5814,8229,458,0.3438,2019,C_2011_2020,1
6993,322,21.68,0.0858,42542,1470,0.2241,2019,C_2011_2020,1
8246,329,25.09,0.1334,48924,1571,0.2012,2019,C_2011_2020,0
4490,249,17.96,0.2895,27438,1037,0.2454,2019,C_2011_2020,1
7608,410,18.64,0.184,47169,1442,0.2045,2019,C_2011_2020,1
14988,626,23.81,0.1334,91711,2393,0.1691,2019,C_2011_2020,0
16234,717,22.44,0.0862,95345,3196,0.2068,2019,C_2011_2020,2
4265,160,26.57,0.2345,25898,953,0.2403,2019,C_2011_2020,1
7284,391,18.71,0.1373,46312,1384,0.2018,2019,C_2011_2020,1
635,32,19.62,1.1024,3758,296,0.4819,2019,C_2011_2020,1
3018,161,18.53,0.3976,19041,884,0.3144,2019,C_2011_2020,0
2341,100,23.5,0.3417,13693,686,0.3046,2019,C_2011_2020,2
2817,149,18.72,0.497,17084,914,0.3429,2019,C_2011_2020,0
4597,223,20.59,0.1958,26296,1199,0.275,2019,C_2011_2020,0
7968,409,19.52,0.2008,47628,1664,0.2226,2019,C_2011_2020,2
8663,387,22.14,0.1154,51805,2335,0.2835,2019,C_2011_2020,2
2689,137,19.62,0.3347,16035,771,0.3023,2019,C_2011_2020,0
8311,283,29.35,0.1805,49081,1672,0.2114,2019,C_2011_2020,1
1371,86,15.94,0.8753,8166,507,0.3946,2019,C_2011_2020,1
8442,311,27.16,0.1303,50464,1648,0.2048,2019,C_2011_2020,2
7547,377,19.95,0.1458,43536,1714,0.2401,2019,C_2011_2020,0
1951,102,19.23,0.4613,11374,590,0.3152,2019,C_2011_2020,1
1951,92,21.14,0.4613,11514,591,0.3162,2019,C_2011_2020,1
797,40,19.82,1.0038,4941,330,0.4341,2019,C_2011_2020,0
3427,180,18.91,0.321,19622,1007,0.3105,2019,C_2011_2020,1
3933,220,17.9,0.2543,22410,1080,0.286,2019,C_2011_2020,1
6074,193,31.58,0.214,35561,1266,0.2218,2019,C_2011_2020,1
6155,343,17.83,0.1787,37420,1512,0.2622,2019,C_2011_2020,0
4842,273,17.86,0.3098,29848,1130,0.2509,2019,C_2011_2020,0
4834,268,18.15,0.2896,29309,1079,0.2367,2019,C_2011_2020,1
1945,119,16.26,0.617,11714,711,0.3851,2019,C_2011_2020,1
8051,323,24.8,0.2484,46906,1553,0.2037,2019,C_2011_2020,0
3412,177,19.15,0.2345,20629,873,0.2723,2019,C_2011_2020,1
1169,65,17.77,1.0265,6988,451,0.4038,2019,C_2011_2020,1
3817,169,22.54,0.5502,23168,1065,0.2926,2019,C_2011_2020,1
3621,155,23.35,0.3866,21262,925,0.2693,2019,C_2011_2020,1
3604,167,21.41,0.2497,21983,1063,0.3113,2019,C_2011_2020,1
5830,357,16.11,0.1715,34356,1270,0.2309,2019,C_2011_2020,2
2818,161,17.49,0.3194,16911,769,0.2899,2019,C_2011_2020,0
4634,158,29.35,0.259,26934,992,0.2264,2019,C_2011_2020,1
1927,102,18.63,0.3633,11500,640,0.3451,2019,C_2011_2020,1
3380,191,17.61,0.2663,20230,926,0.2902,2019,C_2011_2020,1
26124,1116,23.23,0.0421,157437,3968,0.1627,2019,C_2011_2020,1
4236,196,21.52,0.2361,25492,1085,0.272,2019,C_2011_2020,0
6650,308,21.43,0.2556,39504,1566,0.2516,2019,C_2011_2020,1
4817,156,30.71,0.2491,28866,1232,0.2674,2019,C_2011_2020,1
1428,64,22.33,0.7003,8673,483,0.3571,2019,C_2011_2020,1
7702,311,24.81,0.1428,46423,1608,0.2211,2019,C_2011_2020,1
1901,89,21.19,0.6839,11275,628,0.3461,2019,C_2011_2020,1
8338,515,15.91,0.1559,49115,1515,0.1912,2019,C_2011_2020,2
1490,72,20.58,0.4698,8866,551,0.3866,2019,C_2011_2020,2
5307,341,15.49,0.2073,32661,1361,0.2689,2019,C_2011_2020,1
3152,118,26.67,0.3173,18625,935,0.31,2019,C_2011_2020,2
2314,147,15.41,0.2593,13374,710,0.3211,2019,C_2011_2020,1
8650,439,19.76,0.1272,51331,1846,0.2232,2019,C_2011_2020,1
2447,109,22.32,0.2861,14100,662,0.2902,2019,C_2011_2020,1
4856,168,28.92,0.1853,28127,1008,0.2197,2019,C_2011_2020,1
5070,211,23.84,0.3353,29917,885,0.1832,2019,C_2011_2020,0
1534,92,16.43,0.7171,9251,509,0.3553,2019,C_2011_2020,2
4993,186,26.92,0.2604,29640,893,0.1913,2019,C_2011_2020,1
6984,254,27.41,0.1718,40249,1153,0.1737,2019,C_2011_2020,0
6168,295,21.0,0.2108,36960,1015,0.1715,2019,C_2011_2020,1
1739,97,17.71,0.5175,10654,580,0.3479,2019,C_2011_2020,1
1977,101,19.52,0.5058,12016,574,0.3065,2019,C_2011_2020,1
3331,178,18.46,0.2101,20355,775,0.2576,2019,C_2011_2020,1
2085,102,20.22,0.5276,12539,680,0.3453,2019,C_2011_2020,0
7363,313,23.4,0.2037,42662,1601,0.2295,2019,C_2011_2020,1
43535,2470,17.56,0.0436,266825,5823,0.1461,2019,C_2011_2020,1
10166,500,20.24,0.1476,62005,1822,0.1906,2019,C_2011_2020,1
4741,280,16.88,0.1687,28039,945,0.2208,2019,C_2011_2020,1
4008,155,25.78,0.2495,24008,777,0.2091,2019,C_2011_2020,1
2843,123,23.15,0.2462,17901,775,0.2916,2019,C_2011_2020,2
3259,128,25.44,0.3989,19167,995,0.32,2019,C_2011_2020,1
7094,294,24.13,0.1833,42325,1361,0.2003,2019,C_2011_2020,1
3443,243,14.05,0.2904,20399,861,0.2634,2019,C_2011_2020,2
1164,51,22.55,0.945,6880,361,0.3282,2019,C_2011_2020,1
2870,132,21.67,0.2439,16560,838,0.3031,2019,C_2011_2020,1
7506,262,28.63,0.1465,44462,1245,0.174,2019,C_2011_2020,1
4352,192,22.67,0.1608,25344,983,0.244,2019,C_2011_2020,1
10856,314,34.64,0.1658,65719,1664,0.1637,2019,C_2011_2020,1
2305,106,21.62,0.3471,13750,734,0.338,2019,C_2011_2020,2
6024,230,26.05,0.2324,36053,1387,0.2427,2019,C_2011_2020,1
41174,1849,22.27,0.0607,249240,5226,0.1379,2019,C_2011_2020,2
13874,625,22.07,0.0937,81652,2290,0.1758,2019,C_2011_2020,0
3287,143,22.88,0.213,20220,850,0.272,2019,C_2011_2020,1
4514,215,21.03,0.2215,26355,1063,0.2497,2019,C_2011_2020,1
15700,890,17.76,0.1529,95203,2581,0.1759,2019,C_2011_2020,2
1540,94,16.19,0.5195,9341,573,0.3942,2019,C_2011_2020,2
8446,336,25.09,0.1894,49669,1861,0.2344,2019,C_2011_2020,2
2214,109,20.19,0.4517,13172,674,0.3166,2019,C_2011_2020,0
732,40,18.3,1.5027,4537,290,0.418,2019,C_2011_2020,0
1230,75,16.16,0.813,7344,464,0.3943,2019,C_2011_2020,1
10638,456,23.28,0.1598,61547,2241,0.2187,2019,C_2011_2020,2
45763,2070,22.05,0.0503,272088,5460,0.1286,2019,C_2011_2020,1
7546,342,21.95,0.159,45626,1708,0.2418,2019,C_2011_2020,1
3607,175,20.63,0.2772,22472,904,0.2678,2019,C_2011_2020,1
1883,116,16.34,0.478,11240,630,0.3585,2019,C_2011_2020,1
19950,945,21.13,0.0802,119091,2978,0.1585,2019,C_2011_2020,0
4834,250,19.26,0.2069,28553,1168,0.254,2019,C_2011_2020,1
1803,92,19.49,0.4992,10510,662,0.3833,2019,C_2011_2020,1
7720,382,20.26,0.1943,48832,1914,0.2709,2019,C_2011_2020,1
899,48,18.77,0.6674,5278,407,0.4761,2019,C_2011_2020,1
685,51,13.45,1.0219,4317,294,0.4526,2019,C_2011_2020,1
6316,242,26.14,0.2217,37172,1243,0.2068,2019,C_2011_2020,0
1302,62,20.92,0.6144,7728,487,0.3925,2019,C_2011_2020,1
5304,284,18.7,0.2074,31787,1243,0.2485,2019,C_2011_2020,1
5899,253,23.35,0.1695,34860,1255,0.2295,2019,C_2011_2020,1
2931,167,17.51,0.6141,17834,840,0.3081,2019,C_2011_2020,1
3237,167,19.47,0.4325,19645,889,0.2947,2019,C_2011_2020,1
5487,190,28.79,0.2551,33153,1138,0.2176,2019,C_2011_2020,1
2020,110,18.24,0.4455,11953,767,0.395,2019,C_2011_2020,1
3703,165,22.3,0.2701,23009,913,0.2555,2019,C_2011_2020,1
7444,371,20.1,0.1343,44890,1397,0.198,2020,C_2011_2020,0
4482,211,21.25,0.29,27123,1090,0.2586,2020,C_2011_2020,1
11611,412,28.17,0.155,70604,1905,0.1749,2020,C_2011_2020,1
3878,244,15.96,0.2579,23647,1146,0.3102,2020,C_2011_2020,1
8014,541,14.67,0.1497,48751,1699,0.2292,2020,C_2011_2020,2
1020,46,21.91,0.7843,5842,365,0.3725,2020,C_2011_2020,2
9724,518,18.78,0.1131,57065,1849,0.2025,2020,C_2011_2020,0
19894,907,21.86,0.0653,117953,3387,0.1818,2020,C_2011_2020,1
4158,220,18.93,0.2405,24720,944,0.2386,2020,C_2011_2020,0
9306,543,17.11,0.2042,56741,1834,0.2118,2020,C_2011_2020,1
53097,2014,26.33,0.0339,322550,5790,0.1167,2020,C_2011_2020,1
8959,391,22.84,0.2121,56141,1799,0.2154,2020,C_2011_2020,1
3947,186,21.1,0.2787,23714,800,0.2169,2020,C_2011_2020,1
4393,186,23.66,0.3187,25987,1086,0.2636,2020,C_2011_2020,0
19880,1091,18.14,0.0654,113436,3351,0.176,2020,C_2011_2020,0
23864,1079,22.04,0.0838,141306,3769,0.1678,2020,C_2011_2020,0
21650,895,24.13,0.0878,130228,2939,0.1469,2020,C_2011_2020,1
10098,375,26.96,0.1089,60378,1909,0.1992,2020,C_2011_2020,1
1369,68,20.0,1.0226,8084,546,0.42,2020,C_2011_2020,1
6321,212,29.91,0.174,38159,1265,0.2099,2020,C_2011_2020,1
4367,169,25.71,0.1603,25133,1137,0.2702,2020,C_2011_2020,0
11913,507,23.53,0.2686,71929,1927,0.1741,2020,C_2011_2020,0
3138,156,20.02,0.2231,19007,979,0.3266,2020,C_2011_2020,1
8695,414,20.89,0.1955,52632,2044,0.2466,2020,C_2011_2020,1
8177,505,16.11,0.1345,48120,1478,0.1911,2020,C_2011_2020,0
6590,297,22.05,0.2428,38381,1175,0.1879,2020,C_2011_2020,1
2923,152,19.2,0.4447,17635,991,0.3551,2020,C_2011_2020,1
6328,254,24.67,0.1738,36627,1266,0.2078,2020,C_2011_2020,0
3880,177,22.01,0.2835,23743,882,0.2438,2020,C_2011_2020,0
1865,84,21.95,0.4826,10453,579,0.3292,2020,C_2011_2020,1
545,35,15.31,1.2844,3376,260,0.5046,2020,C_2011_2020,2
48627,2227,21.72,0.0452,295324,6092,0.134,2020,C_2011_2020,1
3567,148,23.97,0.2243,21429,885,0.2607,2020,C_2011_2020,1
8479,313,27.05,0.1887,52094,1526,0.1909,2020,C_2011_2020,0
5272,249,21.14,0.2086,32263,963,0.1944,2020,C_2011_2020,1
7029,398,17.78,0.128,42763,1626,0.2487,2020,C_2011_2020,0
4464,202,22.03,0.2464,26789,1170,0.276,2020,C_2011_2020,1
11143,393,28.4,0.1705,71989,1903,0.1829,2020,C_2011_2020,2
3626,160,22.44,0.2758,21520,1134,0.3285,2020,C_2011_2020,0
5138,264,19.38,0.1752,29436,1120,0.2318,2020,C_2011_2020,1
8804,470,18.51,0.1022,52684,1537,0.185,2020,C_2011_2020,1
3364,221,15.22,0.2675,19918,830,0.2604,2020,C_2011_2020,1
7039,410,17.26,0.1563,40892,1446,0.2192,2020,C_2011_2020,0
4900,239,20.39,0.1633,28521,1128,0.2459,2020,C_2011_2020,1
5974,286,20.73,0.2009,34489,1319,0.2337,2020,C_2011_2020,1
4881,273,17.97,0.3073,30006,1274,0.2805,2020,C_2011_2020,1
27102,1160,23.3,0.0922,165647,4764,0.1883,2020,C_2011_2020,2
5111,189,27.05,0.2152,29617,1084,0.2236,2020,C_2011_2020,0
2646,185,14.44,0.4913,16507,662,0.2657,2020,C_2011_2020,1
11885,525,22.5,0.1346,71347,2076,0.1833,2020,C_2011_2020,2
10524,459,22.68,0.19,62204,1982,0.1988,2020,C_2011_2020,1
20771,937,22.04,0.077,121166,3156,0.1599,2020,C_2011_2020,1
1872,98,18.94,0.5342,11362,634,0.3526,2020,C_2011_2020,1
26750,1216,22.06,0.0561,161333,3693,0.1502,2020,C_2011_2020,0
1077,56,18.98,0.5571,6464,377,0.3807,2020,C_2011_2020,1
5218,201,25.89,0.2875,30594,1192,0.2426,2020,C_2011_2020,1
5028,246,20.48,0.3182,30887,1158,0.2456,2020,C_2011_2020,1
3973,188,21.01,0.2769,23288,995,0.2665,2020,C_2011_2020,1
7059,270,26.12,0.1275,43543,1422,0.2118,2020,C_2011_2020,1
2178,124,17.56,0.4132,13232,699,0.3338,2020,C_2011_2020,1
2245,167,13.19,0.5345,13853,729,0.3399,2020,C_2011_2020,1
15538,826,18.8,0.0837,91688,2472,0.1758,2020,C_2011_2020,2
3334,170,19.52,0.2699,19532,978,0.3062,2020,C_2011_2020,0
13235,507,25.9,0.136,79600,2368,0.1897,2020,C_2011_2020,2
4402,203,21.51,0.1817,25428,1072,0.2528,2020,C_2011_2020,2
2041,87,23.26,0.49,12445,765,0.3934,2020,C_2011_2020,1
1354,81,16.48,0.517,7893,481,0.3722,2020,C_2011_2020,1
8073,310,26.11,0.1734,48719,1539,0.2014,2020,C_2011_2020,0
3003,159,18.74,0.2664,17931,1002,0.348,2020,C_2011_2020,0
5601,265,21.23,0.2142,32858,1154,0.2175,2020,C_2011_2020,2
3687,204,18.22,0.3255,22043,870,0.2471,2020,C_2011_2020,1
2531,121,20.93,0.3161,14807,811,0.3347,2020,C_2011_2020,1
4882,238,20.59,0.2048,29273,1127,0.2429,2020,C_2011_2020,1
3559,118,30.2,0.4215,21467,983,0.2917,2020,C_2011_2020,1
2997,142,21.05,0.4004,18563,937,0.3333,2020,C_2011_2020,1
8627,411,20.95,0.1159,53689,1691,0.2088,2020,C_2011_2020,1
3406,164,20.68,0.3817,20550,980,0.2989,2020,C_2011_2020,1
2289,151,15.06,0.4369,13320,754,0.3443,2020,C_2011_2020,2
10512,360,29.22,0.1237,64851,1618,0.165,2020,C_2011_2020,1
5605,244,22.93,0.2319,34512,1299,0.2478,2020,C_2011_2020,0
14344,721,19.91,0.0697,84969,2202,0.1608,2020,C_2011_2020,2
5308,248,21.42,0.1319,31047,1034,0.2087,2020,C_2011_2020,0
1596,113,13.96,0.5639,9485,604,0.4066,2020,C_2011_2020,0
2513,136,18.33,0.2786,14436,653,0.2718,2020,C_2011_2020,1
4985,239,20.88,0.2808,29521,1245,0.2634,2020,C_2011_2020,1
3504,161,21.86,0.3139,20665,858,0.2583,2020,C_2011_2020,1
3611,156,23.03,0.2215,20560,956,0.28,2020,C_2011_2020,1
2060,106,19.42,0.4854,12640,837,0.4223,2020,C_2011_2020,0
3415,135,25.21,0.2343,20051,850,0.2673,2020,C_2011_2020,1
7939,334,23.7,0.2015,45858,1453,0.1921,2020,C_2011_2020,1
10055,407,24.46,0.1591,60410,2205,0.2327,2020,C_2011_2020,1
1510,79,19.03,0.4636,9200,553,0.3861,2020,C_2011_2020,1
3373,164,20.49,0.2372,19358,780,0.2455,2020,C_2011_2020,1
12351,423,29.14,0.1214,74150,1988,0.1699,2020,C_2011_2020,1
2183,115,18.74,0.5039,12896,655,0.317,2020,C_2011_2020,2
3327,145,22.91,0.2104,19438,866,0.2714,2020,C_2011_2020,1
4101,201,20.36,0.317,24356,972,0.2519,2020,C_2011_2020,1
12517,625,19.95,0.0879,76054,2284,0.1993,2020,C_2011_2020,0
5799,225,25.54,0.1897,33966,1053,0.1976,2020,C_2011_2020,1
16636,597,27.72,0.0902,99929,2710,0.1767,2020,C_2011_2020,1
3133,160,19.63,0.2553,18824,651,0.2237,2020,C_2011_2020,0
27083,1193,22.82,0.0665,167136,3497,0.1411,2020,C_2011_2020,2
2173,128,16.95,0.2761,12725,580,0.2793,2020,C_2011_2020,0
9967,487,20.39,0.1003,57331,1797,0.1903,2020,C_2011_2020,1
5432,300,18.02,0.2577,32119,1306,0.2513,2020,C_2011_2020,0
9923,368,26.98,0.1713,59364,2223,0.2372,2020,C_2011_2020,1
5513,275,19.97,0.1451,32990,1307,0.2485,2020,C_2011_2020,2
6876,286,23.94,0.1454,40741,1353,0.2084,2020,C_2011_2020,1
8087,316,25.55,0.1608,47484,1389,0.1814,2020,C_2011_2020,1
3325,158,20.99,0.2707,20315,806,0.2559,2020,C_2011_2020,0
1795,99,17.81,0.5014,10929,564,0.3304,2020,C_2011_2020,0
4373,218,20.15,0.2515,26546,1162,0.2765,2020,C_2011_2020,2
3517,191,18.3,0.3128,21662,898,0.2678,2020,C_2011_2020,2
6292,162,38.8,0.2066,37000,1144,0.1896,2020,C_2011_2020,0
9068,424,21.25,0.0993,54129,2167,0.2496,2020,C_2011_2020,2
3851,162,23.7,0.2856,22795,1217,0.3308,2020,C_2011_2020,1
3331,184,18.1,0.2702,19594,630,0.1984,2020,C_2011_2020,1
1439,85,17.08,0.6254,8533,423,0.3113,2020,C_2011_2020,0
7892,377,20.86,0.1521,45089,1727,0.2301,2020,C_2011_2020,0
2003,108,18.49,0.3994,11567,679,0.356,2020,C_2011_2020,1
3270,181,18.02,0.4281,20209,779,0.2529,2020,C_2011_2020,0
5366,237,22.54,0.2795,32976,1621,0.3176,2020,C_2011_2020,0
4214,225,18.61,0.356,24738,1091,0.2717,2020,C_2011_2020,1
1302,83,15.75,0.9217,7781,411,0.3341,2020,C_2011_2020,1
5677,276,20.5,0.2114,32385,1320,0.2448,2020,C_2011_2020,1
4101,175,23.25,0.2926,24475,875,0.2273,2020,C_2011_2020,1
880,51,17.0,1.1364,5601,280,0.3386,2020,C_2011_2020,1
5103,230,22.06,0.3135,30110,1229,0.253,2020,C_2011_2020,1
1307,85,15.39,0.5356,7790,452,0.3581,2020,C_2011_2020,1
3418,361,9.83,0.3218,22400,830,0.2604,2020,C_2011_2020,1
3573,155,22.96,0.2519,21427,1175,0.3434,2020,C_2011_2020,0
13559,608,22.33,0.0811,78716,2255,0.1748,2020,C_2011_2020,1
5750,278,20.53,0.2435,33725,1422,0.2588,2020,C_2011_2020,0
5501,219,25.11,0.1818,31739,818,0.1563,2020,C_2011_2020,2
30577,1189,25.64,0.0425,186158,3889,0.1344,2020,C_2011_2020,1
14810,531,27.75,0.1688,86442,2146,0.1552,2020,C_2011_2020,2
14702,751,19.47,0.0816,85222,2499,0.1792,2020,C_2011_2020,1
3541,153,23.1,0.3671,21431,1133,0.3349,2020,C_2011_2020,0
3779,156,24.26,0.2911,22618,869,0.2424,2020,C_2011_2020,0
4261,226,18.79,0.2112,26209,1341,0.3337,2020,C_2011_2020,1
3614,310,11.79,0.2214,23043,1016,0.3002,2020,C_2011_2020,2
7645,309,24.61,0.1962,47356,1741,0.243,2020,C_2011_2020,0
13260,768,17.17,0.1056,76924,2481,0.2,2020,C_2011_2020,1
1819,125,14.2,0.3848,10874,589,0.3425,2020,C_2011_2020,1
2238,135,16.65,0.5362,13685,636,0.3047,2020,C_2011_2020,1
5966,331,18.05,0.2011,35667,1370,0.2434,2020,C_2011_2020,0
4138,171,24.16,0.29,24553,966,0.2487,2020,C_2011_2020,1
1619,83,19.57,0.7412,9749,539,0.3515,2020,C_2011_2020,1
2541,98,25.82,0.2755,15764,552,0.2294,2020,C_2011_2020,0
29454,1253,23.37,0.0917,173771,3609,0.1296,2020,C_2011_2020,0
6514,204,31.79,0.1996,36682,1103,0.1802,2020,C_2011_2020,2
8569,394,21.79,0.14,51848,1448,0.1825,2020,C_2011_2020,1
6972,369,18.89,0.2295,42106,1467,0.2226,2020,C_2011_2020,1
40040,2000,19.79,0.0624,238600,5458,0.1451,2020,C_2011_2020,1
7405,302,24.45,0.108,43089,1571,0.2247,2020,C_2011_2020,1
4377,218,20.02,0.2513,25681,1081,0.2641,2020,C_2011_2020,1
10367,469,22.12,0.1736,59841,1616,0.1659,2020,C_2011_2020,1
1585,100,15.88,0.6309,9899,497,0.3331,2020,C_2011_2020,2
4438,310,14.7,0.2929,27205,1017,0.24,2020,C_2011_2020,1
4386,203,21.62,0.2964,26634,1166,0.2839,2020,C_2011_2020,0
44304,1894,23.05,0.0451,278388,4782,0.1162,2020,C_2011_2020,1
36775,1777,20.67,0.0625,213464,4971,0.1441,2020,C_2011_2020,1
39315,2233,17.56,0.0331,219870,4633,0.1274,2020,C_2011_2020,0
8770,429,20.33,0.1482,50108,1740,0.2137,2020,C_2011_2020,1
4574,215,21.05,0.153,27568,1243,0.2899,2020,C_2011_2020,0
4365,244,17.76,0.1833,25468,1073,0.26,2020,C_2011_2020,1
2348,130,17.95,0.2129,14060,714,0.3173,2020,C_2011_2020,1
5039,219,22.85,0.1786,28394,1131,0.2336,2020,C_2011_2020,2
4715,237,19.99,0.3181,28257,1173,0.2664,2020,C_2011_2020,1
1924,116,16.2,0.4678,11733,707,0.3919,2020,C_2011_2020,1
3302,127,25.78,0.3028,19590,905,0.2895,2020,C_2011_2020,1
3793,184,20.57,0.5273,22235,1123,0.3127,2020,C_2011_2020,1
1235,72,17.14,0.8097,7729,426,0.3628,2020,C_2011_2020,1
1406,99,14.02,0.7824,8383,518,0.4018,2020,C_2011_2020,1
2870,125,22.9,0.4181,17356,684,0.247,2020,C_2011_2020,1
4142,255,16.25,0.3139,24666,869,0.2233,2020,C_2011_2020,0
14448,624,22.99,0.0761,83484,2719,0.2032,2020,C_2011_2020,1
6388,248,25.84,0.1722,38699,1236,0.201,2020,C_2011_2020,1
10220,340,30.04,0.1468,61972,1914,0.198,2020,C_2011_2020,1
50593,1900,26.59,0.0474,309292,4787,0.1019,2020,C_2011_2020,1
3615,151,23.64,0.166,20991,891,0.2589,2020,C_2011_2020,0
2694,132,20.19,0.297,16336,868,0.3523,2020,C_2011_2020,1
5609,287,19.39,0.1961,32127,1240,0.2323,2020,C_2011_2020,0
8981,401,22.43,0.1448,54260,1803,0.2116,2020,C_2011_2020,1
3817,165,23.18,0.393,22682,959,0.2646,2020,C_2011_2020,1
6221,442,14.17,0.1286,38732,1217,0.2127,2020,C_2011_2020,2
2302,122,18.61,0.2606,13922,809,0.3675,2020,C_2011_2020,0
33889,1307,25.7,0.0561,209691,4943,0.1578,2020,C_2011_2020,2
6143,262,23.35,0.1628,37757,1507,0.2626,2020,C_2011_2020,0
8321,333,24.73,0.1082,50198,1987,0.252,2020,C_2011_2020,1
3268,163,20.05,0.306,19866,855,0.2782,2020,C_2011_2020,1
3569,185,19.22,0.3923,21643,990,0.2928,2020,C_2011_2020,1
2101,62,33.71,0.4284,12547,578,0.2937,2020,C_2011_2020,2
9537,351,27.01,0.1573,57891,2130,0.2345,2020,C_2011_2020,1
1047,55,19.05,0.8596,6296,428,0.4308,2020,C_2011_2020,1
19853,833,23.81,0.1007,120244,2783,0.1519,2020,C_2011_2020,1
11912,478,24.87,0.1511,70655,2202,0.1965,2020,C_2011_2020,1
5327,270,19.66,0.3004,32167,1109,0.2196,2020,C_2011_2020,0
16494,763,21.42,0.1516,97684,3077,0.1964,2020,C_2011_2020,2
3073,184,16.85,0.358,19125,705,0.247,2020,C_2011_2020,1
4548,172,26.24,0.2419,26027,971,0.2271,2020,C_2011_2020,0
3709,203,18.34,0.1887,22036,891,0.2559,2020,C_2011_2020,2
3084,198,15.54,0.2918,18948,794,0.2763,2020,C_2011_2020,0
4565,222,20.54,0.2191,28250,1156,0.269,2020,C_2011_2020,1
1643,86,18.95,0.6695,9463,538,0.3457,2020,C_2011_2020,1
13359,903,14.72,0.0973,81817,2419,0.1922,2020,C_2011_2020,0
35066,1241,28.15,0.0684,205299,3990,0.1243,2020,C_2011_2020,0
851,41,20.59,1.4101,4968,343,0.4172,2020,C_2011_2020,1
4170,170,24.42,0.3597,24076,993,0.2535,2020,C_2011_2020,1
3292,189,17.38,0.243,19077,778,0.2497,2020,C_2011_2020,0
2815,153,18.43,0.3552,16992,775,0.2931,2020,C_2011_2020,1
11513,421,27.33,0.0869,69320,2010,0.189,2020,C_2011_2020,0
4888,192,25.25,0.225,28048,1038,0.2259,2020,C_2011_2020,1
2568,118,21.68,0.2726,14786,657,0.2714,2020,C_2011_2020,1
3577,158,22.54,0.2237,20758,917,0.2687,2020,C_2011_2020,1
3059,158,19.18,0.3596,18984,987,0.3374,2020,C_2011_2020,1
2526,145,17.28,0.4751,15147,806,0.3317,2020,C_2011_2020,1
3157,175,18.13,0.3168,18689,802,0.268,2020,C_2011_2020,0
38854,1738,22.3,0.0592,227857,4539,0.1235,2020,C_2011_2020,0
3224,165,19.41,0.2171,19173,869,0.2844,2020,C_2011_2020,1
15355,645,23.61,0.0912,92223,2757,0.1928,2020,C_2011_2020,1
6567,308,21.25,0.1827,38326,1693,0.2668,2021,D_2021_2025,0
4228,257,16.52,0.1419,24875,699,0.1753,2021,D_2021_2025,2
2542,169,15.2,0.4721,15589,641,0.271,2021,D_2021_2025,1
1927,90,21.26,0.5189,11325,446,0.2423,2021,D_2021_2025,1
3865,165,23.27,0.2846,22949,1259,0.3392,2021,D_2021_2025,2
11103,509,21.48,0.1351,67601,1884,0.18,2021,D_2021_2025,1
24053,800,30.12,0.0665,144668,3256,0.1456,2021,D_2021_2025,0
11822,577,20.38,0.1015,68422,2226,0.1991,2021,D_2021_2025,0
11367,564,20.04,0.1584,66751,2177,0.2015,2021,D_2021_2025,1
2026,70,28.59,0.5923,11812,648,0.3366,2021,D_2021_2025,1
3086,150,20.55,0.3564,17944,955,0.325,2021,D_2021_2025,1
3823,204,18.51,0.2354,23082,973,0.2707,2021,D_2021_2025,0
2693,176,15.43,0.2599,16716,726,0.2852,2021,D_2021_2025,1
3995,179,22.26,0.3004,24622,1132,0.3011,2021,D_2021_2025,0
4424,213,20.79,0.226,25951,1045,0.2484,2021,D_2021_2025,1
7982,367,21.68,0.1378,47017,1572,0.2097,2021,D_2021_2025,0
4259,225,18.99,0.1878,25716,978,0.2411,2021,D_2021_2025,0
7703,413,18.44,0.1688,45539,1651,0.2276,2021,D_2021_2025,1
4436,198,22.41,0.2931,25575,955,0.2304,2021,D_2021_2025,1
4888,281,17.43,0.1637,29520,1191,0.2625,2021,D_2021_2025,0
9499,373,25.4,0.2211,56723,2140,0.2384,2021,D_2021_2025,1
6850,347,19.58,0.146,40251,1510,0.2326,2021,D_2021_2025,2
3339,112,29.49,0.3294,19705,934,0.2932,2021,D_2021_2025,0
9657,425,22.55,0.1657,58633,1891,0.2087,2021,D_2021_2025,1
3663,184,19.8,0.4095,22589,996,0.2913,2021,D_2021_2025,1
3491,140,24.69,0.3151,20745,973,0.2916,2021,D_2021_2025,1
3061,136,22.38,0.3594,18323,982,0.3332,2021,D_2021_2025,1
6064,204,29.59,0.1319,35847,1286,0.2264,2021,D_2021_2025,1
5775,266,21.65,0.3117,33902,1401,0.2571,2021,D_2021_2025,1
5516,240,23.04,0.2175,33322,1067,0.2025,2021,D_2021_2025,0
19139,753,25.34,0.1097,115135,3055,0.1697,2021,D_2021_2025,1
1776,87,20.39,0.5068,10771,482,0.286,2021,D_2021_2025,1
8050,406,19.7,0.1988,49039,2087,0.2738,2021,D_2021_2025,1
1488,114,13.26,0.4032,8966,483,0.3387,2021,D_2021_2025,2
6177,225,27.46,0.1781,38305,1145,0.1939,2021,D_2021_2025,0
9961,436,22.61,0.1405,57830,1664,0.1767,2021,D_2021_2025,1
1755,102,17.4,0.5128,10734,446,0.2707,2021,D_2021_2025,1
4184,178,23.4,0.1434,25140,763,0.1919,2021,D_2021_2025,0
5506,256,21.39,0.2724,33962,1535,0.2993,2021,D_2021_2025,1
23220,876,26.31,0.0775,141566,3281,0.1543,2021,D_2021_2025,1
7948,370,21.47,0.1761,49097,1484,0.1977,2021,D_2021_2025,1
3578,191,18.53,0.2515,23100,857,0.2613,2021,D_2021_2025,1
5380,255,21.04,0.1859,32237,1169,0.226,2021,D_2021_2025,1
4221,217,19.62,0.2132,25806,926,0.2345,2021,D_2021_2025,0
10274,413,24.7,0.1655,63985,2140,0.222,2021,D_2021_2025,1
7475,331,22.56,0.1739,44823,1753,0.2522,2021,D_2021_2025,1
2521,85,29.48,0.5157,14587,548,0.2293,2021,D_2021_2025,1
8375,331,25.21,0.1194,51470,1644,0.2103,2021,D_2021_2025,1
2544,118,21.36,0.3538,15090,671,0.2795,2021,D_2021_2025,0
33027,1625,20.31,0.1029,195082,4548,0.1509,2021,D_2021_2025,0
21953,816,26.73,0.0774,132099,3760,0.1819,2021,D_2021_2025,0
1409,87,16.33,0.6388,8606,528,0.4045,2021,D_2021_2025,0
40305,1371,29.54,0.0496,250606,5648,0.1512,2021,D_2021_2025,0
3812,126,30.29,0.2623,22408,733,0.2028,2021,D_2021_2025,0
8442,372,22.56,0.1421,49381,1506,0.1867,2021,D_2021_2025,0
13140,727,18.05,0.1218,78271,2408,0.1961,2021,D_2021_2025,1
5478,239,22.9,0.3834,33241,1437,0.2789,2021,D_2021_2025,1
8096,387,21.04,0.1853,48387,1528,0.1975,2021,D_2021_2025,1
2219,120,18.41,0.4056,13041,626,0.3015,2021,D_2021_2025,0
3854,219,17.72,0.3633,24246,903,0.2491,2021,D_2021_2025,1
30139,1524,19.69,0.0431,175079,4459,0.1615,2021,D_2021_2025,1
1988,117,17.0,0.503,11908,653,0.3496,2021,D_2021_2025,0
14012,576,24.35,0.0999,80066,2047,0.1558,2021,D_2021_2025,1
3480,188,18.47,0.1724,21948,1137,0.3445,2021,D_2021_2025,1
2184,106,20.61,0.4121,12539,542,0.2614,2021,D_2021_2025,2
2579,126,20.61,0.3877,15374,701,0.2865,2021,D_2021_2025,1
4696,227,20.71,0.3407,28091,1018,0.2253,2021,D_2021_2025,1
4279,189,22.78,0.2571,25488,882,0.2155,2021,D_2021_2025,1
5951,304,19.82,0.2353,36512,1338,0.2371,2021,D_2021_2025,1
3666,173,21.15,0.3001,21255,701,0.2046,2021,D_2021_2025,1
4603,243,18.53,0.1086,27222,1121,0.257,2021,D_2021_2025,0
8064,366,21.94,0.1736,46257,1637,0.2138,2021,D_2021_2025,1
7437,397,18.69,0.1748,44954,1609,0.2279,2021,D_2021_2025,1
4255,225,19.07,0.235,25185,911,0.2256,2021,D_2021_2025,2
5233,293,17.77,0.344,31247,1436,0.2903,2021,D_2021_2025,1
1667,116,14.54,0.4799,10019,521,0.3323,2021,D_2021_2025,1
4619,208,22.16,0.2814,27220,853,0.1948,2021,D_2021_2025,1
3539,204,17.47,0.3391,21294,937,0.2786,2021,D_2021_2025,0
7490,294,25.44,0.1202,45152,1571,0.2198,2021,D_2021_2025,2
5885,245,23.98,0.1529,34863,1172,0.208,2021,D_2021_2025,0
32474,1341,24.04,0.0677,199580,4731,0.1551,2021,D_2021_2025,0
9409,444,21.02,0.1275,53898,1851,0.2068,2021,D_2021_2025,2
27066,1414,18.95,0.0554,163852,3780,0.1507,2021,D_2021_2025,0
7206,243,29.67,0.2637,42413,1673,0.241,2021,D_2021_2025,1
2674,135,19.72,0.2992,15867,770,0.304,2021,D_2021_2025,1
2374,119,19.87,0.4634,14178,656,0.2898,2021,D_2021_2025,1
1098,66,16.38,0.7286,6318,408,0.3871,2021,D_2021_2025,1
11540,384,30.06,0.104,67754,1685,0.1534,2021,D_2021_2025,1
3889,198,19.8,0.18,22897,887,0.2376,2021,D_2021_2025,2
2402,119,20.29,0.5412,14319,741,0.3235,2021,D_2021_2025,1
6277,320,19.48,0.223,37507,1431,0.2428,2021,D_2021_2025,1
5255,274,19.07,0.1713,30690,1303,0.2594,2021,D_2021_2025,1
9718,488,19.85,0.1132,57615,1940,0.2114,2021,D_2021_2025,0
5035,224,22.52,0.1986,30209,939,0.1978,2021,D_2021_2025,0
7039,305,22.93,0.1563,41381,1513,0.2262,2021,D_2021_2025,1
4473,192,23.13,0.1565,26687,1017,0.2437,2021,D_2021_2025,1
4594,245,18.91,0.2612,28166,985,0.229,2021,D_2021_2025,2
11892,477,24.87,0.185,69821,2064,0.1853,2021,D_2021_2025,2
6689,323,20.59,0.1495,40767,1663,0.2594,2021,D_2021_2025,2
7398,260,28.45,0.2298,42976,1413,0.2017,2021,D_2021_2025,1
4700,212,22.08,0.1702,27780,1070,0.2438,2021,D_2021_2025,1
3010,128,23.37,0.3322,17547,782,0.2748,2021,D_2021_2025,0
16676,543,30.76,0.1379,99802,2495,0.1585,2021,D_2021_2025,1
9052,422,21.5,0.1326,55708,1528,0.1812,2021,D_2021_2025,0
4308,235,18.35,0.2786,26340,1234,0.3057,2021,D_2021_2025,1
7426,314,23.47,0.1212,43319,1473,0.2072,2021,D_2021_2025,0
4248,194,21.7,0.2825,24906,1069,0.2662,2021,D_2021_2025,1
3088,190,16.25,0.2915,19087,842,0.2905,2021,D_2021_2025,0
14053,463,30.21,0.1423,81651,2285,0.1714,2021,D_2021_2025,1
3291,153,21.4,0.4254,19841,923,0.2944,2021,D_2021_2025,1
4937,258,19.11,0.2228,28899,1123,0.2398,2021,D_2021_2025,1
16599,614,27.16,0.1205,101253,2961,0.1928,2021,D_2021_2025,2
1599,98,16.42,0.4378,9509,500,0.329,2021,D_2021_2025,0
4142,256,16.29,0.2173,24656,1037,0.2636,2021,D_2021_2025,2
6052,273,22.11,0.1818,35728,1300,0.226,2021,D_2021_2025,0
4003,222,18.27,0.3497,23880,796,0.2118,2021,D_2021_2025,1
3756,141,26.62,0.213,21886,1014,0.2838,2021,D_2021_2025,2
24926,1000,24.87,0.0602,148354,3473,0.148,2021,D_2021_2025,1
6507,250,25.89,0.292,39164,1264,0.207,2021,D_2021_2025,1
5241,321,16.35,0.1717,31497,1296,0.2658,2021,D_2021_2025,1
5668,285,19.95,0.2117,33212,1151,0.2138,2021,D_2021_2025,1
3776,151,24.97,0.2913,22568,1009,0.2812,2021,D_2021_2025,1
12751,573,22.24,0.1412,78933,2389,0.202,2021,D_2021_2025,0
4195,141,29.57,0.2384,24257,1093,0.276,2021,D_2021_2025,2
2615,147,17.88,0.3059,15826,761,0.3063,2021,D_2021_2025,1
14738,570,25.86,0.095,88702,3202,0.2334,2021,D_2021_2025,1
3180,144,21.98,0.3774,18951,1077,0.3544,2021,D_2021_2025,1
6578,290,22.59,0.1672,40409,1367,0.2213,2021,D_2021_2025,0
5519,250,21.96,0.1812,32471,1126,0.2134,2021,D_2021_2025,0
5487,312,17.6,0.1822,31769,1187,0.2293,2021,D_2021_2025,1
5874,299,19.59,0.2213,34570,1180,0.2176,2021,D_2021_2025,1
3089,149,20.48,0.259,17980,947,0.3195,2021,D_2021_2025,2
6340,193,32.84,0.1577,37530,1335,0.2203,2021,D_2021_2025,1
6747,360,18.66,0.2371,39875,1546,0.2414,2021,D_2021_2025,2
12372,566,21.64,0.1212,75813,2271,0.1957,2021,D_2021_2025,1
3382,167,20.37,0.3844,20011,833,0.2578,2021,D_2021_2025,1
5456,197,27.43,0.2383,32570,1313,0.2509,2021,D_2021_2025,2
2490,153,16.24,0.4016,14347,820,0.3414,2021,D_2021_2025,1
16272,774,20.85,0.1168,95746,2486,0.1643,2021,D_2021_2025,0
8308,415,19.93,0.1324,53535,1882,0.2445,2021,D_2021_2025,1
12732,635,20.01,0.1571,77315,2612,0.2183,2021,D_2021_2025,1
5020,241,20.85,0.2191,30222,1065,0.2259,2021,D_2021_2025,1
6281,271,22.97,0.2229,38773,1589,0.2699,2021,D_2021_2025,1
6374,288,21.92,0.2667,39082,1626,0.2711,2021,D_2021_2025,0
6447,319,20.36,0.2016,40328,1044,0.1728,2021,D_2021_2025,0
3490,138,25.15,0.4298,21037,1114,0.3315,2021,D_2021_2025,1
18578,775,23.81,0.0646,109701,2620,0.1505,2021,D_2021_2025,0
2953,129,23.0,0.3725,17531,602,0.2157,2021,D_2021_2025,0
5130,191,26.84,0.1754,30892,1300,0.271,2021,D_2021_2025,0
2070,103,20.12,0.4831,12797,700,0.3565,2021,D_2021_2025,2
5088,203,24.96,0.1376,29159,1111,0.2288,2021,D_2021_2025,2
4771,250,18.68,0.2096,27396,1278,0.2844,2021,D_2021_2025,0
1679,86,19.42,0.4169,9968,610,0.3794,2021,D_2021_2025,2
15057,504,29.73,0.093,86903,2108,0.1504,2021,D_2021_2025,1
4128,252,16.45,0.2665,25207,963,0.2485,2021,D_2021_2025,0
3416,140,24.41,0.2927,20234,886,0.2725,2021,D_2021_2025,1
16901,1138,15.01,0.0888,102831,2698,0.1702,2021,D_2021_2025,2
1213,52,23.04,0.5771,6853,427,0.3636,2021,D_2021_2025,0
5056,199,25.28,0.3165,30162,1225,0.253,2021,D_2021_2025,1
3564,170,20.93,0.3086,20878,978,0.2921,2021,D_2021_2025,1
11954,431,27.73,0.1589,72720,2003,0.1768,2021,D_2021_2025,1
3613,196,18.62,0.3321,21334,859,0.2472,2021,D_2021_2025,1
4325,141,30.6,0.3931,26097,1116,0.2726,2021,D_2021_2025,1
9407,313,29.93,0.1382,54440,1582,0.1759,2021,D_2021_2025,1
5184,230,22.4,0.2315,30826,1268,0.2591,2021,D_2021_2025,1
11877,480,24.5,0.1852,68189,1934,0.1745,2021,D_2021_2025,1
6324,331,19.06,0.1739,38329,1467,0.2475,2021,D_2021_2025,1
8912,507,17.59,0.1571,53367,1780,0.2257,2021,D_2021_2025,0
13898,488,28.26,0.1295,84193,2295,0.1766,2021,D_2021_2025,0
3376,182,18.54,0.1481,20618,943,0.2992,2021,D_2021_2025,1
7924,342,23.06,0.1514,46149,1570,0.21,2021,D_2021_2025,2
4277,176,24.31,0.3741,26031,972,0.239,2021,D_2021_2025,1
7836,257,30.49,0.2169,46855,1414,0.1885,2021,D_2021_2025,1
4089,199,20.32,0.2935,23703,1041,0.2663,2021,D_2021_2025,1
3803,221,17.18,0.3944,22306,985,0.2769,2021,D_2021_2025,0
4033,139,28.86,0.2727,23985,1121,0.2921,2021,D_2021_2025,1
3600,226,15.88,0.3333,22514,1101,0.3294,2021,D_2021_2025,1
4558,215,21.07,0.2852,27165,1244,0.2872,2021,D_2021_2025,1
32001,1266,25.35,0.0531,198105,4246,0.1427,2021,D_2021_2025,2
8172,291,27.83,0.1836,52054,1680,0.2205,2021,D_2021_2025,1
2181,77,28.3,0.5044,12503,656,0.3164,2021,D_2021_2025,1
4884,250,19.4,0.2662,29279,1181,0.2563,2021,D_2021_2025,0
6771,269,25.06,0.1772,38545,1302,0.2041,2021,D_2021_2025,0
5636,302,18.76,0.1419,33364,1088,0.2039,2021,D_2021_2025,2
6541,227,28.65,0.1682,38735,1441,0.238,2021,D_2021_2025,2
2049,107,19.22,0.5368,12919,475,0.246,2021,D_2021_2025,1
1133,48,23.5,0.8826,6790,343,0.3177,2021,D_2021_2025,1
2375,108,21.85,0.3368,14169,695,0.3086,2021,D_2021_2025,1
1113,46,23.78,0.8086,6629,499,0.4717,2021,D_2021_2025,1
5911,212,27.96,0.3045,35263,845,0.1536,2021,D_2021_2025,2
6630,344,19.59,0.1961,38437,1075,0.171,2021,D_2021_2025,1
4462,152,29.24,0.2689,26505,1016,0.2391,2021,D_2021_2025,0
4371,174,25.01,0.2745,26474,1042,0.2475,2021,D_2021_2025,2
4712,226,20.74,0.2334,28694,1158,0.2615,2021,D_2021_2025,1
7409,389,19.14,0.1485,43044,1690,0.2393,2021,D_2021_2025,2
4304,205,20.84,0.2556,25149,1204,0.2941,2021,D_2021_2025,1
5378,260,20.69,0.2417,32820,1263,0.2488,2021,D_2021_2025,0
5196,214,24.09,0.1925,30763,1506,0.3029,2021,D_2021_2025,2
17466,1005,17.49,0.0973,102133,2297,0.1404,2021,D_2021_2025,0
5000,239,20.9,0.2,29326,1047,0.221,2021,D_2021_2025,1
4979,189,26.29,0.2611,29618,1004,0.2159,2021,D_2021_2025,1
10624,387,27.43,0.16,63589,1964,0.1967,2021,D_2021_2025,1
3725,196,18.95,0.3221,22537,1086,0.3095,2021,D_2021_2025,0
18241,676,26.83,0.1042,108858,2480,0.1452,2021,D_2021_2025,1
4152,214,19.32,0.1927,25639,1042,0.2669,2021,D_2021_2025,1
3859,201,19.18,0.2591,23193,926,0.255,2021,D_2021_2025,1
4413,187,23.35,0.1813,26648,1161,0.2808,2021,D_2021_2025,1
2247,89,25.07,0.4895,13081,667,0.3178,2021,D_2021_2025,1
1522,63,23.9,0.8541,9181,413,0.2858,2021,D_2021_2025,1
6541,251,26.08,0.214,38605,1473,0.2371,2021,D_2021_2025,1
10993,408,26.94,0.1455,65699,1848,0.1786,2021,D_2021_2025,1
5466,223,24.36,0.2012,32797,1252,0.2433,2021,D_2021_2025,0
6745,297,22.46,0.2669,40619,1584,0.2498,2021,D_2021_2025,1
3963,172,22.92,0.2523,23514,1149,0.3043,2021,D_2021_2025,1
8079,324,24.85,0.1362,46143,1601,0.2113,2021,D_2021_2025,1
3416,165,20.58,0.2635,20606,940,0.2895,2021,D_2021_2025,0
8942,510,17.5,0.1118,52268,1682,0.2034,2021,D_2021_2025,2
3306,160,20.64,0.363,20034,986,0.3146,2021,D_2021_2025,1
6178,294,20.98,0.2266,38096,1699,0.2893,2021,D_2021_2025,1
4732,220,21.31,0.2113,28570,1163,0.2616,2021,D_2021_2025,0
4385,223,19.72,0.2509,26026,1119,0.2702,2021,D_2021_2025,1
8160,424,19.21,0.1716,50030,1862,0.2449,2021,D_2021_2025,1
10943,605,17.94,0.1554,67423,2351,0.2307,2021,D_2021_2025,0
13515,528,25.53,0.1184,79279,2057,0.1618,2021,D_2021_2025,0
4469,244,18.33,0.179,26579,1012,0.2367,2021,D_2021_2025,2
12157,532,22.88,0.1398,72135,2011,0.1741,2021,D_2021_2025,1
5580,227,24.5,0.2509,32776,1389,0.2613,2021,D_2021_2025,1
5779,302,19.1,0.2942,35024,1448,0.2679,2021,D_2021_2025,1
5446,236,23.02,0.2938,33159,1164,0.2266,2021,D_2021_2025,1
3171,140,22.51,0.5046,18948,1105,0.3649,2021,D_2021_2025,0
6234,245,25.35,0.1604,36702,1083,0.184,2021,D_2021_2025,1
4102,199,20.51,0.2438,25178,1095,0.2835,2021,D_2021_2025,1
5183,247,20.92,0.2701,31213,1502,0.3031,2021,D_2021_2025,1
2164,71,30.51,0.4159,12839,690,0.3336,2021,D_2021_2025,1
3462,180,19.06,0.2311,21270,1039,0.318,2021,D_2021_2025,1
32270,1056,30.35,0.0651,195362,3609,0.1211,2021,D_2021_2025,0
12614,468,27.04,0.1348,76476,2274,0.1961,2021,D_2021_2025,2
2409,116,20.62,0.4566,14989,747,0.3308,2021,D_2021_2025,1
3004,140,21.41,0.2663,18127,889,0.3113,2021,D_2021_2025,1
8099,566,14.31,0.1111,48107,1638,0.2157,2021,D_2021_2025,1
1662,81,20.46,0.722,9958,454,0.2864,2021,D_2021_2025,1
16342,642,25.47,0.1101,103696,3256,0.2151,2021,D_2021_2025,1
10378,642,16.1,0.1156,59738,1941,0.1983,2021,D_2021_2025,2
8684,287,30.22,0.1958,51279,1706,0.2081,2021,D_2021_2025,0
5767,335,17.21,0.1561,33428,1444,0.2667,2021,D_2021_2025,1
14888,612,24.2,0.1209,89591,2365,0.1695,2022,D_2021_2025,1
3729,214,17.46,0.2414,22585,986,0.2784,2022,D_2021_2025,2
8065,301,26.63,0.1612,47589,1724,0.2234,2022,D_2021_2025,1
3577,178,20.01,0.3355,22325,700,0.2069,2022,D_2021_2025,1
4114,168,24.52,0.3889,25194,1028,0.2657,2022,D_2021_2025,1
4256,192,22.01,0.3055,25522,957,0.2366,2022,D_2021_2025,0
2722,91,29.81,0.5878,15740,782,0.3024,2022,D_2021_2025,1
2172,87,24.7,0.3683,12379,725,0.3587,2022,D_2021_2025,2
6687,307,21.62,0.2542,39409,1507,0.2429,2022,D_2021_2025,1
1682,95,17.78,0.7134,10245,566,0.3514,2022,D_2021_2025,1
2580,167,15.37,0.2713,15486,790,0.3291,2022,D_2021_2025,1
2879,151,19.09,0.521,17325,847,0.3102,2022,D_2021_2025,1
7338,276,26.44,0.2044,45741,1535,0.2242,2022,D_2021_2025,0
4535,187,24.12,0.3749,27545,900,0.2119,2022,D_2021_2025,1
10014,364,27.24,0.1498,59558,1877,0.1987,2022,D_2021_2025,1
18783,718,26.03,0.0852,115575,2944,0.1709,2022,D_2021_2025,1
58515,2550,22.8,0.0342,363791,7345,0.1343,2022,D_2021_2025,1
3843,250,15.38,0.3123,22396,922,0.2519,2022,D_2021_2025,0
1328,70,18.9,0.9036,8083,383,0.302,2022,D_2021_2025,1
3802,176,21.44,0.263,23317,1051,0.2901,2022,D_2021_2025,1
1417,63,22.51,0.7057,8986,315,0.2315,2022,D_2021_2025,1
5923,339,17.51,0.1013,35790,940,0.1671,2022,D_2021_2025,2
11819,449,26.35,0.11,69850,2027,0.1822,2022,D_2021_2025,0
20670,781,26.41,0.0871,122708,3289,0.172,2022,D_2021_2025,0
2107,135,15.62,0.3322,12911,589,0.2928,2022,D_2021_2025,2
5738,208,27.59,0.2091,34051,988,0.183,2022,D_2021_2025,0
6349,298,21.15,0.2048,38872,1219,0.2024,2022,D_2021_2025,0
7557,276,27.38,0.225,45201,1696,0.2378,2022,D_2021_2025,1
7921,239,33.01,0.1515,47816,1212,0.1649,2022,D_2021_2025,1
2527,118,21.33,0.3957,14979,741,0.3079,2022,D_2021_2025,1
5455,278,19.72,0.275,32828,1168,0.2257,2022,D_2021_2025,1
6516,279,23.25,0.1074,39414,1559,0.2505,2022,D_2021_2025,0
12933,581,22.19,0.0773,79340,2261,0.1856,2022,D_2021_2025,0
10794,485,22.1,0.1019,61925,2066,0.2032,2022,D_2021_2025,1
5094,243,20.92,0.2748,29739,1022,0.211,2022,D_2021_2025,1
3907,163,23.76,0.2048,23806,1101,0.2931,2022,D_2021_2025,2
8078,371,21.6,0.1857,47967,1859,0.241,2022,D_2021_2025,1
1959,104,18.65,0.5615,11522,587,0.317,2022,D_2021_2025,2
5956,297,20.04,0.2015,35464,1431,0.253,2022,D_2021_2025,1
5649,227,24.81,0.2301,34124,1505,0.2802,2022,D_2021_2025,1
11077,552,19.97,0.1625,65102,1953,0.1866,2022,D_2021_2025,1
6793,292,23.2,0.2208,41183,1295,0.2032,2022,D_2021_2025,1
26683,973,27.5,0.0712,158086,3999,0.1608,2022,D_2021_2025,0
2080,83,24.81,0.5769,11747,606,0.3043,2022,D_2021_2025,2
4039,184,21.96,0.2476,24424,881,0.2352,2022,D_2021_2025,0
3009,136,22.09,0.3988,18747,800,0.2788,2022,D_2021_2025,1
2759,165,16.71,0.5437,16480,784,0.2994,2022,D_2021_2025,1
6798,253,26.75,0.2354,42228,1272,0.1981,2022,D_2021_2025,1
7007,343,20.24,0.1427,42269,1568,0.2419,2022,D_2021_2025,2
5806,242,23.9,0.155,33440,1451,0.2633,2022,D_2021_2025,2
2693,129,20.79,0.3342,16222,674,0.2599,2022,D_2021_2025,1
5117,250,19.89,0.2541,29368,1031,0.2085,2022,D_2021_2025,1
7129,285,24.89,0.1543,40558,1505,0.2236,2022,D_2021_2025,1
7012,236,29.64,0.2139,41589,1089,0.1644,2022,D_2021_2025,1
1371,72,18.88,0.5106,8701,371,0.2823,2022,D_2021_2025,1
29540,1430,20.63,0.0508,171685,4051,0.1497,2022,D_2021_2025,1
1461,74,19.5,0.616,8879,409,0.2895,2022,D_2021_2025,1
3442,131,26.02,0.3196,20438,949,0.294,2022,D_2021_2025,1
4261,143,29.78,0.3051,24835,889,0.2211,2022,D_2021_2025,2
3318,122,27.19,0.4822,19394,878,0.2755,2022,D_2021_2025,1
4104,164,24.78,0.3168,24893,1064,0.2751,2022,D_2021_2025,0
4545,178,25.53,0.352,27268,930,0.2161,2022,D_2021_2025,0
3557,220,15.9,0.2811,21725,1040,0.3076,2022,D_2021_2025,1
16748,669,25.08,0.0955,99755,2343,0.1504,2022,D_2021_2025,2
9957,430,23.03,0.1306,60478,1906,0.2104,2022,D_2021_2025,1
4487,218,20.49,0.2229,26450,1000,0.2353,2022,D_2021_2025,0
3161,172,18.33,0.3164,19109,951,0.3157,2022,D_2021_2025,1
3940,180,21.93,0.3299,23402,993,0.2612,2022,D_2021_2025,1
4737,218,21.78,0.2111,28568,988,0.2214,2022,D_2021_2025,0
12622,665,18.87,0.1109,73693,2537,0.2112,2022,D_2021_2025,0
2656,117,22.55,0.3389,16181,726,0.2933,2022,D_2021_2025,1
1086,56,19.29,0.7366,6975,390,0.3702,2022,D_2021_2025,2
2509,141,17.84,0.2391,15498,507,0.2136,2022,D_2021_2025,1
2815,133,21.09,0.3552,17557,879,0.3329,2022,D_2021_2025,1
11187,485,23.04,0.143,66216,1677,0.1613,2022,D_2021_2025,1
5672,245,23.12,0.1939,32288,1237,0.2299,2022,D_2021_2025,1
4742,191,24.77,0.3163,28128,822,0.1822,2022,D_2021_2025,1
4975,268,18.56,0.3015,30066,1269,0.272,2022,D_2021_2025,1
3431,193,17.64,0.408,20916,1066,0.3302,2022,D_2021_2025,1
4138,176,23.45,0.2658,24656,1168,0.3023,2022,D_2021_2025,1
2000,103,19.36,0.6,11555,630,0.332,2022,D_2021_2025,1
5685,258,22.16,0.1759,33191,1187,0.222,2022,D_2021_2025,1
11019,572,19.2,0.1089,65211,2111,0.2025,2022,D_2021_2025,1
7303,349,20.96,0.1369,43584,1270,0.1862,2022,D_2021_2025,2
22558,860,26.08,0.0709,138312,2951,0.1397,2022,D_2021_2025,1
4112,233,17.54,0.2432,23750,1007,0.258,2022,D_2021_2025,1
12449,488,25.16,0.1446,72101,2060,0.1762,2022,D_2021_2025,1
7038,314,22.28,0.1421,41922,1631,0.2433,2022,D_2021_2025,2
10084,477,21.05,0.1388,58937,1797,0.1902,2022,D_2021_2025,0
8343,437,19.2,0.2277,49101,1487,0.186,2022,D_2021_2025,1
3644,220,16.52,0.247,20789,831,0.2407,2022,D_2021_2025,1
5789,323,17.77,0.2937,33748,1214,0.2225,2022,D_2021_2025,1
5751,281,20.22,0.2434,33503,1319,0.246,2022,D_2021_2025,1
13146,563,23.17,0.0837,76051,2134,0.1721,2022,D_2021_2025,0
3208,138,23.12,0.4052,19469,676,0.2201,2022,D_2021_2025,1
2547,177,14.51,0.4711,15070,766,0.3125,2022,D_2021_2025,1
7615,196,38.82,0.1445,43953,1002,0.1409,2022,D_2021_2025,0
2795,176,15.7,0.3578,16604,745,0.2791,2022,D_2021_2025,1
13434,511,26.14,0.1042,82319,2526,0.2047,2022,D_2021_2025,1
1722,83,20.53,0.5807,10497,542,0.3322,2022,D_2021_2025,2
2117,111,19.23,0.4724,12793,513,0.2518,2022,D_2021_2025,1
7075,272,25.93,0.2261,42023,1551,0.231,2022,D_2021_2025,1
6106,270,22.51,0.2293,34932,1409,0.2457,2022,D_2021_2025,0
6658,281,23.52,0.2403,38799,1453,0.2315,2022,D_2021_2025,0
42092,1694,24.77,0.057,252660,5492,0.1375,2022,D_2021_2025,0
45428,2267,19.97,0.0374,275677,7221,0.1669,2022,D_2021_2025,2
3300,214,15.21,0.1818,19946,1045,0.3342,2022,D_2021_2025,2
1945,124,15.51,0.2571,11289,638,0.3445,2022,D_2021_2025,1
3832,167,22.81,0.3653,22471,632,0.1751,2022,D_2021_2025,1
2530,136,18.58,0.3162,15135,660,0.2771,2022,D_2021_2025,0
10901,501,21.56,0.1284,64284,2229,0.2159,2022,D_2021_2025,1
3717,232,15.85,0.1883,22384,956,0.2863,2022,D_2021_2025,1
2617,125,20.78,0.3057,15330,667,0.2671,2022,D_2021_2025,0
2851,118,24.1,0.3157,16821,810,0.3013,2022,D_2021_2025,1
6028,331,17.99,0.2488,35638,1506,0.2634,2022,D_2021_2025,1
1780,96,18.64,0.7303,10847,489,0.2876,2022,D_2021_2025,1
4199,138,30.36,0.2858,24993,1084,0.2715,2022,D_2021_2025,1
5143,285,17.78,0.2917,30230,1259,0.2572,2022,D_2021_2025,1
2825,123,22.79,0.2832,16776,857,0.3158,2022,D_2021_2025,1
1489,102,14.77,0.6716,9433,401,0.2841,2022,D_2021_2025,2
9540,490,19.37,0.1363,59564,2490,0.2795,2022,D_2021_2025,0
1719,94,18.33,0.5817,10365,434,0.2618,2022,D_2021_2025,1
13310,529,25.18,0.1052,81063,2164,0.1811,2022,D_2021_2025,1
4353,167,25.99,0.2757,26269,980,0.2391,2022,D_2021_2025,1
11738,592,19.9,0.1619,67697,1848,0.1668,2022,D_2021_2025,1
3548,158,22.42,0.3382,21307,925,0.2742,2022,D_2021_2025,1
13882,689,19.97,0.1081,81776,2358,0.1807,2022,D_2021_2025,0
3848,156,24.6,0.3119,23938,871,0.2365,2022,D_2021_2025,1
3483,174,20.13,0.3158,20450,845,0.2558,2022,D_2021_2025,0
2494,98,25.41,0.3609,13972,620,0.2602,2022,D_2021_2025,1
20444,842,24.17,0.0685,127937,3149,0.1631,2022,D_2021_2025,0
4132,194,21.16,0.1936,24340,1112,0.2817,2022,D_2021_2025,1
6765,242,27.89,0.133,41854,1185,0.1863,2022,D_2021_2025,0
5988,291,20.46,0.2672,34732,1076,0.1899,2022,D_2021_2025,1
2739,150,18.1,0.3651,16551,782,0.2994,2022,D_2021_2025,1
5871,282,20.72,0.2044,35245,1199,0.215,2022,D_2021_2025,1
2734,140,19.63,0.3658,16922,670,0.2641,2022,D_2021_2025,0
1955,90,21.57,0.5115,11629,725,0.3923,2022,D_2021_2025,1
3068,127,24.03,0.3585,18605,785,0.2715,2022,D_2021_2025,1
15369,667,23.13,0.0911,93760,2174,0.15,2022,D_2021_2025,2
21138,810,26.13,0.0804,130484,2875,0.1477,2022,D_2021_2025,1
1348,85,16.02,0.4451,8141,344,0.2789,2022,D_2021_2025,2
11957,658,18.13,0.1004,67813,2138,0.1918,2022,D_2021_2025,1
2796,158,17.61,0.3934,16447,702,0.2686,2022,D_2021_2025,0
2774,130,21.26,0.3605,16345,797,0.3061,2022,D_2021_2025,1
1875,83,22.31,0.3733,11061,604,0.3355,2022,D_2021_2025,1
6216,295,21.31,0.177,36610,967,0.1634,2022,D_2021_2025,1
30993,1172,26.3,0.0549,183586,4274,0.145,2022,D_2021_2025,2
6004,275,21.92,0.2165,36781,1180,0.2072,2022,D_2021_2025,1
18814,703,26.63,0.1116,111253,2565,0.1434,2022,D_2021_2025,1
15466,714,21.72,0.1229,94755,2372,0.1636,2022,D_2021_2025,1
1634,70,23.14,0.6732,9640,431,0.2766,2022,D_2021_2025,1
11545,608,18.87,0.1213,70167,2343,0.2163,2022,D_2021_2025,1
10613,469,22.56,0.1696,62761,2074,0.2057,2022,D_2021_2025,1
5985,243,24.32,0.2339,37500,1281,0.2307,2022,D_2021_2025,1
7877,371,21.21,0.127,46353,1412,0.1927,2022,D_2021_2025,0
6158,305,20.07,0.1462,35920,1251,0.2173,2022,D_2021_2025,1
23212,993,23.27,0.0517,136471,3437,0.1581,2022,D_2021_2025,1
10498,415,25.24,0.1619,62724,1724,0.1785,2022,D_2021_2025,1
6010,254,23.68,0.1664,35937,1335,0.2344,2022,D_2021_2025,0
10873,538,20.19,0.1747,64862,2277,0.2216,2022,D_2021_2025,1
4269,220,19.38,0.2342,25688,1208,0.3005,2022,D_2021_2025,1
11902,521,22.74,0.1008,67669,2101,0.1859,2022,D_2021_2025,2
9850,508,19.29,0.1218,57576,2196,0.2353,2022,D_2021_2025,0
14800,691,21.32,0.0811,84038,2293,0.1657,2022,D_2021_2025,1
3663,285,12.96,0.1638,22432,873,0.2525,2022,D_2021_2025,1
3681,139,26.35,0.2717,21761,978,0.2785,2022,D_2021_2025,1
5565,446,12.71,0.1078,34983,1017,0.1923,2022,D_2021_2025,2
3986,233,17.16,0.276,23471,1001,0.2639,2022,D_2021_2025,0
2958,141,20.85,0.3043,17765,919,0.3249,2022,D_2021_2025,0
5285,271,19.39,0.2081,30944,1345,0.2698,2022,D_2021_2025,1
6375,288,21.91,0.1725,37057,1484,0.2469,2022,D_2021_2025,1
5987,279,21.35,0.167,35494,1377,0.2445,2022,D_2021_2025,0
1175,59,19.75,0.8511,7096,306,0.2783,2022,D_2021_2025,1
13083,433,29.97,0.0994,75681,1824,0.1464,2022,D_2021_2025,1
6637,371,17.84,0.1657,41226,1727,0.2766,2022,D_2021_2025,0
4734,196,24.15,0.169,28805,1058,0.2349,2022,D_2021_2025,1
1656,76,21.74,0.6039,9992,443,0.2796,2022,D_2021_2025,2
5170,239,21.46,0.1741,29714,1176,0.2404,2022,D_2021_2025,1
7312,305,23.79,0.1778,40929,1326,0.1926,2022,D_2021_2025,1
18845,791,23.7,0.1008,113967,3120,0.1753,2022,D_2021_2025,0
1609,97,16.61,0.5594,9940,413,0.2735,2022,D_2021_2025,1
19732,725,27.16,0.1014,120080,2496,0.1351,2022,D_2021_2025,2
2811,125,22.34,0.4269,17073,756,0.2885,2022,D_2021_2025,0
3882,156,24.82,0.2834,22884,1086,0.2921,2022,D_2021_2025,1
2601,102,25.4,0.5383,15361,812,0.323,2022,D_2021_2025,1
7938,370,21.32,0.1386,45973,1845,0.2459,2022,D_2021_2025,0
2420,104,23.11,0.4132,14162,766,0.3302,2022,D_2021_2025,1
6344,275,22.99,0.2207,36630,1299,0.2178,2022,D_2021_2025,0
5221,261,19.96,0.2107,30011,1168,0.2388,2022,D_2021_2025,1
7278,296,24.6,0.1511,44451,1341,0.1921,2022,D_2021_2025,1
3430,145,23.53,0.379,21014,1028,0.3149,2022,D_2021_2025,0
7112,296,23.92,0.2109,41924,1318,0.1954,2022,D_2021_2025,1
3418,168,20.23,0.2926,20509,1033,0.316,2022,D_2021_2025,1
1484,82,18.02,0.6065,8819,412,0.2918,2022,D_2021_2025,1
4716,173,27.19,0.2545,28356,1129,0.25,2022,D_2021_2025,0
8165,299,27.14,0.1102,48591,1449,0.1864,2022,D_2021_2025,0
9499,313,30.15,0.1684,55055,1585,0.1759,2022,D_2021_2025,1
22593,1194,18.78,0.0575,134969,3550,0.1678,2022,D_2021_2025,1
906,55,16.38,0.9934,5404,348,0.4183,2022,D_2021_2025,1
4125,143,28.75,0.2909,25880,837,0.2148,2022,D_2021_2025,0
2693,103,26.09,0.4456,15457,618,0.2391,2022,D_2021_2025,1
5183,223,23.12,0.2894,31945,1649,0.3359,2022,D_2021_2025,1
3468,154,22.64,0.3749,20373,680,0.2062,2022,D_2021_2025,1
2928,90,32.4,0.1708,17024,771,0.2783,2022,D_2021_2025,0
6075,274,22.16,0.2305,36487,1133,0.1984,2022,D_2021_2025,2
18262,874,20.62,0.0986,108838,2750,0.1607,2022,D_2021_2025,1
44762,2090,21.24,0.0693,263993,5689,0.1377,2022,D_2021_2025,1
2554,133,19.06,0.3915,15983,800,0.3348,2022,D_2021_2025,1
4384,172,25.43,0.2737,26405,998,0.2406,2022,D_2021_2025,2
4167,175,23.8,0.24,24716,879,0.2208,2022,D_2021_2025,1
7976,245,32.3,0.2131,47824,1515,0.2004,2022,D_2021_2025,0
9177,305,29.9,0.1199,56325,1631,0.1909,2022,D_2021_2025,1
15244,738,20.49,0.1115,91496,2599,0.1852,2022,D_2021_2025,1
20292,1128,17.81,0.0641,115357,3140,0.1644,2022,D_2021_2025,1
2174,148,14.86,0.414,12944,645,0.316,2022,D_2021_2025,1
4017,193,20.65,0.3734,24481,1249,0.3284,2022,D_2021_2025,1
2368,128,18.35,0.4223,14383,752,0.3404,2022,D_2021_2025,1
6417,270,23.58,0.187,38102,1313,0.2188,2022,D_2021_2025,1
1434,67,21.45,0.4881,8532,406,0.2999,2022,D_2021_2025,0
4882,207,23.38,0.3073,29929,1126,0.2478,2022,D_2021_2025,1
8448,242,34.88,0.142,50695,1099,0.1393,2022,D_2021_2025,2
10396,480,21.65,0.1731,60693,1835,0.1881,2022,D_2021_2025,1
11418,518,22.02,0.1226,66203,1856,0.1737,2022,D_2021_2025,1
2855,151,18.84,0.3152,16056,741,0.2701,2022,D_2021_2025,2
6029,247,24.45,0.1327,35219,970,0.1687,2022,D_2021_2025,1
9343,342,27.11,0.1713,56928,1727,0.1998,2022,D_2021_2025,0
4685,201,23.19,0.2134,28272,905,0.209,2022,D_2021_2025,1
2594,104,24.87,0.4626,15860,537,0.219,2022,D_2021_2025,1
8571,415,20.32,0.1283,52135,1803,0.2217,2022,D_2021_2025,1
5096,251,20.4,0.2551,30657,1306,0.2702,2022,D_2021_2025,1
5875,309,18.97,0.1872,34146,1414,0.2529,2022,D_2021_2025,2
2942,136,21.54,0.5778,17975,787,0.2787,2022,D_2021_2025,2
2165,107,20.14,0.4157,13109,617,0.2928,2022,D_2021_2025,1
6699,241,27.68,0.1941,41399,1239,0.195,2022,D_2021_2025,1
3481,154,22.6,0.3447,20773,782,0.2384,2022,D_2021_2025,0
5339,203,26.26,0.3184,33044,1034,0.2051,2022,D_2021_2025,1
5680,276,20.67,0.2289,32999,1252,0.2347,2022,D_2021_2025,1
4007,147,27.16,0.3244,24163,1068,0.2808,2022,D_2021_2025,1
3464,202,17.05,0.4042,21353,916,0.2846,2022,D_2021_2025,1
4785,207,23.14,0.2717,28974,1035,0.2288,2022,D_2021_2025,1
4716,214,21.92,0.2969,27750,1166,0.2619,2022,D_2021_2025,1
13150,367,35.83,0.1369,77037,1835,0.1489,2022,D_2021_2025,1
5288,212,24.9,0.1891,30644,1121,0.2224,2022,D_2021_2025,1
3313,197,16.94,0.2415,19888,839,0.2668,2022,D_2021_2025,1
25068,1031,24.24,0.0878,153231,3555,0.1531,2022,D_2021_2025,1
5576,269,20.55,0.1793,32750,1384,0.2647,2022,D_2021_2025,1
2146,86,24.74,0.5126,13051,487,0.2428,2022,D_2021_2025,1
4815,209,23.0,0.2492,28371,926,0.2031,2022,D_2021_2025,1
13238,587,22.43,0.1058,80177,2477,0.2013,2022,D_2021_2025,1
2777,140,19.89,0.3241,16699,820,0.3126,2022,D_2021_2025,1
3728,234,15.88,0.1073,22814,1038,0.2994,2022,D_2021_2025,2
7505,388,19.15,0.2132,44994,1471,0.2067,2022,D_2021_2025,1
16268,555,29.28,0.0984,99645,2617,0.1706,2022,D_2021_2025,1
4611,221,20.79,0.2386,27808,1189,0.2754,2022,D_2021_2025,2
6720,269,25.07,0.2083,40879,1424,0.2243,2022,D_2021_2025,2
7392,225,32.74,0.1894,44062,1152,0.1644,2022,D_2021_2025,2
15919,714,22.25,0.1508,92525,2814,0.192,2022,D_2021_2025,1
7289,584,12.47,0.1646,42872,1195,0.1725,2022,D_2021_2025,2
2738,146,18.71,0.4018,16369,859,0.3324,2022,D_2021_2025,1
3813,177,21.58,0.2623,22725,1027,0.2861,2022,D_2021_2025,1
2797,133,20.98,0.3218,17350,686,0.2563,2022,D_2021_2025,1
45946,1578,29.05,0.0326,274649,4644,0.1077,2022,D_2021_2025,0
5861,300,19.44,0.1706,36169,1508,0.2697,2022,D_2021_2025,0
5329,393,13.22,0.1689,33716,1352,0.2706,2022,D_2021_2025,1
8001,318,24.98,0.1375,47143,1705,0.2228,2022,D_2021_2025,1
6646,358,18.25,0.1806,39872,1431,0.2271,2022,D_2021_2025,1
4148,179,23.04,0.3134,25066,1019,0.2642,2022,D_2021_2025,1
3726,158,23.49,0.2952,22455,822,0.2308,2022,D_2021_2025,0
7367,230,32.07,0.2308,44017,1319,0.1884,2022,D_2021_2025,1
7768,288,26.97,0.1674,45850,1676,0.2275,2022,D_2021_2025,1
18226,655,27.9,0.0768,110718,2835,0.1644,2022,D_2021_2025,1
17510,736,23.74,0.0914,101701,3275,0.1959,2022,D_2021_2025,2
9537,372,25.4,0.1153,58539,1891,0.213,2022,D_2021_2025,2
8650,466,18.49,0.1965,51388,1871,0.2276,2022,D_2021_2025,1
11810,554,21.16,0.127,71042,2189,0.1973,2022,D_2021_2025,1
6770,320,21.06,0.1477,40229,1814,0.2846,2023,D_2021_2025,1
4324,219,19.76,0.3469,26122,1245,0.3002,2023,D_2021_2025,1
4170,201,20.81,0.3118,25814,1188,0.3038,2023,D_2021_2025,0
3462,188,18.04,0.26,20232,1006,0.3094,2023,D_2021_2025,0
4111,161,25.33,0.2919,23491,1070,0.2783,2023,D_2021_2025,0
21496,908,23.56,0.107,130035,3300,0.1677,2023,D_2021_2025,0
1525,62,24.52,0.3934,8905,449,0.3154,2023,D_2021_2025,1
5598,247,22.47,0.2501,34244,1291,0.2463,2023,D_2021_2025,1
3857,201,19.07,0.2333,23958,1128,0.3085,2023,D_2021_2025,0
15729,538,29.09,0.1653,93877,2835,0.1919,2023,D_2021_2025,1
7968,335,23.69,0.251,47841,1597,0.2087,2023,D_2021_2025,2
21298,846,25.23,0.1033,129220,2975,0.15,2023,D_2021_2025,0
18462,707,26.21,0.1246,112265,3215,0.1868,2023,D_2021_2025,2
6931,355,19.62,0.1587,41812,1462,0.2209,2023,D_2021_2025,1
6390,349,18.29,0.1565,37362,1500,0.2496,2023,D_2021_2025,1
3905,177,22.03,0.2049,23704,897,0.2438,2023,D_2021_2025,0
2839,157,18.05,0.317,16398,652,0.2469,2023,D_2021_2025,1
4275,251,16.97,0.2807,25756,1351,0.335,2023,D_2021_2025,1
17396,652,26.6,0.1495,105740,3191,0.2036,2023,D_2021_2025,1
7390,262,28.08,0.1759,44014,1749,0.2506,2023,D_2021_2025,1
8923,383,23.21,0.1905,53123,1833,0.2176,2023,D_2021_2025,0
5114,199,25.54,0.2151,30273,1248,0.2538,2023,D_2021_2025,0
13201,618,21.18,0.0909,76109,2639,0.2104,2023,D_2021_2025,0
24054,1182,20.3,0.0873,142419,3694,0.1633,2023,D_2021_2025,0
7580,307,24.5,0.1715,44918,1666,0.2383,2023,D_2021_2025,0
2893,134,21.58,0.3111,17426,737,0.2727,2023,D_2021_2025,1
3033,150,20.19,0.3297,18085,660,0.2288,2023,D_2021_2025,1
12239,709,17.18,0.0817,74798,2622,0.228,2023,D_2021_2025,0
4957,178,27.89,0.3026,29569,1297,0.2744,2023,D_2021_2025,1
7157,310,23.1,0.2236,43962,1840,0.2736,2023,D_2021_2025,0
25280,1241,20.32,0.0791,154876,3928,0.1665,2023,D_2021_2025,1
6834,339,19.91,0.161,39593,1375,0.2119,2023,D_2021_2025,1
3019,156,19.37,0.3975,18758,645,0.2259,2023,D_2021_2025,1
3379,197,17.26,0.3255,19810,832,0.261,2023,D_2021_2025,1
6220,244,25.3,0.2251,38199,1403,0.2439,2023,D_2021_2025,1
1260,58,21.62,1.0317,8022,373,0.3119,2023,D_2021_2025,1
2891,182,15.85,0.3805,17380,868,0.3172,2023,D_2021_2025,1
6814,335,20.19,0.1468,41590,1489,0.2404,2023,D_2021_2025,0
35147,1376,25.38,0.0569,208058,4052,0.126,2023,D_2021_2025,1
1577,76,20.74,0.6341,9619,402,0.2701,2023,D_2021_2025,1
3255,144,22.52,0.4301,19928,840,0.2722,2023,D_2021_2025,1
18881,914,20.52,0.1271,113567,2922,0.1676,2023,D_2021_2025,1
3950,186,21.04,0.3544,23836,1126,0.3008,2023,D_2021_2025,1
4121,188,21.71,0.2669,24173,962,0.2439,2023,D_2021_2025,1
29440,1568,18.77,0.051,182208,3773,0.1398,2023,D_2021_2025,2
4071,196,20.72,0.2456,24180,1104,0.2869,2023,D_2021_2025,0
11882,452,26.23,0.1178,71458,1778,0.1575,2023,D_2021_2025,0
8436,395,21.41,0.1541,49487,1478,0.1863,2023,D_2021_2025,1
3152,120,26.04,0.3173,18805,888,0.2938,2023,D_2021_2025,1
5899,324,18.1,0.1865,35065,1510,0.2695,2023,D_2021_2025,1
2415,106,22.72,0.4141,14303,678,0.2957,2023,D_2021_2025,1
1125,67,16.6,0.8889,6687,348,0.3253,2023,D_2021_2025,1
1021,56,18.0,0.9794,6148,308,0.3183,2023,D_2021_2025,1
2180,145,15.01,0.2752,13140,718,0.3541,2023,D_2021_2025,0
9777,549,17.83,0.1739,60144,2022,0.2241,2023,D_2021_2025,0
5906,291,20.23,0.1524,33033,1344,0.2394,2023,D_2021_2025,1
3559,178,19.9,0.3653,21295,873,0.2577,2023,D_2021_2025,1
1958,90,21.73,0.5107,12578,508,0.2753,2023,D_2021_2025,1
18801,831,22.41,0.1277,112374,2911,0.1656,2023,D_2021_2025,2
1704,115,14.77,0.7042,10241,540,0.3339,2023,D_2021_2025,1
15336,767,20.05,0.0913,94112,2446,0.1689,2023,D_2021_2025,1
3124,120,25.95,0.4161,18351,884,0.3041,2023,D_2021_2025,0
2248,107,20.89,0.4893,13374,733,0.3412,2023,D_2021_2025,1
3026,136,22.17,0.3305,18574,999,0.3526,2023,D_2021_2025,1
5911,372,15.8,0.1692,35033,1251,0.2235,2023,D_2021_2025,0
3673,145,25.26,0.2723,21799,659,0.1895,2023,D_2021_2025,1
12403,562,21.83,0.1371,70862,2271,0.1945,2023,D_2021_2025,0
1765,104,16.87,0.3966,10240,607,0.3581,2023,D_2021_2025,0
16096,827,19.19,0.0932,96163,2535,0.1736,2023,D_2021_2025,0
8994,460,19.7,0.0889,55419,1678,0.2012,2023,D_2021_2025,0
6872,302,22.69,0.1601,40434,1645,0.2528,2023,D_2021_2025,1
1620,75,21.28,0.679,9606,465,0.3025,2023,D_2021_2025,1
2225,112,19.72,0.4045,13074,789,0.3712,2023,D_2021_2025,1
4401,283,15.75,0.3636,25450,818,0.1972,2023,D_2021_2025,1
5020,252,19.8,0.2789,29537,1272,0.2707,2023,D_2021_2025,1
8069,394,20.34,0.1239,46884,1967,0.2591,2023,D_2021_2025,1
31949,1483,21.58,0.0438,189511,4099,0.1411,2023,D_2021_2025,1
2953,219,13.59,0.237,18172,665,0.2387,2023,D_2021_2025,2
3996,159,24.89,0.1752,24134,1161,0.3076,2023,D_2021_2025,1
2046,140,14.64,0.5865,12432,653,0.3392,2023,D_2021_2025,1
2937,134,21.97,0.5107,17877,846,0.3047,2023,D_2021_2025,1
3191,160,19.81,0.3447,19394,943,0.3143,2023,D_2021_2025,0
11873,505,23.48,0.1179,69940,1891,0.1667,2023,D_2021_2025,1
4790,259,18.5,0.1879,29050,1220,0.2745,2023,D_2021_2025,1
4794,207,23.26,0.1877,28594,909,0.2015,2023,D_2021_2025,1
2186,104,20.82,0.4117,12948,719,0.349,2023,D_2021_2025,1
3323,167,19.83,0.2107,19905,939,0.2997,2023,D_2021_2025,1
1663,100,16.36,0.7216,9760,547,0.359,2023,D_2021_2025,1
4723,241,19.53,0.3176,26926,1159,0.2579,2023,D_2021_2025,1
4947,254,18.98,0.3234,29489,1370,0.2909,2023,D_2021_2025,0
18198,750,24.13,0.1044,108261,2449,0.1438,2023,D_2021_2025,0
3107,166,18.4,0.2897,18452,1076,0.3647,2023,D_2021_2025,0
10125,425,23.68,0.1284,59576,1738,0.1847,2023,D_2021_2025,2
7226,230,31.3,0.2353,41490,1356,0.1994,2023,D_2021_2025,2
5558,315,17.7,0.1439,33037,1212,0.2384,2023,D_2021_2025,1
2196,93,23.42,0.592,13312,677,0.3251,2023,D_2021_2025,1
1215,58,21.02,0.7407,7367,435,0.377,2023,D_2021_2025,1
8869,321,27.6,0.1691,54791,1441,0.1727,2023,D_2021_2025,1
3975,161,24.74,0.2767,23999,780,0.2081,2023,D_2021_2025,1
1344,94,14.16,0.5952,7971,557,0.4479,2023,D_2021_2025,1
3672,182,20.13,0.3813,21037,946,0.2737,2023,D_2021_2025,1
4850,252,19.35,0.2887,28807,885,0.1942,2023,D_2021_2025,1
4033,220,18.37,0.2727,25172,920,0.2423,2023,D_2021_2025,1
38923,1495,26.0,0.0617,240767,4947,0.1359,2023,D_2021_2025,1
5008,236,21.04,0.2196,30569,1477,0.3129,2023,D_2021_2025,1
2440,107,22.45,0.4508,14874,565,0.2422,2023,D_2021_2025,1
23793,1032,22.92,0.0546,141397,3031,0.1393,2023,D_2021_2025,0
4632,208,22.21,0.3238,27147,1244,0.2845,2023,D_2021_2025,1
15977,748,21.37,0.0939,93379,2049,0.1366,2023,D_2021_2025,0
10079,520,19.44,0.1488,61463,2295,0.2406,2023,D_2021_2025,0
15348,596,25.67,0.0782,90188,2361,0.1628,2023,D_2021_2025,0
1949,93,21.04,0.4618,11426,569,0.3027,2023,D_2021_2025,1
3758,156,23.99,0.3991,22852,1150,0.3257,2023,D_2021_2025,1
1689,81,20.67,0.5921,10193,559,0.357,2023,D_2021_2025,1
1239,61,20.0,0.8071,7317,470,0.4011,2023,D_2021_2025,1
13489,537,25.14,0.1334,81812,2153,0.1687,2023,D_2021_2025,1
10711,536,19.9,0.1681,62748,2175,0.2193,2023,D_2021_2025,1
5874,163,35.65,0.1532,34181,1206,0.2157,2023,D_2021_2025,0
18599,692,26.88,0.1022,110198,2584,0.1483,2023,D_2021_2025,0
17496,833,20.91,0.0857,101723,2872,0.1751,2023,D_2021_2025,0
6102,232,26.22,0.213,36654,1121,0.195,2023,D_2021_2025,0
957,48,19.65,0.8359,5743,327,0.3636,2023,D_2021_2025,1
2003,103,19.24,0.3495,12378,573,0.3085,2023,D_2021_2025,1
3735,236,15.63,0.3481,22704,1054,0.3015,2023,D_2021_2025,2
6199,244,25.23,0.3549,37249,1475,0.2539,2023,D_2021_2025,1
6231,336,18.48,0.1605,38333,1702,0.2911,2023,D_2021_2025,1
2567,169,15.23,0.2727,15736,805,0.3323,2023,D_2021_2025,0
7491,253,29.56,0.0934,45211,1329,0.1894,2023,D_2021_2025,0
3628,190,19.19,0.3859,21907,820,0.2379,2023,D_2021_2025,1
8903,314,28.31,0.1011,53858,1167,0.1379,2023,D_2021_2025,0
4265,170,25.05,0.211,24480,849,0.2101,2023,D_2021_2025,1
6470,225,28.65,0.1546,37250,1367,0.2215,2023,D_2021_2025,1
5079,307,16.49,0.1969,30001,1185,0.2453,2023,D_2021_2025,1
2788,141,19.56,0.2511,16467,948,0.3608,2023,D_2021_2025,1
5412,229,23.59,0.2033,31527,1377,0.2688,2023,D_2021_2025,1
9067,342,26.29,0.1213,54766,1834,0.2122,2023,D_2021_2025,0
18007,575,31.18,0.1,107207,2249,0.1337,2023,D_2021_2025,0
2391,107,22.11,0.4601,14348,706,0.3116,2023,D_2021_2025,1
971,52,18.48,1.0299,5774,346,0.3821,2023,D_2021_2025,2
1762,97,18.0,0.5108,10196,659,0.3905,2023,D_2021_2025,1
2335,113,20.53,0.5139,13948,614,0.2771,2023,D_2021_2025,1
7154,209,34.05,0.1957,43011,1308,0.195,2023,D_2021_2025,1
7691,349,21.9,0.182,44863,1665,0.2308,2023,D_2021_2025,1
3643,268,13.56,0.2196,22647,775,0.2267,2023,D_2021_2025,1
21241,932,22.59,0.1177,129723,3042,0.1524,2023,D_2021_2025,0
1452,87,16.7,0.551,8882,492,0.3616,2023,D_2021_2025,1
9420,430,21.82,0.1911,55268,1940,0.2189,2023,D_2021_2025,1
9185,372,24.66,0.1415,53507,1854,0.2121,2023,D_2021_2025,2
14016,565,24.71,0.0999,86336,2533,0.1944,2023,D_2021_2025,0
1659,97,17.02,0.4822,9528,510,0.3267,2023,D_2021_2025,1
3294,148,22.1,0.3036,19690,1023,0.3285,2023,D_2021_2025,1
22068,982,22.3,0.1223,131323,3131,0.153,2023,D_2021_2025,0
3644,175,20.63,0.1921,21714,1101,0.315,2023,D_2021_2025,1
6027,300,19.9,0.1825,35078,1595,0.2809,2023,D_2021_2025,1
9326,564,16.35,0.1179,54723,2189,0.2521,2023,D_2021_2025,1
7770,283,27.31,0.2703,47239,1476,0.2035,2023,D_2021_2025,1
21978,1046,20.58,0.0683,129351,3321,0.1624,2023,D_2021_2025,0
4219,229,18.29,0.2607,25885,1377,0.3418,2023,D_2021_2025,1
11995,556,21.48,0.1501,67791,2000,0.1756,2023,D_2021_2025,1
4690,231,20.07,0.2559,27206,1260,0.2827,2023,D_2021_2025,1
2208,97,22.55,0.4982,13292,653,0.317,2023,D_2021_2025,1
12413,500,24.68,0.0564,76050,1719,0.1473,2023,D_2021_2025,0
2079,107,19.24,0.3367,13094,698,0.355,2023,D_2021_2025,1
5533,291,18.95,0.1988,32123,1202,0.2295,2023,D_2021_2025,1
3638,204,17.8,0.3024,21883,703,0.2037,2023,D_2021_2025,1
5221,241,21.51,0.3256,31567,1522,0.3086,2023,D_2021_2025,1
4822,213,22.51,0.2489,28443,1254,0.2756,2023,D_2021_2025,1
3255,136,24.06,0.2765,19350,555,0.177,2023,D_2021_2025,0
5684,233,24.27,0.2111,33202,1190,0.2204,2023,D_2021_2025,1
7376,324,22.65,0.1356,44021,1782,0.2562,2023,D_2021_2025,1
9697,462,20.94,0.1134,55601,2155,0.2319,2023,D_2021_2025,1
4435,140,31.51,0.2255,26131,1073,0.26,2023,D_2021_2025,0
5577,276,20.21,0.1972,32403,1202,0.2274,2023,D_2021_2025,1
14470,666,21.62,0.1175,90267,2938,0.2186,2023,D_2021_2025,1
3597,179,20.15,0.3614,21167,872,0.2533,2023,D_2021_2025,1
30835,1272,24.11,0.0551,176917,3407,0.1173,2023,D_2021_2025,0
7628,421,17.86,0.1049,44639,1803,0.2487,2023,D_2021_2025,1
4558,225,20.38,0.1755,26897,1044,0.2387,2023,D_2021_2025,2
5747,260,22.05,0.2088,33758,1429,0.2631,2023,D_2021_2025,1
7502,322,23.42,0.1866,43885,1624,0.2257,2023,D_2021_2025,1
3961,164,23.94,0.3534,24269,1077,0.2853,2023,D_2021_2025,1
1186,55,21.31,0.5902,7127,444,0.4013,2023,D_2021_2025,0
4848,252,19.4,0.33,29097,1250,0.2696,2023,D_2021_2025,0
3523,113,31.17,0.2838,21284,791,0.2356,2023,D_2021_2025,0
2974,126,23.67,0.3699,17684,687,0.2428,2023,D_2021_2025,1
2185,109,19.9,0.3204,12577,640,0.3135,2023,D_2021_2025,1
3979,175,22.71,0.2513,23263,1105,0.2908,2023,D_2021_2025,1
2807,134,20.71,0.5344,17261,910,0.3456,2023,D_2021_2025,1
10543,427,24.63,0.1233,63015,1894,0.1905,2023,D_2021_2025,0
5964,285,20.88,0.2683,34651,1422,0.2565,2023,D_2021_2025,1
2382,108,22.05,0.3778,13792,750,0.3325,2023,D_2021_2025,1
1940,77,25.18,0.5155,12141,698,0.384,2023,D_2021_2025,1
5479,368,14.89,0.1643,34403,1126,0.2154,2023,D_2021_2025,1
3887,175,21.97,0.3859,23177,1245,0.3388,2023,D_2021_2025,2
19983,794,25.04,0.0701,117479,2889,0.1549,2023,D_2021_2025,0
10659,336,31.57,0.122,61692,1767,0.1802,2023,D_2021_2025,1
3243,164,19.6,0.3084,18784,887,0.2865,2023,D_2021_2025,2
1769,81,21.58,0.5088,10188,590,0.3488,2023,D_2021_2025,2
4908,259,18.88,0.3667,29469,1445,0.3123,2023,D_2021_2025,1
3303,150,21.89,0.333,19287,973,0.3134,2023,D_2021_2025,1
5995,265,22.62,0.2335,35922,1216,0.2125,2023,D_2021_2025,1
6544,276,23.69,0.1987,39198,1198,0.1942,2023,D_2021_2025,1
10717,523,20.51,0.0933,60772,2060,0.2016,2023,D_2021_2025,0
4730,211,22.41,0.1691,29249,1324,0.2979,2023,D_2021_2025,1
6006,270,22.1,0.2165,36043,1794,0.3154,2023,D_2021_2025,1
6553,424,15.31,0.1679,38975,1502,0.2481,2023,D_2021_2025,1
4320,184,23.4,0.1852,27202,1027,0.2572,2023,D_2021_2025,0
5186,206,25.13,0.3471,31110,1530,0.312,2023,D_2021_2025,1
6466,320,20.05,0.1856,39285,1520,0.2515,2023,D_2021_2025,1
6467,337,18.94,0.2319,39219,1717,0.2816,2023,D_2021_2025,1
4078,204,20.03,0.2697,24524,743,0.1935,2023,D_2021_2025,2
4627,160,28.82,0.2593,28000,953,0.2209,2023,D_2021_2025,1
5016,251,20.03,0.1994,29924,1283,0.2703,2023,D_2021_2025,1
1200,67,17.78,0.6667,7165,347,0.3075,2023,D_2021_2025,0
1822,103,17.37,0.5488,11433,527,0.3057,2023,D_2021_2025,1
3272,197,16.71,0.3362,19784,875,0.2827,2023,D_2021_2025,1
16615,779,21.13,0.1083,99562,2666,0.1715,2023,D_2021_2025,1
3379,124,26.96,0.4439,20095,1060,0.3306,2023,D_2021_2025,0
4909,236,20.77,0.2037,30122,1207,0.2593,2023,D_2021_2025,1
3494,155,22.48,0.2576,21034,1243,0.3766,2023,D_2021_2025,1
4939,196,25.07,0.2632,29790,1109,0.2413,2023,D_2021_2025,2
2741,147,18.82,0.4378,16170,579,0.2258,2023,D_2021_2025,1
16374,710,22.91,0.1038,99545,2645,0.175,2023,D_2021_2025,1
7762,347,22.26,0.1804,48577,2070,0.2827,2023,D_2021_2025,2
7186,394,18.16,0.2505,43447,1703,0.2559,2023,D_2021_2025,0
2466,142,17.39,0.365,14883,748,0.3208,2023,D_2021_2025,1
3861,164,23.45,0.259,22377,804,0.2173,2023,D_2021_2025,1
3873,169,22.82,0.2582,23078,738,0.1988,2023,D_2021_2025,0
4402,198,21.96,0.2726,26634,1310,0.3226,2023,D_2021_2025,1
3515,206,16.83,0.3698,21509,1034,0.3186,2023,D_2021_2025,1
2761,111,24.61,0.5433,16128,751,0.2966,2023,D_2021_2025,1
3916,138,28.4,0.332,23372,969,0.2617,2023,D_2021_2025,1
3086,107,28.77,0.4861,18347,1007,0.3409,2023,D_2021_2025,1
1545,60,25.63,0.5825,9158,411,0.2867,2023,D_2021_2025,1
6089,222,27.29,0.2628,36915,1371,0.2401,2023,D_2021_2025,1
2453,118,20.86,0.3669,14687,646,0.278,2023,D_2021_2025,0
5534,155,35.67,0.253,30898,902,0.1733,2023,D_2021_2025,1
12108,557,21.74,0.1321,73768,2261,0.2039,2023,D_2021_2025,2
1640,63,25.84,0.6707,10156,448,0.2872,2023,D_2021_2025,1
2015,107,18.49,0.5459,12081,721,0.3752,2023,D_2021_2025,1
2935,118,24.85,0.2726,17667,588,0.215,2023,D_2021_2025,0
1404,61,22.85,0.8547,8450,532,0.4024,2023,D_2021_2025,1
13881,691,20.11,0.1153,86692,2826,0.2171,2023,D_2021_2025,1
4134,179,23.02,0.2661,24884,1108,0.2835,2023,D_2021_2025,1
7892,405,19.48,0.2154,46636,1716,0.2307,2023,D_2021_2025,1
1624,90,17.93,0.6158,9921,543,0.3528,2023,D_2021_2025,1
11072,428,25.79,0.1626,66448,2519,0.2403,2023,D_2021_2025,0
5450,251,21.69,0.2936,33345,1408,0.2732,2023,D_2021_2025,1
13886,570,24.28,0.144,81950,2653,0.2029,2023,D_2021_2025,1
605,34,17.82,1.157,3763,257,0.4545,2023,D_2021_2025,2
6973,322,21.54,0.1578,42982,1975,0.298,2023,D_2021_2025,2
1758,97,17.86,0.7395,10351,529,0.3191,2023,D_2021_2025,1
7170,344,20.76,0.1813,42505,1510,0.2255,2023,D_2021_2025,1
8880,365,24.29,0.1914,51572,1405,0.1681,2023,D_2021_2025,0
1485,69,21.42,0.6734,8989,437,0.3084,2023,D_2021_2025,1
2788,127,21.85,0.3945,16050,650,0.2496,2023,D_2021_2025,1
2053,86,23.73,0.2435,12325,622,0.3205,2023,D_2021_2025,1
1856,70,26.27,0.5388,11018,609,0.3454,2023,D_2021_2025,1
2619,142,18.27,0.3818,15089,686,0.2803,2023,D_2021_2025,1
10990,482,22.75,0.1547,65820,1862,0.1819,2024,D_2021_2025,1
10930,452,24.11,0.1464,63898,2234,0.2154,2024,D_2021_2025,1
5131,288,17.67,0.1754,29617,1078,0.2233,2024,D_2021_2025,1
12842,587,21.81,0.109,79372,2662,0.2268,2024,D_2021_2025,1
10457,438,23.79,0.1339,64260,1927,0.1941,2024,D_2021_2025,1
5166,245,20.91,0.2129,31992,1382,0.284,2024,D_2021_2025,0
4157,209,19.71,0.1924,27116,1210,0.3007,2024,D_2021_2025,0
15349,716,21.27,0.1042,89460,2778,0.1912,2024,D_2021_2025,0
2187,109,20.0,0.503,13286,689,0.3342,2024,D_2021_2025,1
10876,506,21.42,0.1655,64575,2304,0.2222,2024,D_2021_2025,1
23663,1155,20.33,0.1057,144120,3388,0.1543,2024,D_2021_2025,1
3800,147,25.65,0.2105,21984,979,0.2668,2024,D_2021_2025,0
6654,301,21.97,0.2855,38830,1555,0.2496,2024,D_2021_2025,1
5414,269,20.03,0.2586,32158,1338,0.263,2024,D_2021_2025,1
6644,336,19.64,0.1957,41814,1871,0.3019,2024,D_2021_2025,0
5084,323,15.67,0.177,29977,1296,0.2695,2024,D_2021_2025,1
6980,323,21.7,0.2292,41249,1379,0.2095,2024,D_2021_2025,0
4375,248,17.75,0.2514,26366,1086,0.2585,2024,D_2021_2025,1
8584,369,23.13,0.1398,52037,1870,0.2273,2024,D_2021_2025,1
8758,519,16.73,0.1028,51713,1986,0.2393,2024,D_2021_2025,1
2658,135,19.67,0.4515,16760,864,0.3473,2024,D_2021_2025,1
1655,68,24.32,0.5438,10772,669,0.4163,2024,D_2021_2025,0
6181,285,21.67,0.2103,37989,1620,0.2786,2024,D_2021_2025,1
3744,135,27.58,0.2404,22145,945,0.2658,2024,D_2021_2025,2
4830,192,25.15,0.2899,28483,1256,0.2768,2024,D_2021_2025,1
9116,383,23.56,0.1865,53345,1919,0.2222,2024,D_2021_2025,1
9352,418,22.23,0.1176,54876,1817,0.2042,2024,D_2021_2025,1
5629,299,19.04,0.1599,33999,1295,0.243,2024,D_2021_2025,1
15825,716,22.02,0.1201,93179,2488,0.1679,2024,D_2021_2025,0
7978,325,24.52,0.1755,47909,1650,0.2217,2024,D_2021_2025,2
10056,441,22.72,0.1094,61184,1732,0.1851,2024,D_2021_2025,0
2920,119,24.2,0.411,17188,830,0.2993,2024,D_2021_2025,1
6176,258,23.74,0.2753,36536,1326,0.2265,2024,D_2021_2025,1
6552,235,27.85,0.2289,39568,1337,0.2169,2024,D_2021_2025,1
22547,965,23.26,0.0798,134660,3358,0.1594,2024,D_2021_2025,2
5931,307,19.33,0.2023,36204,1607,0.2858,2024,D_2021_2025,1
9138,414,21.89,0.0985,54692,1777,0.2116,2024,D_2021_2025,0
6465,326,19.96,0.2784,40123,1614,0.2637,2024,D_2021_2025,0
5800,276,20.85,0.2069,34715,1414,0.2597,2024,D_2021_2025,1
9431,407,23.04,0.1378,55141,1854,0.2091,2024,D_2021_2025,1
5904,280,21.05,0.2202,34993,1379,0.2471,2024,D_2021_2025,1
3791,139,26.97,0.3429,22970,894,0.2498,2024,D_2021_2025,1
4566,233,19.42,0.3504,28072,1218,0.283,2024,D_2021_2025,1
3447,175,19.65,0.2611,20999,763,0.2385,2024,D_2021_2025,0
10901,626,17.46,0.1101,64235,1911,0.1859,2024,D_2021_2025,1
5426,228,23.7,0.1659,32300,1444,0.279,2024,D_2021_2025,2
10397,466,22.17,0.125,62806,2100,0.2116,2024,D_2021_2025,1
7833,393,19.8,0.1532,47690,1556,0.2121,2024,D_2021_2025,0
11225,406,27.66,0.1247,67919,2136,0.2017,2024,D_2021_2025,1
2107,130,16.36,0.617,12811,686,0.3412,2024,D_2021_2025,0
8828,311,28.39,0.2492,52992,1643,0.1947,2024,D_2021_2025,1
4339,215,20.0,0.2996,25992,1145,0.2816,2024,D_2021_2025,1
2915,117,24.72,0.3774,17235,804,0.2906,2024,D_2021_2025,1
6017,428,13.92,0.0831,36636,1565,0.2712,2024,D_2021_2025,1
6164,370,16.51,0.2271,36730,1331,0.2286,2024,D_2021_2025,2
5170,280,18.44,0.2128,30099,1108,0.2277,2024,D_2021_2025,1
11957,450,26.43,0.1254,70518,1766,0.1572,2024,D_2021_2025,1
5529,278,19.87,0.217,33118,1370,0.2617,2024,D_2021_2025,1
3406,157,21.55,0.3817,20479,1041,0.3285,2024,D_2021_2025,1
12853,482,26.46,0.14,77656,2140,0.1753,2024,D_2021_2025,1
4209,190,21.99,0.2376,25108,1068,0.2675,2024,D_2021_2025,2
9340,520,17.8,0.182,54953,2130,0.2431,2024,D_2021_2025,1
10889,467,23.13,0.1102,66974,2067,0.2021,2024,D_2021_2025,1
5733,231,24.66,0.1744,33996,1197,0.2233,2024,D_2021_2025,2
17908,1210,14.65,0.0726,104065,2875,0.1715,2024,D_2021_2025,0
15564,636,24.29,0.1285,94072,2678,0.1814,2024,D_2021_2025,1
4249,222,19.02,0.3766,26913,1176,0.294,2024,D_2021_2025,1
1145,57,20.02,0.9607,7192,471,0.4384,2024,D_2021_2025,2
8271,374,21.93,0.2176,51183,1822,0.2332,2024,D_2021_2025,0
29108,1343,21.58,0.0825,174781,4353,0.1605,2024,D_2021_2025,1
5137,245,20.94,0.2141,30332,1334,0.2721,2024,D_2021_2025,1
2126,100,20.99,0.4704,12559,611,0.302,2024,D_2021_2025,0
7344,310,23.52,0.1906,43365,1505,0.2161,2024,D_2021_2025,1
2157,132,16.36,0.4172,13095,666,0.3292,2024,D_2021_2025,1
2850,129,22.0,0.5263,16910,858,0.313,2024,D_2021_2025,1
5756,216,26.44,0.1911,33087,1291,0.2378,2024,D_2021_2025,0
9394,408,22.85,0.1171,54457,1478,0.1711,2024,D_2021_2025,0
30677,953,32.28,0.0652,178849,3411,0.1185,2024,D_2021_2025,1
3856,175,21.99,0.3631,22652,867,0.236,2024,D_2021_2025,2
5956,256,23.19,0.2015,34910,1325,0.2371,2024,D_2021_2025,2
10736,474,22.59,0.0931,63923,1971,0.1948,2024,D_2021_2025,1
6571,228,28.73,0.2283,38373,1438,0.2304,2024,D_2021_2025,1
7770,371,20.8,0.2059,46472,1448,0.2028,2024,D_2021_2025,0
3840,175,21.89,0.3385,23616,948,0.2604,2024,D_2021_2025,1
8387,344,24.22,0.2027,49032,1524,0.194,2024,D_2021_2025,1
6622,370,17.8,0.151,39320,1899,0.3031,2024,D_2021_2025,0
5823,324,17.81,0.2233,35712,1589,0.2859,2024,D_2021_2025,1
9888,454,21.74,0.1416,60839,1819,0.1925,2024,D_2021_2025,1
3857,181,21.21,0.2852,23261,1083,0.2992,2024,D_2021_2025,1
24895,762,32.58,0.0924,144786,3180,0.135,2024,D_2021_2025,0
10870,477,22.56,0.0828,63991,1835,0.1768,2024,D_2021_2025,0
7862,325,24.2,0.1781,46744,1529,0.2061,2024,D_2021_2025,1
12756,598,21.33,0.1333,73933,2276,0.1883,2024,D_2021_2025,1
3759,185,20.23,0.3192,22349,1212,0.34,2024,D_2021_2025,1
6935,275,24.9,0.2451,42231,1605,0.2467,2024,D_2021_2025,1
5062,262,19.35,0.3556,30435,1396,0.2926,2024,D_2021_2025,1
18567,1014,18.12,0.1454,109671,2904,0.1683,2024,D_2021_2025,2
29629,1176,25.02,0.0473,180840,3245,0.1197,2024,D_2021_2025,0
7704,381,20.22,0.1687,46893,1312,0.1807,2024,D_2021_2025,2
11893,551,21.58,0.0925,73228,1838,0.1637,2024,D_2021_2025,1
5453,261,20.9,0.2934,32596,1364,0.2635,2024,D_2021_2025,2
6499,232,27.89,0.1846,40273,1408,0.2323,2024,D_2021_2025,2
8788,406,21.48,0.1593,53023,1748,0.2147,2024,D_2021_2025,1
13675,620,22.24,0.1024,83237,2485,0.2002,2024,D_2021_2025,0
9932,397,24.89,0.1611,58255,1876,0.2011,2024,D_2021_2025,1
9415,333,28.19,0.2018,57729,1869,0.2169,2024,D_2021_2025,1
4845,244,19.72,0.1858,27873,1224,0.2698,2024,D_2021_2025,1
4827,262,18.23,0.2693,29072,1165,0.261,2024,D_2021_2025,2
11307,486,23.12,0.1238,66428,2547,0.2345,2024,D_2021_2025,2
1712,90,18.91,0.6425,10455,644,0.4001,2024,D_2021_2025,1
9214,296,31.12,0.2171,58182,1878,0.2181,2024,D_2021_2025,1
2853,173,16.54,0.4206,16925,756,0.2804,2024,D_2021_2025,1
9104,418,21.84,0.1208,53490,1670,0.1958,2024,D_2021_2025,0
14923,572,25.92,0.1809,90714,2620,0.1945,2024,D_2021_2025,1
8440,454,18.46,0.1659,52026,2046,0.2568,2024,D_2021_2025,2
6888,409,16.73,0.1307,42235,1839,0.2834,2024,D_2021_2025,2
7331,469,15.52,0.1364,43232,1359,0.1968,2024,D_2021_2025,0
7088,280,25.26,0.2116,44253,1480,0.2259,2024,D_2021_2025,2
6987,386,18.03,0.1717,43676,1534,0.2306,2024,D_2021_2025,1
7954,358,22.16,0.1886,50321,2013,0.2695,2024,D_2021_2025,1
13141,581,22.52,0.137,83794,3119,0.2505,2024,D_2021_2025,1
38288,1611,23.73,0.0313,228197,4798,0.1378,2024,D_2021_2025,0
4536,292,15.35,0.1984,27029,1164,0.2804,2024,D_2021_2025,2
7168,335,21.28,0.1953,42636,1436,0.2151,2024,D_2021_2025,1
1855,118,15.61,0.6469,11039,594,0.3418,2024,D_2021_2025,1
7165,412,17.33,0.1396,44331,1647,0.2477,2024,D_2021_2025,0
6297,315,19.85,0.1747,37004,1775,0.2982,2024,D_2021_2025,1
5820,289,19.89,0.2234,34757,1492,0.2735,2024,D_2021_2025,1
7863,391,19.96,0.1399,47560,1786,0.2367,2024,D_2021_2025,0
4906,220,22.02,0.3261,29779,1138,0.2444,2024,D_2021_2025,1
5494,240,22.63,0.2548,32085,1431,0.2734,2024,D_2021_2025,1
9448,316,29.75,0.2117,55959,1725,0.1923,2024,D_2021_2025,1
8181,351,23.06,0.1589,47721,1595,0.2052,2024,D_2021_2025,1
2694,135,19.89,0.3341,16187,768,0.3018,2024,D_2021_2025,1
10356,516,19.98,0.2124,61626,2201,0.2272,2024,D_2021_2025,1
17717,1024,17.2,0.0903,120581,3429,0.2072,2024,D_2021_2025,1
8159,368,22.07,0.1961,49373,1638,0.213,2024,D_2021_2025,0
8350,372,22.38,0.2156,50199,1856,0.2364,2024,D_2021_2025,1
5782,364,16.01,0.2248,34200,1347,0.2454,2024,D_2021_2025,1
1743,87,19.8,0.459,10633,660,0.393,2024,D_2021_2025,1
3387,165,20.44,0.3248,20300,897,0.2826,2024,D_2021_2025,0
3299,164,20.07,0.3334,19434,927,0.3025,2024,D_2021_2025,0
10757,602,18.04,0.158,66978,2324,0.23,2024,D_2021_2025,0
7211,425,16.81,0.1387,42517,1447,0.2118,2024,D_2021_2025,0
5225,272,19.15,0.2105,30640,1188,0.2392,2024,D_2021_2025,0
7961,308,25.79,0.1759,45712,1719,0.228,2024,D_2021_2025,1
7129,273,25.92,0.1403,44433,1739,0.2601,2024,D_2021_2025,1
4432,212,20.79,0.3384,26023,932,0.2256,2024,D_2021_2025,2
8281,411,20.09,0.1087,49519,1882,0.2424,2024,D_2021_2025,0
7647,376,20.2,0.1831,45381,1689,0.2349,2024,D_2021_2025,1
9268,486,19.08,0.1403,56990,1941,0.2199,2024,D_2021_2025,2
8713,334,26.0,0.2295,52027,1809,0.218,2024,D_2021_2025,1
2465,108,22.56,0.4057,15115,765,0.3286,2024,D_2021_2025,1
6138,280,22.06,0.2281,36504,1332,0.2266,2024,D_2021_2025,1
4371,219,19.89,0.2517,25416,1120,0.2739,2024,D_2021_2025,1
22499,901,24.74,0.08,141035,3206,0.156,2024,D_2021_2025,0
3404,180,18.96,0.3231,20164,932,0.2847,2024,D_2021_2025,2
8037,283,28.24,0.1742,47143,1425,0.1874,2024,D_2021_2025,0
7975,387,20.33,0.2633,47582,1805,0.2403,2024,D_2021_2025,0
6990,347,20.0,0.1574,40552,1728,0.2604,2024,D_2021_2025,2
5239,265,19.79,0.2291,31461,1428,0.2838,2024,D_2021_2025,2
1902,92,20.52,0.5783,11562,632,0.3528,2024,D_2021_2025,1
11195,510,21.87,0.1519,69203,1957,0.1867,2024,D_2021_2025,0
6584,314,20.87,0.1823,39853,1444,0.2307,2024,D_2021_2025,2
3579,195,18.16,0.2515,20901,1109,0.3266,2024,D_2021_2025,0
3994,222,18.08,0.2754,24022,1051,0.2772,2024,D_2021_2025,1
19238,771,24.79,0.13,115552,3230,0.1798,2024,D_2021_2025,1
12958,604,21.37,0.1466,77605,2396,0.1951,2024,D_2021_2025,2
3180,144,22.01,0.4717,18788,1023,0.3399,2024,D_2021_2025,1
10501,570,18.36,0.1238,63917,1932,0.1992,2024,D_2021_2025,1
5185,179,28.81,0.2507,30740,1301,0.2633,2024,D_2021_2025,0
2728,187,14.49,0.4765,16415,795,0.3101,2024,D_2021_2025,2
24835,1045,23.65,0.0725,151813,3742,0.1621,2024,D_2021_2025,1
8660,423,20.57,0.1617,52386,1477,0.1791,2024,D_2021_2025,1
9546,417,22.9,0.1571,59119,1687,0.1898,2024,D_2021_2025,0
7021,311,22.46,0.1709,42560,1546,0.2313,2024,D_2021_2025,0
29151,1070,27.18,0.0892,173610,4510,0.1651,2024,D_2021_2025,0
4905,223,21.83,0.1835,28125,1249,0.2689,2024,D_2021_2025,0
7398,439,16.91,0.1352,44365,1596,0.2322,2024,D_2021_2025,1
16113,559,28.65,0.1303,95563,2936,0.192,2024,D_2021_2025,1
7283,361,20.08,0.151,42502,1786,0.2614,2024,D_2021_2025,1
4196,214,19.57,0.3575,26300,1255,0.321,2024,D_2021_2025,1
8670,352,24.58,0.173,49589,1322,0.1631,2024,D_2021_2025,1
5414,240,22.4,0.2216,32206,1204,0.2348,2024,D_2021_2025,1
27446,1152,23.64,0.0547,163311,4049,0.1587,2024,D_2021_2025,1
11925,535,22.16,0.0671,68655,1828,0.1657,2024,D_2021_2025,2
3102,177,17.78,0.2257,18652,909,0.314,2024,D_2021_2025,1
7640,302,25.13,0.1832,46018,1701,0.2374,2024,D_2021_2025,1
4756,230,20.6,0.2523,27693,1173,0.2586,2024,D_2021_2025,0
6317,295,21.49,0.2058,38438,1353,0.2243,2024,D_2021_2025,1
4449,192,23.08,0.2472,25801,1064,0.2493,2024,D_2021_2025,0
3466,137,25.26,0.3462,20690,919,0.2764,2024,D_2021_2025,1
2558,125,20.26,0.43,14972,725,0.2995,2024,D_2021_2025,0
1751,85,20.62,0.3998,10279,566,0.3455,2024,D_2021_2025,0
6973,352,19.9,0.1864,42363,1753,0.2669,2024,D_2021_2025,1
19235,921,20.78,0.104,115689,3921,0.2206,2024,D_2021_2025,1
4290,147,28.9,0.3963,25574,994,0.249,2024,D_2021_2025,1
6384,211,30.0,0.2193,37696,1459,0.2422,2024,D_2021_2025,1
3988,184,21.61,0.2257,23873,1231,0.3305,2024,D_2021_2025,0
4079,222,18.28,0.2697,24932,1352,0.3513,2024,D_2021_2025,1
8712,294,29.56,0.1722,53619,1879,0.2303,2024,D_2021_2025,1
4210,178,23.68,0.3325,24773,1187,0.2962,2024,D_2021_2025,0
6759,335,20.13,0.0888,41277,1263,0.2005,2024,D_2021_2025,0
29165,1254,23.17,0.0446,173060,3506,0.1307,2024,D_2021_2025,0
5277,202,26.0,0.2274,31071,948,0.1933,2024,D_2021_2025,1
25809,1021,25.14,0.0736,155578,3416,0.14,2024,D_2021_2025,1
7288,304,23.75,0.1647,43636,1530,0.2254,2024,D_2021_2025,1
7587,306,24.79,0.1977,46600,1542,0.2204,2024,D_2021_2025,1
8877,518,17.0,0.1464,54705,1683,0.2065,2024,D_2021_2025,0
13893,584,23.73,0.1224,83476,2109,0.1606,2024,D_2021_2025,0
7031,313,22.41,0.1138,40991,1414,0.2162,2024,D_2021_2025,1
12958,604,21.37,0.1466,77604,2396,0.1951,2024,D_2021_2025,2
6129,322,18.85,0.1632,36505,1547,0.2697,2024,D_2021_2025,1
4020,179,22.13,0.3483,25022,1221,0.3206,2024,D_2021_2025,0
6931,306,22.58,0.1443,40724,1486,0.2231,2024,D_2021_2025,0
10050,484,20.6,0.1692,59665,2118,0.2215,2024,D_2021_2025,1
4477,224,20.03,0.2904,26764,1138,0.2689,2024,D_2021_2025,1
5118,225,22.64,0.2345,30010,1179,0.2425,2024,D_2021_2025,1
5857,297,19.67,0.3244,34869,1446,0.2605,2024,D_2021_2025,1
18820,782,24.02,0.0744,114584,2953,0.1699,2024,D_2021_2025,2
6130,322,18.86,0.2121,37300,1529,0.2612,2024,D_2021_2025,1
1533,81,18.9,0.848,9152,462,0.3249,2024,D_2021_2025,2
3828,190,20.12,0.3135,22973,1013,0.2782,2024,D_2021_2025,1
7209,342,20.94,0.1526,42576,1831,0.2677,2025,D_2021_2025,0
6081,260,23.27,0.2631,37847,1300,0.2255,2025,D_2021_2025,1
1200,75,15.85,0.5833,7071,505,0.4417,2025,D_2021_2025,2
2354,110,21.36,0.5098,14403,700,0.3152,2025,D_2021_2025,1
2246,100,22.28,0.4898,12730,677,0.317,2025,D_2021_2025,1
2295,109,20.88,0.4357,14372,747,0.3508,2025,D_2021_2025,1
6942,341,20.18,0.2017,43264,1593,0.2434,2025,D_2021_2025,0
8552,404,21.13,0.1988,54180,2097,0.2609,2025,D_2021_2025,1
2742,172,15.85,0.3647,16122,844,0.3198,2025,D_2021_2025,1
5017,272,18.37,0.299,29048,1277,0.2703,2025,D_2021_2025,2
5128,250,20.64,0.2535,30642,1328,0.2754,2025,D_2021_2025,1
2761,119,22.94,0.4346,16014,794,0.3042,2025,D_2021_2025,1
4816,267,17.88,0.1453,29519,1276,0.2818,2025,D_2021_2025,1
2432,156,15.47,0.3701,14489,841,0.3631,2025,D_2021_2025,1
4498,228,19.5,0.2001,27967,1259,0.2892,2025,D_2021_2025,0
7365,302,24.21,0.1629,43358,1420,0.2048,2025,D_2021_2025,0
9602,475,20.1,0.125,56060,1627,0.1786,2025,D_2021_2025,1
18925,632,29.98,0.0634,115556,2521,0.1416,2025,D_2021_2025,0
6285,300,20.85,0.175,37309,1297,0.2231,2025,D_2021_2025,2
13566,549,24.51,0.1769,80941,2784,0.2185,2025,D_2021_2025,1
8500,366,23.08,0.1765,50530,1987,0.26,2025,D_2021_2025,1
3406,148,22.77,0.4404,20316,1047,0.3253,2025,D_2021_2025,2
5267,222,23.48,0.2278,32014,1239,0.2472,2025,D_2021_2025,1
9941,454,21.79,0.1408,60391,2166,0.2344,2025,D_2021_2025,1
16790,769,21.69,0.0893,96624,2554,0.1643,2025,D_2021_2025,0
24229,1204,20.05,0.0495,140423,4048,0.1761,2025,D_2021_2025,1
997,76,13.05,0.9027,6143,381,0.4183,2025,D_2021_2025,2
4613,231,19.94,0.2385,28027,1085,0.2515,2025,D_2021_2025,0
12300,576,21.17,0.1138,75165,2109,0.1841,2025,D_2021_2025,0
3432,175,19.54,0.3788,20885,939,0.2925,2025,D_2021_2025,1
23086,1129,20.37,0.065,134001,2778,0.1281,2025,D_2021_2025,0
2381,129,18.2,0.504,14401,745,0.3301,2025,D_2021_2025,1
2440,125,19.34,0.4508,14379,643,0.2795,2025,D_2021_2025,2
2227,150,14.89,0.5388,13281,565,0.2703,2025,D_2021_2025,1
3455,196,17.55,0.4342,20480,1131,0.347,2025,D_2021_2025,1
5424,241,22.41,0.2028,34020,1625,0.319,2025,D_2021_2025,2
1069,85,12.33,0.9355,6231,484,0.4864,2025,D_2021_2025,1
995,79,12.89,0.7035,6319,477,0.5055,2025,D_2021_2025,1
2755,146,19.03,0.1815,16252,816,0.306,2025,D_2021_2025,1
2607,152,17.12,0.3069,15901,712,0.2892,2025,D_2021_2025,0
4682,205,22.65,0.2777,27857,1455,0.3266,2025,D_2021_2025,0
3154,149,21.19,0.3171,18698,919,0.3066,2025,D_2021_2025,1
5609,227,24.52,0.2318,33758,1273,0.2368,2025,D_2021_2025,1
1065,82,13.02,1.1268,6428,435,0.4404,2025,D_2021_2025,0
4608,221,20.82,0.2387,26595,1295,0.293,2025,D_2021_2025,0
5968,259,23.0,0.2011,35225,1661,0.2912,2025,D_2021_2025,0
1724,109,15.74,0.6381,10578,604,0.3718,2025,D_2021_2025,1
5331,286,18.55,0.2814,32833,1348,0.2673,2025,D_2021_2025,1
962,61,15.67,0.7277,5832,404,0.4428,2025,D_2021_2025,2
2099,106,19.52,0.5717,12586,719,0.373,2025,D_2021_2025,1
9007,404,22.1,0.0999,54975,1624,0.1936,2025,D_2021_2025,1
5994,253,23.6,0.1835,36132,1414,0.2528,2025,D_2021_2025,2
3444,155,22.19,0.2613,19746,1066,0.331,2025,D_2021_2025,1
1209,85,14.24,0.9098,7143,463,0.4127,2025,D_2021_2025,1
21275,892,23.69,0.0611,123006,3611,0.1778,2025,D_2021_2025,2
3606,165,21.64,0.2496,21452,1044,0.3053,2025,D_2021_2025,2
6476,309,21.0,0.2471,39848,1401,0.2244,2025,D_2021_2025,1
1971,82,23.91,0.4566,11434,622,0.3267,2025,D_2021_2025,1
921,69,13.54,0.6515,5859,462,0.5396,2025,D_2021_2025,1
2713,125,21.62,0.4792,16759,836,0.3266,2025,D_2021_2025,1
3932,207,19.0,0.3306,23706,1172,0.3143,2025,D_2021_2025,1
6094,373,16.03,0.2297,36519,1382,0.2417,2025,D_2021_2025,1
9041,476,18.9,0.1659,51955,1785,0.2136,2025,D_2021_2025,1
2272,167,13.45,0.3961,13372,714,0.3327,2025,D_2021_2025,1
854,66,12.74,0.8197,5579,374,0.4649,2025,D_2021_2025,2
12375,493,25.05,0.1455,74927,2282,0.1964,2025,D_2021_2025,1
40974,1818,22.34,0.0513,257282,5529,0.1455,2025,D_2021_2025,0
3404,180,18.83,0.4407,20262,1032,0.3214,2025,D_2021_2025,0
11305,548,20.72,0.1327,65426,1884,0.1768,2025,D_2021_2025,1
6104,335,17.99,0.2621,35484,1274,0.2238,2025,D_2021_2025,1
4911,240,20.27,0.3054,29885,1389,0.2999,2025,D_2021_2025,1
8256,373,21.91,0.2059,49910,2053,0.268,2025,D_2021_2025,1
9585,514,18.54,0.1565,57832,2195,0.2421,2025,D_2021_2025,1
1917,78,24.46,0.4173,11610,601,0.3286,2025,D_2021_2025,0
1800,127,14.23,0.5556,10775,535,0.3233,2025,D_2021_2025,1
25685,912,28.05,0.0895,151116,2794,0.115,2025,D_2021_2025,0
2805,155,18.36,0.4635,16390,736,0.2731,2025,D_2021_2025,1
4243,206,20.6,0.3771,26294,1493,0.3695,2025,D_2021_2025,1
1102,85,13.13,0.5445,6825,502,0.4891,2025,D_2021_2025,1
2344,107,21.79,0.4693,13666,683,0.3089,2025,D_2021_2025,1
2690,129,20.78,0.3346,16445,798,0.3134,2025,D_2021_2025,1
1696,87,19.25,0.4717,10231,559,0.355,2025,D_2021_2025,1
3858,137,28.01,0.4147,23461,1081,0.2924,2025,D_2021_2025,1
4505,312,14.29,0.222,26987,1097,0.2573,2025,D_2021_2025,0
2022,120,16.59,0.4451,12823,636,0.3373,2025,D_2021_2025,1
1718,90,19.02,0.4075,10490,507,0.3126,2025,D_2021_2025,1
1249,54,23.07,0.9608,7462,478,0.4051,2025,D_2021_2025,0
2912,138,21.08,0.4808,16894,729,0.2665,2025,D_2021_2025,1
2972,138,21.37,0.4374,17541,873,0.3089,2025,D_2021_2025,1
5934,252,23.01,0.2022,35145,1040,0.1872,2025,D_2021_2025,1
1361,93,14.51,0.8082,8101,475,0.3659,2025,D_2021_2025,1
3166,205,15.37,0.3159,19442,867,0.2884,2025,D_2021_2025,2
2733,175,15.43,0.2927,16926,799,0.3169,2025,D_2021_2025,1
4814,214,22.06,0.2493,27444,1291,0.2792,2025,D_2021_2025,0
5665,313,17.98,0.2471,33875,1557,0.2927,2025,D_2021_2025,2
2452,112,21.91,0.367,14467,612,0.2631,2025,D_2021_2025,1
1988,98,20.07,0.4527,11591,684,0.3612,2025,D_2021_2025,0
2047,110,18.46,0.342,11763,632,0.3214,2025,D_2021_2025,1
13270,563,23.34,0.1733,78448,2656,0.2134,2025,D_2021_2025,1
5044,422,11.96,0.1784,31200,902,0.1879,2025,D_2021_2025,0
3013,174,17.18,0.3651,17462,989,0.3468,2025,D_2021_2025,1
6406,415,15.77,0.2185,37601,1265,0.2098,2025,D_2021_2025,2
1830,139,12.93,0.3279,10614,589,0.3366,2025,D_2021_2025,1
2204,110,19.86,0.4537,13593,847,0.402,2025,D_2021_2025,1
2986,139,21.17,0.3349,17924,967,0.3409,2025,D_2021_2025,1
2666,112,23.76,0.3751,15845,782,0.3158,2025,D_2021_2025,0
2878,164,17.26,0.3822,17033,1005,0.3725,2025,D_2021_2025,1
2328,87,26.61,0.3436,13453,674,0.3024,2025,D_2021_2025,0
2495,144,17.15,0.2405,15053,756,0.3222,2025,D_2021_2025,1
3696,205,18.08,0.3247,22089,998,0.2852,2025,D_2021_2025,1
3452,155,22.38,0.5214,21596,948,0.2885,2025,D_2021_2025,1
2138,116,18.48,0.5145,13640,610,0.3068,2025,D_2021_2025,1
7961,344,22.97,0.1131,47708,1633,0.2192,2025,D_2021_2025,1
2974,136,21.69,0.3026,17309,868,0.3077,2025,D_2021_2025,1
2404,143,16.69,0.3744,14838,942,0.4126,2025,D_2021_2025,1
14923,793,18.82,0.1072,89142,2561,0.1841,2025,D_2021_2025,0
25157,1248,20.03,0.0755,149224,3454,0.1488,2025,D_2021_2025,1
7518,335,22.49,0.2926,45353,1730,0.2453,2025,D_2021_2025,1
4307,225,19.11,0.2322,25593,966,0.2373,2025,D_2021_2025,0
2663,178,15.05,0.4131,16997,810,0.3263,2025,D_2021_2025,1
2157,122,17.43,0.4636,12627,689,0.3375,2025,D_2021_2025,1
3515,310,11.59,0.4836,21505,830,0.2512,2025,D_2021_2025,1
3531,242,14.61,0.4248,22630,907,0.2676,2025,D_2021_2025,2
7193,322,22.15,0.1668,42685,1343,0.197,2025,D_2021_2025,1
2199,132,16.65,0.5002,13296,614,0.2951,2025,D_2021_2025,0
22001,914,23.88,0.0955,129598,3292,0.16,2025,D_2021_2025,0
2285,144,15.8,0.5689,13603,721,0.3304,2025,D_2021_2025,2
6464,315,20.43,0.2011,38412,1702,0.2826,2025,D_2021_2025,1
4210,207,20.29,0.4276,25010,1194,0.2971,2025,D_2021_2025,1
4750,258,18.59,0.3158,28389,983,0.2219,2025,D_2021_2025,1
11996,489,24.4,0.1334,70955,1951,0.1748,2025,D_2021_2025,1
915,82,11.49,0.6557,5861,430,0.5005,2025,D_2021_2025,1
16879,834,20.27,0.0829,98172,2639,0.1643,2025,D_2021_2025,0
4561,211,21.57,0.2193,27108,1241,0.289,2025,D_2021_2025,0
7102,323,21.84,0.169,42714,1624,0.2451,2025,D_2021_2025,1
11704,527,22.19,0.2136,67924,2586,0.2352,2025,D_2021_2025,1
19618,1029,18.88,0.0918,116601,2707,0.1465,2025,D_2021_2025,1
1570,107,14.79,0.3822,9635,581,0.3936,2025,D_2021_2025,1
7020,343,20.4,0.1994,44003,1584,0.2385,2025,D_2021_2025,0
1771,148,12.25,0.3953,11107,705,0.4291,2025,D_2021_2025,1
4478,195,22.9,0.1787,26561,996,0.2347,2025,D_2021_2025,0
9836,535,18.11,0.1932,62145,1872,0.2037,2025,D_2021_2025,1
3149,133,23.65,0.254,18882,934,0.3138,2025,D_2021_2025,1
4546,224,20.21,0.22,29324,1471,0.3478,2025,D_2021_2025,1
4458,189,23.44,0.2243,26988,1166,0.275,2025,D_2021_2025,1
4405,189,23.18,0.1816,26449,1183,0.2826,2025,D_2021_2025,1
2886,114,25.11,0.3465,17309,838,0.3035,2025,D_2021_2025,0
3107,207,15.25,0.2897,20444,751,0.263,2025,D_2021_2025,1
3847,180,21.32,0.2859,22798,1078,0.2979,2025,D_2021_2025,0
14933,493,30.17,0.0871,97075,2318,0.1636,2025,D_2021_2025,0
6626,422,15.54,0.166,39914,2000,0.3216,2025,D_2021_2025,2
2705,138,19.55,0.5545,16211,771,0.2983,2025,D_2021_2025,1
5214,203,25.7,0.1726,31214,1020,0.2066,2025,D_2021_2025,0
3735,176,21.23,0.2945,22571,841,0.2367,2025,D_2021_2025,1
5118,257,19.8,0.254,30333,1163,0.2403,2025,D_2021_2025,1
8372,362,23.06,0.1672,50096,1660,0.2101,2025,D_2021_2025,1
1293,86,14.86,0.7734,7701,489,0.4014,2025,D_2021_2025,1
3731,161,22.99,0.4288,22338,954,0.2728,2025,D_2021_2025,1
1234,62,19.71,0.7293,7215,480,0.4109,2025,D_2021_2025,1
2387,104,22.82,0.4608,14036,751,0.3276,2025,D_2021_2025,1
3428,163,20.94,0.3501,20450,871,0.2681,2025,D_2021_2025,1
2437,140,17.41,0.4924,15211,680,0.2942,2025,D_2021_2025,1
7280,313,23.21,0.2198,42720,1736,0.2466,2025,D_2021_2025,1
2696,142,18.99,0.3338,15796,696,0.2749,2025,D_2021_2025,2
2717,120,22.59,0.3312,16023,723,0.286,2025,D_2021_2025,0
3078,205,14.93,0.2274,19063,857,0.2956,2025,D_2021_2025,1
5820,258,22.36,0.189,33947,1368,0.2488,2025,D_2021_2025,1
4287,255,16.85,0.2566,26079,966,0.2426,2025,D_2021_2025,0
3803,164,23.02,0.3155,23330,955,0.2829,2025,D_2021_2025,1
3190,141,22.48,0.2821,18563,862,0.2846,2025,D_2021_2025,0
6675,356,18.72,0.1798,39993,1420,0.2325,2025,D_2021_2025,1
3351,148,22.6,0.3283,20433,1106,0.3557,2025,D_2021_2025,1
828,51,16.33,1.087,5048,357,0.4529,2025,D_2021_2025,0
1132,87,13.17,0.6184,7057,533,0.5,2025,D_2021_2025,1
4681,210,22.13,0.2136,30156,1174,0.2623,2025,D_2021_2025,0
3147,155,20.22,0.4131,19439,1009,0.3397,2025,D_2021_2025,2
964,79,12.25,0.7261,6017,446,0.4927,2025,D_2021_2025,1
1129,57,19.7,0.5314,6650,394,0.3632,2025,D_2021_2025,1
12489,737,16.92,0.1201,79024,3033,0.2606,2025,D_2021_2025,1
2171,138,15.85,0.3224,13498,814,0.3971,2025,D_2021_2025,2
1630,92,17.61,0.5521,9822,546,0.3626,2025,D_2021_2025,1
5126,333,15.34,0.2146,32579,1132,0.2392,2025,D_2021_2025,0
1069,88,12.31,0.6548,6618,478,0.4836,2025,D_2021_2025,1
1164,64,18.38,0.6873,7292,484,0.4296,2025,D_2021_2025,1
3650,202,17.93,0.274,22098,1100,0.3159,2025,D_2021_2025,1
9500,415,22.85,0.1263,56527,1557,0.1762,2025,D_2021_2025,1
8627,467,18.39,0.1971,54031,1814,0.2273,2025,D_2021_2025,1
16077,758,21.08,0.1182,94363,3293,0.2184,2025,D_2021_2025,1
2438,119,20.24,0.4922,14712,784,0.3548,2025,D_2021_2025,0
2700,124,21.61,0.2963,16371,788,0.3078,2025,D_2021_2025,1
8980,436,20.56,0.167,54167,1747,0.2071,2025,D_2021_2025,0
9626,890,10.83,0.0935,56237,1334,0.1482,2025,D_2021_2025,1
812,49,16.22,1.3547,4942,385,0.4938,2025,D_2021_2025,1
4385,212,20.46,0.2965,26641,1135,0.2755,2025,D_2021_2025,1
3611,181,20.0,0.3323,21705,877,0.2564,2025,D_2021_2025,1
1885,88,21.32,0.4775,11241,643,0.3586,2025,D_2021_2025,2
5340,222,24.0,0.3558,30875,1052,0.2112,2025,D_2021_2025,1
3052,153,19.8,0.6225,18323,890,0.3083,2025,D_2021_2025,1
2689,175,15.65,0.2603,16152,892,0.3537,2025,D_2021_2025,1
2891,124,23.14,0.3805,16671,759,0.2778,2025,D_2021_2025,0
1093,88,12.42,0.5489,6984,417,0.398,2025,D_2021_2025,1
2025,131,15.22,0.5432,12112,716,0.3817,2025,D_2021_2025,1
2723,184,14.78,0.2938,15741,735,0.2861,2025,D_2021_2025,0
1285,67,19.06,0.5447,7771,501,0.4171,2025,D_2021_2025,0
1333,91,14.68,0.7502,8302,343,0.2678,2025,D_2021_2025,1
2303,175,13.03,0.4776,13278,676,0.3096,2025,D_2021_2025,0
1308,63,20.57,0.6881,7766,594,0.4786,2025,D_2021_2025,1
3677,173,21.06,0.3535,22729,1127,0.322,2025,D_2021_2025,1
5608,247,22.68,0.2318,35322,1296,0.2496,2025,D_2021_2025,1
6738,274,24.45,0.2671,42345,1613,0.2593,2025,D_2021_2025,1
3527,202,17.4,0.1701,21197,940,0.2909,2025,D_2021_2025,2
1962,124,15.76,0.6116,11918,676,0.3634,2025,D_2021_2025,2
18459,658,28.0,0.0758,108754,2887,0.1682,2025,D_2021_2025,1
4164,242,17.05,0.3122,25538,1112,0.2855,2025,D_2021_2025,2
2679,95,27.95,0.3359,15870,758,0.3027,2025,D_2021_2025,0
16012,811,19.78,0.0999,93470,2780,0.1857,2025,D_2021_2025,1
4956,290,17.17,0.2421,31246,1196,0.27,2025,D_2021_2025,2
4687,213,21.71,0.1493,28266,1060,0.2426,2025,D_2021_2025,1
6788,330,20.78,0.1768,41115,1352,0.2107,2025,D_2021_2025,1
9838,354,27.64,0.2135,60113,2232,0.2394,2025,D_2021_2025,1
1189,55,21.45,0.6728,7175,462,0.4079,2025,D_2021_2025,0
7970,311,25.5,0.1757,48434,1963,0.2625,2025,D_2021_2025,1
1699,106,15.97,0.4709,10421,719,0.4491,2025,D_2021_2025,0
6187,288,21.38,0.2586,38148,1538,0.2798,2025,D_2021_2025,0
753,51,14.55,1.1952,4583,317,0.4568,2025,D_2021_2025,1
5374,246,21.85,0.3349,33096,1329,0.2603,2025,D_2021_2025,1
10031,406,24.6,0.0997,62684,1838,0.1935,2025,D_2021_2025,1
6207,314,19.85,0.2094,37111,1592,0.2771,2025,D_2021_2025,1
27477,1159,23.65,0.0437,160561,3506,0.1348,2025,D_2021_2025,1
3379,185,18.12,0.2959,19939,953,0.2945,2025,D_2021_2025,0
4164,130,31.83,0.2642,24910,852,0.2154,2025,D_2021_2025,0
1480,70,20.94,0.7432,8951,498,0.3595,2025,D_2021_2025,1
6973,313,22.13,0.1721,39467,1102,0.1691,2025,D_2021_2025,0
7558,367,20.45,0.1852,43417,2036,0.2834,2025,D_2021_2025,1
3355,182,18.49,0.4173,19743,1004,0.3145,2025,D_2021_2025,1
2507,132,18.82,0.3191,15478,783,0.3239,2025,D_2021_2025,2
2910,127,22.85,0.3436,17455,745,0.2759,2025,D_2021_2025,0
2735,173,15.71,0.3656,16531,744,0.2918,2025,D_2021_2025,0
3957,145,27.18,0.3538,23713,1047,0.2815,2025,D_2021_2025,1
2239,95,23.37,0.4913,13034,688,0.322,2025,D_2021_2025,1
1886,141,13.45,0.3181,11774,657,0.3738,2025,D_2021_2025,2
3312,192,17.22,0.2717,20751,837,0.2708,2025,D_2021_2025,0
1067,68,15.74,1.2184,6446,426,0.4133,2025,D_2021_2025,1
2125,104,20.21,0.4706,12693,760,0.3727,2025,D_2021_2025,1
24811,1115,22.22,0.0564,152321,3522,0.1548,2025,D_2021_2025,0
2831,132,21.31,0.6005,17136,951,0.3539,2025,D_2021_2025,1
2940,158,18.49,0.4082,17987,1017,0.3643,2025,D_2021_2025,1
5107,268,19.12,0.3525,30090,1204,0.2479,2025,D_2021_2025,1
2474,112,21.96,0.3638,15221,710,0.3088,2025,D_2021_2025,1
8098,409,19.58,0.1729,46661,1962,0.2536,2025,D_2021_2025,2
845,72,11.79,0.7101,5231,393,0.4994,2025,D_2021_2025,1
5976,237,25.28,0.3514,36060,1591,0.2821,2025,D_2021_2025,1
3046,153,19.9,0.3611,17505,811,0.28,2025,D_2021_2025,0
2996,181,16.34,0.267,17854,928,0.3251,2025,D_2021_2025,2
1972,104,19.08,0.7099,11927,671,0.36,2025,D_2021_2025,1
1924,114,16.78,0.5198,11103,612,0.329,2025,D_2021_2025,1
2242,129,17.3,0.446,13046,629,0.2939,2025,D_2021_2025,1
3243,160,20.26,0.2467,19451,946,0.3105,2025,D_2021_2025,1
4674,289,16.35,0.2781,28377,1080,0.2469,2025,D_2021_2025,1
1005,54,18.46,0.6965,5909,370,0.3831,2025,D_2021_2025,1
3410,171,19.98,0.2639,20639,976,0.3076,2025,D_2021_2025,1
2854,134,21.36,0.2803,17432,841,0.3122,2025,D_2021_2025,1
4157,201,20.52,0.3127,24833,952,0.2454,2025,D_2021_2025,1
